experiment,cell,metric,group_var,statistic,df,n,p_value,tripwire_ok
exp1,per_load/high,median_latency,graph_type,25.30064516129032,2,30,3.206525580636636e-6,TRUE
exp1,per_load/high,drop_rate,graph_type,25.550967741935494,2,30,2.8292925186636824e-6,TRUE
exp1,per_load/high,utilisation,graph_type,25.80645161290323,2,30,2.4900050821849317e-6,TRUE
exp1,per_load/high,welfare,graph_type,25.80645161290323,2,30,2.4900050821849317e-6,TRUE
exp1,per_load/high,arm_exact_ratio,graph_type,25.80645161290323,2,30,2.4900050821849317e-6,TRUE
exp1,per_load/high,mean_price_volatility,graph_type,25.80645161290323,2,30,2.4900050821849317e-6,TRUE
exp1,per_load/high,mean_price_volatility_tail,graph_type,25.80645161290323,2,30,2.4900050821849317e-6,TRUE
exp1,per_load/high,greedy_exact_ratio,graph_type,27.488151658767777,2,30,1.0740480437727985e-6,TRUE
exp1,per_load/high,tokens_admitted,graph_type,25.80645161290323,2,30,2.4900050821849317e-6,TRUE
exp1,per_load/high,served_among_admitted,graph_type,NA,2,30,NA,TRUE
exp1,per_load/high,welfare_over_optimum,graph_type,25.055483870967734,2,30,3.6246894746808065e-6,TRUE
exp1,per_load/high,alloc_ratio_true,graph_type,25.80645161290323,2,30,2.4900050821849317e-6,TRUE
exp1,per_load/high,resid_excess,graph_type,25.556653315531833,2,30,2.821260864792205e-6,TRUE
exp1,per_load/high,price_volatility_cleared,graph_type,25.80645161290323,2,30,2.4900050821849317e-6,TRUE
exp1,per_load/low,median_latency,graph_type,17.576774193548403,2,30,1.5249372706326654e-4,TRUE
exp1,per_load/low,drop_rate,graph_type,25.00283607487237,2,30,3.7213723834318804e-6,TRUE
exp1,per_load/low,utilisation,graph_type,25.80645161290323,2,30,2.4900050821849317e-6,TRUE
exp1,per_load/low,welfare,graph_type,19.447741935483876,2,30,5.9837920988434107e-5,TRUE
exp1,per_load/low,arm_exact_ratio,graph_type,25.00283607487237,2,30,3.7213723834318804e-6,TRUE
exp1,per_load/low,mean_price_volatility,graph_type,NA,2,30,NA,TRUE
exp1,per_load/low,mean_price_volatility_tail,graph_type,NA,2,30,NA,TRUE
exp1,per_load/low,greedy_exact_ratio,graph_type,NA,2,30,NA,TRUE
exp1,per_load/low,tokens_admitted,graph_type,19.412469328574627,2,30,6.090260164030085e-5,TRUE
exp1,per_load/low,served_among_admitted,graph_type,NA,2,30,NA,TRUE
exp1,per_load/low,welfare_over_optimum,graph_type,0.033548387096786314,2,30,0.9833657098881806,TRUE
exp1,per_load/low,alloc_ratio_true,graph_type,25.00283607487237,2,30,3.7213723834318804e-6,TRUE
exp1,per_load/low,resid_excess,graph_type,NA,2,30,NA,TRUE
exp1,per_load/low,price_volatility_cleared,graph_type,NA,2,30,NA,TRUE
exp1,per_load/medium,median_latency,graph_type,25.80645161290323,2,30,2.4900050821849317e-6,TRUE
exp1,per_load/medium,drop_rate,graph_type,25.80645161290323,2,30,2.4900050821849317e-6,TRUE
exp1,per_load/medium,utilisation,graph_type,25.80645161290323,2,30,2.4900050821849317e-6,TRUE
exp1,per_load/medium,welfare,graph_type,25.80645161290323,2,30,2.4900050821849317e-6,TRUE
exp1,per_load/medium,arm_exact_ratio,graph_type,25.80645161290323,2,30,2.4900050821849317e-6,TRUE
exp1,per_load/medium,mean_price_volatility,graph_type,25.80645161290323,2,30,2.4900050821849317e-6,TRUE
exp1,per_load/medium,mean_price_volatility_tail,graph_type,25.80645161290323,2,30,2.4900050821849317e-6,TRUE
exp1,per_load/medium,greedy_exact_ratio,graph_type,23.8477157360406,2,30,6.630317490098896e-6,TRUE
exp1,per_load/medium,tokens_admitted,graph_type,21.677419354838705,2,30,1.9624933606312634e-5,TRUE
exp1,per_load/medium,served_among_admitted,graph_type,NA,2,30,NA,TRUE
exp1,per_load/medium,welfare_over_optimum,graph_type,23.69290322580646,2,30,7.1639316619454545e-6,TRUE
exp1,per_load/medium,alloc_ratio_true,graph_type,25.80645161290323,2,30,2.4900050821849317e-6,TRUE
exp1,per_load/medium,resid_excess,graph_type,14.142031250000013,2,30,8.493700295220373e-4,TRUE
exp1,per_load/medium,price_volatility_cleared,graph_type,25.80645161290323,2,30,2.4900050821849317e-6,TRUE
exp2,entangled_high,exp2_onset_N,N,40,NA,10,NA,NA
exp2,entangled_high,exp2_onset_rho,N,0.6,NA,10,NA,NA
exp2,entangled_high,exp2_onset_seeds_nonzero,N,0.3,NA,10,NA,NA
exp2,entangled_high,exp2_onset_N_all_seeds,N,50,NA,10,NA,NA
exp2,entangled_high,exp2_onset_rho_all_seeds,N,0.75,NA,10,NA,NA
exp2,entangled_medium,exp2_onset_N,N,60,NA,10,NA,NA
exp2,entangled_medium,exp2_onset_rho,N,0.6,NA,10,NA,NA
exp2,entangled_medium,exp2_onset_seeds_nonzero,N,0.2,NA,10,NA,NA
exp2,entangled_medium,exp2_onset_N_all_seeds,N,70,NA,10,NA,NA
exp2,entangled_medium,exp2_onset_rho_all_seeds,N,0.7000000000000001,NA,10,NA,NA
exp2,sp_high,exp2_onset_N,N,30,NA,10,NA,NA
exp2,sp_high,exp2_onset_rho,N,0.8999999999999999,NA,10,NA,NA
exp2,sp_high,exp2_onset_seeds_nonzero,N,1,NA,10,NA,NA
exp2,sp_high,exp2_onset_N_all_seeds,N,30,NA,10,NA,NA
exp2,sp_high,exp2_onset_rho_all_seeds,N,0.8999999999999999,NA,10,NA,NA
exp2,sp_medium,exp2_onset_N,N,30,NA,10,NA,NA
exp2,sp_medium,exp2_onset_rho,N,0.6,NA,10,NA,NA
exp2,sp_medium,exp2_onset_seeds_nonzero,N,0.1,NA,10,NA,NA
exp2,sp_medium,exp2_onset_N_all_seeds,N,40,NA,10,NA,NA
exp2,sp_medium,exp2_onset_rho_all_seeds,N,0.8,NA,10,NA,NA
exp2,tree_high,exp2_onset_N,N,40,NA,10,NA,NA
exp2,tree_high,exp2_onset_rho,N,0.6,NA,10,NA,NA
exp2,tree_high,exp2_onset_seeds_nonzero,N,0.2,NA,10,NA,NA
exp2,tree_high,exp2_onset_N_all_seeds,N,50,NA,10,NA,NA
exp2,tree_high,exp2_onset_rho_all_seeds,N,0.75,NA,10,NA,NA
exp2,tree_medium,exp2_onset_N,N,60,NA,10,NA,NA
exp2,tree_medium,exp2_onset_rho,N,0.6,NA,10,NA,NA
exp2,tree_medium,exp2_onset_seeds_nonzero,N,0.2,NA,10,NA,NA
exp2,tree_medium,exp2_onset_N_all_seeds,N,75,NA,10,NA,NA
exp2,tree_medium,exp2_onset_rho_all_seeds,N,0.75,NA,10,NA,NA
exp3,per_topo_load/entangled_high_skewed,median_latency,policy,34.004440428194066,5,60,2.3761628655526345e-6,TRUE
exp3,per_topo_load/entangled_high_skewed,drop_rate,policy,41.58347560127901,5,60,7.151588900829567e-8,TRUE
exp3,per_topo_load/entangled_high_skewed,utilisation,policy,43.51389445000554,5,60,2.906850855433574e-8,TRUE
exp3,per_topo_load/entangled_high_skewed,welfare,policy,25.777742249409155,5,60,9.854258503597362e-5,TRUE
exp3,per_topo_load/entangled_high_skewed,arm_exact_ratio,policy,26.838807173641044,5,60,6.131661183557382e-5,TRUE
exp3,per_topo_load/entangled_high_skewed,mean_price_volatility,policy,45.304092868066185,5,60,1.2583321912012295e-8,TRUE
exp3,per_topo_load/entangled_high_skewed,mean_price_volatility_tail,policy,44.33555123036283,5,60,1.9799167231670067e-8,TRUE
exp3,per_topo_load/entangled_high_skewed,greedy_exact_ratio,policy,NA,5,60,NA,TRUE
exp3,per_topo_load/entangled_high_skewed,tokens_admitted,policy,41.618910051438874,5,60,7.034559815030359e-8,TRUE
exp3,per_topo_load/entangled_high_skewed,welfare_over_optimum,policy,25.883389406367264,5,60,9.400473234498866e-5,TRUE
exp3,per_topo_load/entangled_high_skewed,alloc_ratio_true,policy,41.319685805644376,5,60,8.08598670604788e-8,TRUE
exp3,per_topo_load/entangled_high_skewed,resid_excess,policy,39.92077922077923,5,60,1.5493189605178462e-7,TRUE
exp3,per_topo_load/entangled_high_skewed,price_volatility_cleared,policy,44.33555123036283,5,60,1.9799167231670067e-8,TRUE
exp3,per_topo_load/entangled_high_uniform,median_latency,policy,41.99792002669482,5,60,5.896118648538648e-8,TRUE
exp3,per_topo_load/entangled_high_uniform,drop_rate,policy,47.992747900561675,5,60,3.564050445120436e-9,TRUE
exp3,per_topo_load/entangled_high_uniform,utilisation,policy,46.79771981536062,5,60,6.247299818903882e-9,TRUE
exp3,per_topo_load/entangled_high_uniform,welfare,policy,47.421811912574356,5,60,4.660628005406092e-9,TRUE
exp3,per_topo_load/entangled_high_uniform,arm_exact_ratio,policy,44.96022468160835,5,60,1.4781438458123896e-8,TRUE
exp3,per_topo_load/entangled_high_uniform,mean_price_volatility,policy,41.89948278738669,5,60,6.172824845946036e-8,TRUE
exp3,per_topo_load/entangled_high_uniform,mean_price_volatility_tail,policy,41.75838941104497,5,60,6.592149011690598e-8,TRUE
exp3,per_topo_load/entangled_high_uniform,greedy_exact_ratio,policy,42.21382536382535,5,60,5.331736474168443e-8,TRUE
exp3,per_topo_load/entangled_high_uniform,tokens_admitted,policy,49.4359224650982,5,60,1.8075386908028635e-9,TRUE
exp3,per_topo_load/entangled_high_uniform,welfare_over_optimum,policy,46.31275234970246,5,60,7.843329934728924e-9,TRUE
exp3,per_topo_load/entangled_high_uniform,alloc_ratio_true,policy,45.37431733496465,5,60,1.2176200251284914e-8,TRUE
exp3,per_topo_load/entangled_high_uniform,resid_excess,policy,44.75671977976142,5,60,1.6258503047717906e-8,TRUE
exp3,per_topo_load/entangled_high_uniform,price_volatility_cleared,policy,41.75838941104497,5,60,6.592149011690598e-8,TRUE
exp3,per_topo_load/entangled_medium_skewed,median_latency,policy,41.11884525531203,5,60,8.878117746467084e-8,TRUE
exp3,per_topo_load/entangled_medium_skewed,drop_rate,policy,35.31598620536208,5,60,1.3012241787406509e-6,TRUE
exp3,per_topo_load/entangled_medium_skewed,utilisation,policy,38.28797419067747,5,60,3.3025471275093915e-7,TRUE
exp3,per_topo_load/entangled_medium_skewed,welfare,policy,25.605829346979647,5,60,1.0639478587694343e-4,TRUE
exp3,per_topo_load/entangled_medium_skewed,arm_exact_ratio,policy,30.512103682278315,5,60,1.1691538503411276e-5,TRUE
exp3,per_topo_load/entangled_medium_skewed,mean_price_volatility,policy,46.41804856340219,5,60,7.465394563239138e-9,TRUE
exp3,per_topo_load/entangled_medium_skewed,mean_price_volatility_tail,policy,44.11404055294409,5,60,2.1959805204745883e-8,TRUE
exp3,per_topo_load/entangled_medium_skewed,greedy_exact_ratio,policy,NA,5,60,NA,TRUE
exp3,per_topo_load/entangled_medium_skewed,tokens_admitted,policy,37.46444190963723,5,60,4.833248409644489e-7,TRUE
exp3,per_topo_load/entangled_medium_skewed,welfare_over_optimum,policy,14.65253087106465,5,60,0.011954922836624263,TRUE
exp3,per_topo_load/entangled_medium_skewed,alloc_ratio_true,policy,32.30789854266329,5,60,5.1627637432601994e-6,TRUE
exp3,per_topo_load/entangled_medium_skewed,resid_excess,policy,22.656466429128177,5,60,3.926183168585398e-4,TRUE
exp3,per_topo_load/entangled_medium_skewed,price_volatility_cleared,policy,44.11404055294409,5,60,2.1959805204745883e-8,TRUE
exp3,per_topo_load/entangled_medium_uniform,median_latency,policy,50.6092097213726,5,60,1.0399051218987488e-9,TRUE
exp3,per_topo_load/entangled_medium_uniform,drop_rate,policy,50.876959012290726,5,60,9.16552616749652e-10,TRUE
exp3,per_topo_load/entangled_medium_uniform,utilisation,policy,50.867115288359905,5,60,9.208178698615892e-10,TRUE
exp3,per_topo_load/entangled_medium_uniform,welfare,policy,36.406028585729345,5,60,7.877412942687565e-7,TRUE
exp3,per_topo_load/entangled_medium_uniform,arm_exact_ratio,policy,48.345153217284924,5,60,3.0198990100866867e-9,TRUE
exp3,per_topo_load/entangled_medium_uniform,mean_price_volatility,policy,41.34529246516287,5,60,7.99019108840701e-8,TRUE
exp3,per_topo_load/entangled_medium_uniform,mean_price_volatility_tail,policy,41.04202987233329,5,60,9.201122393536479e-8,TRUE
exp3,per_topo_load/entangled_medium_uniform,greedy_exact_ratio,policy,34.077613403439976,5,60,2.297775070940198e-6,TRUE
exp3,per_topo_load/entangled_medium_uniform,tokens_admitted,policy,50.867115288359905,5,60,9.208178698615892e-10,TRUE
exp3,per_topo_load/entangled_medium_uniform,welfare_over_optimum,policy,45.01600578388295,5,60,1.4400469383757717e-8,TRUE
exp3,per_topo_load/entangled_medium_uniform,alloc_ratio_true,policy,49.73114954674377,5,60,1.5729158889568412e-9,TRUE
exp3,per_topo_load/entangled_medium_uniform,resid_excess,policy,37.85654097676361,5,60,4.0320726573285677e-7,TRUE
exp3,per_topo_load/entangled_medium_uniform,price_volatility_cleared,policy,41.04202987233329,5,60,9.201122393536479e-8,TRUE
exp3,per_topo_load/sp_high_skewed,median_latency,policy,41.03117663421419,5,60,9.24769392636266e-8,TRUE
exp3,per_topo_load/sp_high_skewed,drop_rate,policy,45.19843115438106,5,60,1.3221599642768259e-8,TRUE
exp3,per_topo_load/sp_high_skewed,utilisation,policy,42.825301808066726,5,60,4.008917426037148e-8,TRUE
exp3,per_topo_load/sp_high_skewed,welfare,policy,41.391577190542414,5,60,7.819898026466328e-8,TRUE
exp3,per_topo_load/sp_high_skewed,arm_exact_ratio,policy,50.10421140472882,5,60,1.3193918090613162e-9,TRUE
exp3,per_topo_load/sp_high_skewed,mean_price_volatility,policy,49.36371627260082,5,60,1.8700469736017927e-9,TRUE
exp3,per_topo_load/sp_high_skewed,mean_price_volatility_tail,policy,48.65473157162724,5,60,2.610710935240506e-9,TRUE
exp3,per_topo_load/sp_high_skewed,greedy_exact_ratio,policy,NA,5,60,NA,TRUE
exp3,per_topo_load/sp_high_skewed,tokens_admitted,policy,40.23800985605698,5,60,1.3370905087146997e-7,TRUE
exp3,per_topo_load/sp_high_skewed,welfare_over_optimum,policy,43.947860917941554,5,60,2.3733636578858742e-8,TRUE
exp3,per_topo_load/sp_high_skewed,alloc_ratio_true,policy,50.10421140472882,5,60,1.3193918090613162e-9,TRUE
exp3,per_topo_load/sp_high_skewed,resid_excess,policy,50.33523543384102,5,60,1.183279962250977e-9,TRUE
exp3,per_topo_load/sp_high_skewed,price_volatility_cleared,policy,48.65473157162724,5,60,2.610710935240506e-9,TRUE
exp3,per_topo_load/sp_high_uniform,median_latency,policy,45.06254242002785,5,60,1.4090138303627172e-8,TRUE
exp3,per_topo_load/sp_high_uniform,drop_rate,policy,50.48627538247562,5,60,1.1019594630931462e-9,TRUE
exp3,per_topo_load/sp_high_uniform,utilisation,policy,50.87621696801113,5,60,9.168734540774579e-10,TRUE
exp3,per_topo_load/sp_high_uniform,welfare,policy,45.85424200278164,5,60,9.724292235531871e-9,TRUE
exp3,per_topo_load/sp_high_uniform,arm_exact_ratio,policy,50.87621696801113,5,60,9.168734540774579e-10,TRUE
exp3,per_topo_load/sp_high_uniform,mean_price_volatility,policy,49.63063900877073,5,60,1.6491686603583181e-9,TRUE
exp3,per_topo_load/sp_high_uniform,mean_price_volatility_tail,policy,49.28894333843802,5,60,1.937050438508482e-9,TRUE
exp3,per_topo_load/sp_high_uniform,greedy_exact_ratio,policy,NA,5,60,NA,TRUE
exp3,per_topo_load/sp_high_uniform,tokens_admitted,policy,50.87621696801113,5,60,9.168734540774579e-10,TRUE
exp3,per_topo_load/sp_high_uniform,welfare_over_optimum,policy,41.91543810848399,5,60,6.127111506058027e-8,TRUE
exp3,per_topo_load/sp_high_uniform,alloc_ratio_true,policy,50.87621696801113,5,60,9.168734540774579e-10,TRUE
exp3,per_topo_load/sp_high_uniform,resid_excess,policy,51.085104600173175,5,60,8.308386299718067e-10,TRUE
exp3,per_topo_load/sp_high_uniform,price_volatility_cleared,policy,49.28894333843802,5,60,1.937050438508482e-9,TRUE
exp3,per_topo_load/sp_medium_skewed,median_latency,policy,49.290848400556335,5,60,1.93531395795957e-9,TRUE
exp3,per_topo_load/sp_medium_skewed,drop_rate,policy,50.81122670375518,5,60,9.454122781035749e-10,TRUE
exp3,per_topo_load/sp_medium_skewed,utilisation,policy,50.87621696801113,5,60,9.168734540774579e-10,TRUE
exp3,per_topo_load/sp_medium_skewed,welfare,policy,49.36371627260082,5,60,1.8700469736017927e-9,TRUE
exp3,per_topo_load/sp_medium_skewed,arm_exact_ratio,policy,49.524550764951286,5,60,1.7336559007014187e-9,TRUE
exp3,per_topo_load/sp_medium_skewed,mean_price_volatility,policy,41.53098784406876,5,60,7.328513906029469e-8,TRUE
exp3,per_topo_load/sp_medium_skewed,mean_price_volatility_tail,policy,40.90578734106466,5,60,9.803076283703723e-8,TRUE
exp3,per_topo_load/sp_medium_skewed,greedy_exact_ratio,policy,NA,5,60,NA,TRUE
exp3,per_topo_load/sp_medium_skewed,tokens_admitted,policy,50.917290721305086,5,60,8.992818517809768e-10,TRUE
exp3,per_topo_load/sp_medium_skewed,welfare_over_optimum,policy,50.48627538247562,5,60,1.1019594630931462e-9,TRUE
exp3,per_topo_load/sp_medium_skewed,alloc_ratio_true,policy,50.87621696801113,5,60,9.168734540774579e-10,TRUE
exp3,per_topo_load/sp_medium_skewed,resid_excess,policy,35.55933880449335,5,60,1.1634223671192352e-6,TRUE
exp3,per_topo_load/sp_medium_skewed,price_volatility_cleared,policy,40.90578734106466,5,60,9.803076283703723e-8,TRUE
exp3,per_topo_load/sp_medium_uniform,median_latency,policy,50.39305702364396,5,60,1.151464444273824e-9,TRUE
exp3,per_topo_load/sp_medium_uniform,drop_rate,policy,49.90727121001393,5,60,1.4476835888152112e-9,TRUE
exp3,per_topo_load/sp_medium_uniform,utilisation,policy,50.87621696801113,5,60,9.168734540774579e-10,TRUE
exp3,per_topo_load/sp_medium_uniform,welfare,policy,50.87621696801113,5,60,9.168734540774579e-10,TRUE
exp3,per_topo_load/sp_medium_uniform,arm_exact_ratio,policy,50.50596940194713,5,60,1.0917754696555347e-9,TRUE
exp3,per_topo_load/sp_medium_uniform,mean_price_volatility,policy,51.110800614782725,5,60,8.208275013047575e-10,TRUE
exp3,per_topo_load/sp_medium_uniform,mean_price_volatility_tail,policy,50.719061059102934,5,60,9.874103457352546e-10,TRUE
exp3,per_topo_load/sp_medium_uniform,greedy_exact_ratio,policy,NA,5,60,NA,TRUE
exp3,per_topo_load/sp_medium_uniform,tokens_admitted,policy,50.87904751307444,5,60,9.156502137594329e-10,TRUE
exp3,per_topo_load/sp_medium_uniform,welfare_over_optimum,policy,50.87621696801113,5,60,9.168734540774579e-10,TRUE
exp3,per_topo_load/sp_medium_uniform,alloc_ratio_true,policy,50.87621696801113,5,60,9.168734540774579e-10,TRUE
exp3,per_topo_load/sp_medium_uniform,resid_excess,policy,35.54535437944911,5,60,1.170932413151259e-6,TRUE
exp3,per_topo_load/sp_medium_uniform,price_volatility_cleared,policy,50.719061059102934,5,60,9.874103457352546e-10,TRUE
exp3,per_topo_load/tree_high_skewed,median_latency,policy,31.992551091338765,5,60,5.961472968662743e-6,TRUE
exp3,per_topo_load/tree_high_skewed,drop_rate,policy,42.44571388850268,5,60,4.785408538784516e-8,TRUE
exp3,per_topo_load/tree_high_skewed,utilisation,policy,42.929984707354386,5,60,3.817803779347001e-8,TRUE
exp3,per_topo_load/tree_high_skewed,welfare,policy,34.102869456415945,5,60,2.2713205487626424e-6,TRUE
exp3,per_topo_load/tree_high_skewed,arm_exact_ratio,policy,39.60308355345476,5,60,1.7954668460267435e-7,TRUE
exp3,per_topo_load/tree_high_skewed,mean_price_volatility,policy,42.28822744334767,5,60,5.149993555468697e-8,TRUE
exp3,per_topo_load/tree_high_skewed,mean_price_volatility_tail,policy,41.499827595795544,5,60,7.435604469476381e-8,TRUE
exp3,per_topo_load/tree_high_skewed,greedy_exact_ratio,policy,NA,5,60,NA,TRUE
exp3,per_topo_load/tree_high_skewed,tokens_admitted,policy,43.13175888063644,5,60,3.474681984336204e-8,TRUE
exp3,per_topo_load/tree_high_skewed,welfare_over_optimum,policy,36.74076741276238,5,60,6.75059125719109e-7,TRUE
exp3,per_topo_load/tree_high_skewed,alloc_ratio_true,policy,42.44571388850268,5,60,4.785408538784516e-8,TRUE
exp3,per_topo_load/tree_high_skewed,resid_excess,policy,37.948551793216694,5,60,3.864103624785433e-7,TRUE
exp3,per_topo_load/tree_high_skewed,price_volatility_cleared,policy,41.499827595795544,5,60,7.435604469476381e-8,TRUE
exp3,per_topo_load/tree_high_uniform,median_latency,policy,48.758555577185156,5,60,2.486259919376202e-9,TRUE
exp3,per_topo_load/tree_high_uniform,drop_rate,policy,50.86791345699272,5,60,9.204712895844038e-10,TRUE
exp3,per_topo_load/tree_high_uniform,utilisation,policy,50.87578909313384,5,60,9.170585050566404e-10,TRUE
exp3,per_topo_load/tree_high_uniform,welfare,policy,50.55223170833448,5,60,1.0682205182023195e-9,TRUE
exp3,per_topo_load/tree_high_uniform,arm_exact_ratio,policy,50.44066019633468,5,60,1.1259129865510204e-9,TRUE
exp3,per_topo_load/tree_high_uniform,mean_price_volatility,policy,50.87578909313384,5,60,9.170585050566404e-10,TRUE
exp3,per_topo_load/tree_high_uniform,mean_price_volatility_tail,policy,50.47413164993467,5,60,1.1082862953880511e-9,TRUE
exp3,per_topo_load/tree_high_uniform,greedy_exact_ratio,policy,58.358061325420415,5,60,2.6534238741687255e-11,TRUE
exp3,per_topo_load/tree_high_uniform,tokens_admitted,policy,50.87578909313384,5,60,9.170585050566404e-10,TRUE
exp3,per_topo_load/tree_high_uniform,welfare_over_optimum,policy,50.4367223782641,5,60,1.128005014993392e-9,TRUE
exp3,per_topo_load/tree_high_uniform,alloc_ratio_true,policy,50.87578909313384,5,60,9.170585050566404e-10,TRUE
exp3,per_topo_load/tree_high_uniform,resid_excess,policy,50.28029426489402,5,60,1.2143226236202876e-9,TRUE
exp3,per_topo_load/tree_high_uniform,price_volatility_cleared,policy,50.47413164993467,5,60,1.1082862953880511e-9,TRUE
exp3,per_topo_load/tree_medium_skewed,median_latency,policy,41.20220269217937,5,60,8.540374094060331e-8,TRUE
exp3,per_topo_load/tree_medium_skewed,drop_rate,policy,34.67735009456005,5,60,1.7450213837463976e-6,TRUE
exp3,per_topo_load/tree_medium_skewed,utilisation,policy,37.20498386917347,5,60,5.448639914668223e-7,TRUE
exp3,per_topo_load/tree_medium_skewed,welfare,policy,25.48112137056404,5,60,1.1247560345656046e-4,TRUE
exp3,per_topo_load/tree_medium_skewed,arm_exact_ratio,policy,16.761408388029814,5,60,0.004975241851113519,TRUE
exp3,per_topo_load/tree_medium_skewed,mean_price_volatility,policy,49.72636775790614,5,60,1.5764626177960958e-9,TRUE
exp3,per_topo_load/tree_medium_skewed,mean_price_volatility_tail,policy,46.71343420576862,5,60,6.49934354155342e-9,TRUE
exp3,per_topo_load/tree_medium_skewed,greedy_exact_ratio,policy,NA,5,60,NA,TRUE
exp3,per_topo_load/tree_medium_skewed,tokens_admitted,policy,37.42836601307192,5,60,4.914483332874972e-7,TRUE
exp3,per_topo_load/tree_medium_skewed,welfare_over_optimum,policy,10.917198798531533,5,60,0.05304662889521825,TRUE
exp3,per_topo_load/tree_medium_skewed,alloc_ratio_true,policy,26.416431193681134,5,60,7.408102704478605e-5,TRUE
exp3,per_topo_load/tree_medium_skewed,resid_excess,policy,19.199690324740548,5,60,0.001764253182493577,TRUE
exp3,per_topo_load/tree_medium_skewed,price_volatility_cleared,policy,46.71343420576862,5,60,6.49934354155342e-9,TRUE
exp3,per_topo_load/tree_medium_uniform,median_latency,policy,45.55347311050553,5,60,1.1196064072325343e-8,TRUE
exp3,per_topo_load/tree_medium_uniform,drop_rate,policy,50.867115288359905,5,60,9.208178698615892e-10,TRUE
exp3,per_topo_load/tree_medium_uniform,utilisation,policy,45.85665980757464,5,60,9.713279077424296e-9,TRUE
exp3,per_topo_load/tree_medium_uniform,welfare,policy,37.44618208108556,5,60,4.874197027380063e-7,TRUE
exp3,per_topo_load/tree_medium_uniform,arm_exact_ratio,policy,40.80026694844558,5,60,1.0296116684488479e-7,TRUE
exp3,per_topo_load/tree_medium_uniform,mean_price_volatility,policy,50.807479208967294,5,60,9.4708465666718e-10,TRUE
exp3,per_topo_load/tree_medium_uniform,mean_price_volatility_tail,policy,50.62040163546856,5,60,1.0344318800911404e-9,TRUE
exp3,per_topo_load/tree_medium_uniform,greedy_exact_ratio,policy,51.60907127429807,5,60,6.48832739583124e-10,TRUE
exp3,per_topo_load/tree_medium_uniform,tokens_admitted,policy,45.31131750180744,5,60,1.2540818893374801e-8,TRUE
exp3,per_topo_load/tree_medium_uniform,welfare_over_optimum,policy,41.033235081474864,5,60,9.23884306420543e-8,TRUE
exp3,per_topo_load/tree_medium_uniform,alloc_ratio_true,policy,41.15267226516881,5,60,8.739483795308041e-8,TRUE
exp3,per_topo_load/tree_medium_uniform,resid_excess,policy,40.48951352554824,5,60,1.1896267773233202e-7,TRUE
exp3,per_topo_load/tree_medium_uniform,price_volatility_cleared,policy,50.62040163546856,5,60,1.0344318800911404e-9,TRUE
exp4,per_topo_load/entangled_high,median_latency,architecture,30.75658536585368,3,40,9.565108213521131e-7,TRUE
exp4,per_topo_load/entangled_high,drop_rate,architecture,33.700975609756085,3,40,2.291100311992743e-7,TRUE
exp4,per_topo_load/entangled_high,utilisation,architecture,33.700975609756085,3,40,2.291100311992743e-7,TRUE
exp4,per_topo_load/entangled_high,welfare,architecture,28.87609756097561,3,40,2.3777766112001834e-6,TRUE
exp4,per_topo_load/entangled_high,arm_exact_ratio,architecture,25.9478048780488,3,40,9.780436273294864e-6,TRUE
exp4,per_topo_load/entangled_high,mean_price_volatility,architecture,35.87268292682927,3,40,7.967178374228504e-8,TRUE
exp4,per_topo_load/entangled_high,mean_price_volatility_tail,architecture,32.91658536585365,3,40,3.3538290585493866e-7,TRUE
exp4,per_topo_load/entangled_high,greedy_exact_ratio,architecture,33.45556270096463,3,40,2.5812780435194073e-7,TRUE
exp4,per_topo_load/entangled_high,tokens_admitted,architecture,33.81158753987613,3,40,2.17118960908376e-7,TRUE
exp4,per_topo_load/entangled_high,served_among_admitted,architecture,NA,3,40,NA,TRUE
exp4,per_topo_load/entangled_high,welfare_over_optimum,architecture,29.14682926829269,3,40,2.0858437023425214e-6,TRUE
exp4,per_topo_load/entangled_high,alloc_ratio_true,architecture,33.700975609756085,3,40,2.291100311992743e-7,TRUE
exp4,per_topo_load/entangled_high,resid_excess,architecture,4.28897541752672,3,40,0.231903361797755,TRUE
exp4,per_topo_load/entangled_high,price_volatility_cleared,architecture,18.78292682926829,3,40,3.031573058912128e-4,TRUE
exp4,per_topo_load/entangled_medium,median_latency,architecture,29.39268292682928,3,40,1.8518501331148785e-6,TRUE
exp4,per_topo_load/entangled_medium,drop_rate,architecture,29.345853658536583,3,40,1.894305016889507e-6,TRUE
exp4,per_topo_load/entangled_medium,utilisation,architecture,29.29170731707319,3,40,1.9446055035073953e-6,TRUE
exp4,per_topo_load/entangled_medium,welfare,architecture,29.275609756097566,3,40,1.959815119398132e-6,TRUE
exp4,per_topo_load/entangled_medium,arm_exact_ratio,architecture,29.420487804878036,3,40,1.8270931490569732e-6,TRUE
exp4,per_topo_load/entangled_medium,mean_price_volatility,architecture,32.71756097560976,3,40,3.6941569083995426e-7,TRUE
exp4,per_topo_load/entangled_medium,mean_price_volatility_tail,architecture,35.3868292682927,3,40,1.009250343352217e-7,TRUE
exp4,per_topo_load/entangled_medium,greedy_exact_ratio,architecture,28.44161322983463,3,40,2.9338284758830914e-6,TRUE
exp4,per_topo_load/entangled_medium,tokens_admitted,architecture,29.304878048780495,3,40,1.9322489192443567e-6,TRUE
exp4,per_topo_load/entangled_medium,served_among_admitted,architecture,NA,3,40,NA,TRUE
exp4,per_topo_load/entangled_medium,welfare_over_optimum,architecture,29.275609756097566,3,40,1.959815119398132e-6,TRUE
exp4,per_topo_load/entangled_medium,alloc_ratio_true,architecture,29.423414634146354,3,40,1.8245064393308456e-6,TRUE
exp4,per_topo_load/entangled_medium,resid_excess,architecture,29.578141717503545,3,40,1.6928380913103132e-6,TRUE
exp4,per_topo_load/entangled_medium,price_volatility_cleared,architecture,29.29756097560977,3,40,1.9391039840309432e-6,TRUE
exp4,per_topo_load/sp_high,median_latency,architecture,32.963414634146346,3,40,3.278412201835912e-7,TRUE
exp4,per_topo_load/sp_high,drop_rate,architecture,32.94,3,40,3.3159066012727594e-7,TRUE
exp4,per_topo_load/sp_high,utilisation,architecture,33.07317073170731,3,40,3.1082214264931657e-7,TRUE
exp4,per_topo_load/sp_high,welfare,architecture,32.92682926829269,3,40,3.337185001012772e-7,TRUE
exp4,per_topo_load/sp_high,arm_exact_ratio,architecture,32.963414634146346,3,40,3.278412201835912e-7,TRUE
exp4,per_topo_load/sp_high,mean_price_volatility,architecture,36.02341463414635,3,40,7.403502150982843e-8,TRUE
exp4,per_topo_load/sp_high,mean_price_volatility_tail,architecture,32.932682926829244,3,40,3.3277111582717214e-7,TRUE
exp4,per_topo_load/sp_high,greedy_exact_ratio,architecture,NA,3,40,NA,TRUE
exp4,per_topo_load/sp_high,tokens_admitted,architecture,33.035660005629076,3,40,3.1653707577019566e-7,TRUE
exp4,per_topo_load/sp_high,served_among_admitted,architecture,NA,3,40,NA,TRUE
exp4,per_topo_load/sp_high,welfare_over_optimum,architecture,32.99853658536583,3,40,3.22296267689251e-7,TRUE
exp4,per_topo_load/sp_high,alloc_ratio_true,architecture,32.963414634146346,3,40,3.278412201835912e-7,TRUE
exp4,per_topo_load/sp_high,resid_excess,architecture,30.12075471698113,3,40,1.301651828689094e-6,TRUE
exp4,per_topo_load/sp_high,price_volatility_cleared,architecture,32.932682926829244,3,40,3.3277111582717214e-7,TRUE
exp4,per_topo_load/sp_medium,median_latency,architecture,29.521463414634127,3,40,1.7399314461315936e-6,TRUE
exp4,per_topo_load/sp_medium,drop_rate,architecture,29.400000000000006,3,40,1.8453028685848766e-6,TRUE
exp4,per_topo_load/sp_medium,utilisation,architecture,29.34146341463415,3,40,1.8983346122223395e-6,TRUE
exp4,per_topo_load/sp_medium,welfare,architecture,29.269756097560986,3,40,1.9653752696355756e-6,TRUE
exp4,per_topo_load/sp_medium,arm_exact_ratio,architecture,29.398536585365832,3,40,1.8466104710586844e-6,TRUE
exp4,per_topo_load/sp_medium,mean_price_volatility,architecture,32.932682926829244,3,40,3.3277111582717214e-7,TRUE
exp4,per_topo_load/sp_medium,mean_price_volatility_tail,architecture,33.91609756097563,3,40,2.0636564039028472e-7,TRUE
exp4,per_topo_load/sp_medium,greedy_exact_ratio,architecture,NA,3,40,NA,TRUE
exp4,per_topo_load/sp_medium,tokens_admitted,architecture,29.320093852651343,3,40,1.918071185422515e-6,TRUE
exp4,per_topo_load/sp_medium,served_among_admitted,architecture,NA,3,40,NA,TRUE
exp4,per_topo_load/sp_medium,welfare_over_optimum,architecture,29.32682926829267,3,40,1.9118284704991974e-6,TRUE
exp4,per_topo_load/sp_medium,alloc_ratio_true,architecture,29.414634146341456,3,40,1.832277551718313e-6,TRUE
exp4,per_topo_load/sp_medium,resid_excess,architecture,11.324610738888358,3,40,0.010094051038391276,TRUE
exp4,per_topo_load/sp_medium,price_volatility_cleared,architecture,29.398536585365832,3,40,1.8466104710586844e-6,TRUE
exp4,per_topo_load/tree_high,median_latency,architecture,31.76926829268291,3,40,5.853440056674227e-7,TRUE
exp4,per_topo_load/tree_high,drop_rate,architecture,34.243902439024396,3,40,1.7596698489759803e-7,TRUE
exp4,per_topo_load/tree_high,utilisation,architecture,34.930243902439,3,40,1.2602982201197709e-7,TRUE
exp4,per_topo_load/tree_high,welfare,architecture,33.455121951219525,3,40,2.581830883692519e-7,TRUE
exp4,per_topo_load/tree_high,arm_exact_ratio,architecture,34.71951219512195,3,40,1.396332307002786e-7,TRUE
exp4,per_topo_load/tree_high,mean_price_volatility,architecture,33.256097560975604,3,40,2.843945028074605e-7,TRUE
exp4,per_topo_load/tree_high,mean_price_volatility_tail,architecture,35.89024390243901,3,40,7.899362039514264e-8,TRUE
exp4,per_topo_load/tree_high,greedy_exact_ratio,architecture,NA,3,40,NA,TRUE
exp4,per_topo_load/tree_high,tokens_admitted,architecture,34.82668167745569,3,40,1.3254121397497963e-7,TRUE
exp4,per_topo_load/tree_high,served_among_admitted,architecture,NA,3,40,NA,TRUE
exp4,per_topo_load/tree_high,welfare_over_optimum,architecture,32.99853658536583,3,40,3.22296267689251e-7,TRUE
exp4,per_topo_load/tree_high,alloc_ratio_true,architecture,34.71951219512195,3,40,1.396332307002786e-7,TRUE
exp4,per_topo_load/tree_high,resid_excess,architecture,29.920003753049343,3,40,1.434575774412857e-6,TRUE
exp4,per_topo_load/tree_high,price_volatility_cleared,architecture,30.37609756097561,3,40,1.1501918235508953e-6,TRUE
exp4,per_topo_load/tree_medium,median_latency,architecture,29.28,3,40,1.9556553093368732e-6,TRUE
exp4,per_topo_load/tree_medium,drop_rate,architecture,29.35317073170731,3,40,1.8876079823850848e-6,TRUE
exp4,per_topo_load/tree_medium,utilisation,architecture,29.30634146341464,3,40,1.9308808107271986e-6,TRUE
exp4,per_topo_load/tree_medium,welfare,architecture,29.287317073170726,3,40,1.948741861345633e-6,TRUE
exp4,per_topo_load/tree_medium,arm_exact_ratio,architecture,29.486341463414618,3,40,1.7697675847803966e-6,TRUE
exp4,per_topo_load/tree_medium,mean_price_volatility,architecture,36.585365853658544,3,40,5.631198837697752e-8,TRUE
exp4,per_topo_load/tree_medium,mean_price_volatility_tail,architecture,36.440487804878074,3,40,6.042864209088992e-8,TRUE
exp4,per_topo_load/tree_medium,greedy_exact_ratio,architecture,NA,3,40,NA,TRUE
exp4,per_topo_load/tree_medium,tokens_admitted,architecture,29.309090909090916,3,40,1.928313038359034e-6,TRUE
exp4,per_topo_load/tree_medium,served_among_admitted,architecture,NA,3,40,NA,TRUE
exp4,per_topo_load/tree_medium,welfare_over_optimum,architecture,29.274146341463393,3,40,1.961203683771568e-6,TRUE
exp4,per_topo_load/tree_medium,alloc_ratio_true,architecture,29.357560975609772,3,40,1.8836011069464029e-6,TRUE
exp4,per_topo_load/tree_medium,resid_excess,architecture,27.282066441441447,3,40,5.137794452430882e-6,TRUE
exp4,per_topo_load/tree_medium,price_volatility_cleared,architecture,29.32682926829267,3,40,1.9118284704991974e-6,TRUE
exp4_factorial,encapsulation,median_latency,encapsulation,66.94329183955745,1,240,2.7943063101570197e-16,TRUE
exp4_factorial,encapsulation,drop_rate,encapsulation,7.0019507477111,1,240,0.008142094119000267,TRUE
exp4_factorial,encapsulation,welfare,encapsulation,9.209626556016701,1,240,0.0024074579806959502,TRUE
exp4_factorial,encapsulation,mean_price_volatility,encapsulation,12.130670494924598,1,240,4.959928383898365e-4,TRUE
exp4_factorial,encapsulation,mean_price_volatility_tail,encapsulation,0.9603520810908093,1,240,0.32709818715618033,TRUE
exp4_factorial,encapsulation,efficiency,encapsulation,23.320916320885203,1,240,1.3710094026221843e-6,TRUE
exp4_factorial,ema,median_latency,ema,0.242825034578118,1,240,0.6221731302400678,TRUE
exp4_factorial,ema,drop_rate,ema,0.971317001747745,1,240,0.32435194198540146,TRUE
exp4_factorial,ema,welfare,ema,2.2574827109267517,1,240,0.1329700494600748,TRUE
exp4_factorial,ema,mean_price_volatility,ema,64.98115928504467,1,240,7.561761673923911e-16,TRUE
exp4_factorial,ema,mean_price_volatility_tail,ema,150.99039457388565,1,240,1.0531437183425065e-34,TRUE
exp4_factorial,ema,efficiency,ema,1.48802213001386,1,240,0.2225235912759496,TRUE
exp5,per_topo_load/hybrid_ema_entangled_high,median_latency,policy,14.285714285714292,1,20,1.57052284230751e-4,TRUE
exp5,per_topo_load/hybrid_ema_entangled_high,drop_rate,policy,14.285714285714292,1,20,1.57052284230751e-4,TRUE
exp5,per_topo_load/hybrid_ema_entangled_high,utilisation,policy,14.285714285714292,1,20,1.57052284230751e-4,TRUE
exp5,per_topo_load/hybrid_ema_entangled_high,welfare,policy,14.285714285714292,1,20,1.57052284230751e-4,TRUE
exp5,per_topo_load/hybrid_ema_entangled_high,arm_exact_ratio,policy,14.285714285714292,1,20,1.57052284230751e-4,TRUE
exp5,per_topo_load/hybrid_ema_entangled_high,mean_price_volatility,policy,14.285714285714292,1,20,1.57052284230751e-4,TRUE
exp5,per_topo_load/hybrid_ema_entangled_high,mean_price_volatility_tail,policy,14.285714285714292,1,20,1.57052284230751e-4,TRUE
exp5,per_topo_load/hybrid_ema_entangled_high,greedy_exact_ratio,policy,NA,1,20,NA,TRUE
exp5,per_topo_load/hybrid_ema_entangled_high,tokens_admitted,policy,14.296463506395794,1,20,1.5615798169106777e-4,TRUE
exp5,per_topo_load/hybrid_ema_entangled_high,welfare_over_optimum,policy,14.285714285714292,1,20,1.57052284230751e-4,TRUE
exp5,per_topo_load/hybrid_ema_entangled_high,alloc_ratio_true,policy,14.285714285714292,1,20,1.57052284230751e-4,TRUE
exp5,per_topo_load/hybrid_ema_entangled_high,resid_excess,policy,14.328808446455511,1,20,1.5349779170582665e-4,TRUE
exp5,per_topo_load/hybrid_ema_entangled_high,price_volatility_cleared,policy,14.285714285714292,1,20,1.57052284230751e-4,TRUE
exp5,per_topo_load/hybrid_ema_entangled_medium,median_latency,policy,14.285714285714292,1,20,1.57052284230751e-4,TRUE
exp5,per_topo_load/hybrid_ema_entangled_medium,drop_rate,policy,14.285714285714292,1,20,1.57052284230751e-4,TRUE
exp5,per_topo_load/hybrid_ema_entangled_medium,utilisation,policy,14.285714285714292,1,20,1.57052284230751e-4,TRUE
exp5,per_topo_load/hybrid_ema_entangled_medium,welfare,policy,14.285714285714292,1,20,1.57052284230751e-4,TRUE
exp5,per_topo_load/hybrid_ema_entangled_medium,arm_exact_ratio,policy,14.285714285714292,1,20,1.57052284230751e-4,TRUE
exp5,per_topo_load/hybrid_ema_entangled_medium,mean_price_volatility,policy,14.285714285714292,1,20,1.57052284230751e-4,TRUE
exp5,per_topo_load/hybrid_ema_entangled_medium,mean_price_volatility_tail,policy,12.622857142857143,1,20,3.810584520506863e-4,TRUE
exp5,per_topo_load/hybrid_ema_entangled_medium,greedy_exact_ratio,policy,NA,1,20,NA,TRUE
exp5,per_topo_load/hybrid_ema_entangled_medium,tokens_admitted,policy,14.285714285714292,1,20,1.57052284230751e-4,TRUE
exp5,per_topo_load/hybrid_ema_entangled_medium,welfare_over_optimum,policy,14.285714285714292,1,20,1.57052284230751e-4,TRUE
exp5,per_topo_load/hybrid_ema_entangled_medium,alloc_ratio_true,policy,14.285714285714292,1,20,1.57052284230751e-4,TRUE
exp5,per_topo_load/hybrid_ema_entangled_medium,resid_excess,policy,14.318010550113044,1,20,1.543807450807851e-4,TRUE
exp5,per_topo_load/hybrid_ema_entangled_medium,price_volatility_cleared,policy,14.285714285714292,1,20,1.57052284230751e-4,TRUE
exp5,per_topo_load/hybrid_ema_sp_high,median_latency,policy,14.285714285714292,1,20,1.57052284230751e-4,TRUE
exp5,per_topo_load/hybrid_ema_sp_high,drop_rate,policy,14.285714285714292,1,20,1.57052284230751e-4,TRUE
exp5,per_topo_load/hybrid_ema_sp_high,utilisation,policy,14.285714285714292,1,20,1.57052284230751e-4,TRUE
exp5,per_topo_load/hybrid_ema_sp_high,welfare,policy,14.285714285714292,1,20,1.57052284230751e-4,TRUE
exp5,per_topo_load/hybrid_ema_sp_high,arm_exact_ratio,policy,15.702479338842982,1,20,7.412694073244399e-5,TRUE
exp5,per_topo_load/hybrid_ema_sp_high,mean_price_volatility,policy,14.285714285714292,1,20,1.57052284230751e-4,TRUE
exp5,per_topo_load/hybrid_ema_sp_high,mean_price_volatility_tail,policy,14.285714285714292,1,20,1.57052284230751e-4,TRUE
exp5,per_topo_load/hybrid_ema_sp_high,greedy_exact_ratio,policy,NA,1,20,NA,TRUE
exp5,per_topo_load/hybrid_ema_sp_high,tokens_admitted,policy,14.285714285714292,1,20,1.57052284230751e-4,TRUE
exp5,per_topo_load/hybrid_ema_sp_high,welfare_over_optimum,policy,14.285714285714292,1,20,1.57052284230751e-4,TRUE
exp5,per_topo_load/hybrid_ema_sp_high,alloc_ratio_true,policy,14.913657770800635,1,20,1.1254523364623212e-4,TRUE
exp5,per_topo_load/hybrid_ema_sp_high,resid_excess,policy,15.261044176706834,1,20,9.362767545542143e-5,TRUE
exp5,per_topo_load/hybrid_ema_sp_high,price_volatility_cleared,policy,14.393939393939402,1,20,1.4827877260963247e-4,TRUE
exp5,per_topo_load/hybrid_ema_sp_medium,median_latency,policy,14.285714285714292,1,20,1.57052284230751e-4,TRUE
exp5,per_topo_load/hybrid_ema_sp_medium,drop_rate,policy,14.285714285714292,1,20,1.57052284230751e-4,TRUE
exp5,per_topo_load/hybrid_ema_sp_medium,utilisation,policy,14.285714285714292,1,20,1.57052284230751e-4,TRUE
exp5,per_topo_load/hybrid_ema_sp_medium,welfare,policy,14.285714285714292,1,20,1.57052284230751e-4,TRUE
exp5,per_topo_load/hybrid_ema_sp_medium,arm_exact_ratio,policy,16.30901287553649,1,20,5.380741956062009e-5,TRUE
exp5,per_topo_load/hybrid_ema_sp_medium,mean_price_volatility,policy,14.33962264150944,1,20,1.52618602083631e-4,TRUE
exp5,per_topo_load/hybrid_ema_sp_medium,mean_price_volatility_tail,policy,14.307228915662657,1,20,1.5526747185868779e-4,TRUE
exp5,per_topo_load/hybrid_ema_sp_medium,greedy_exact_ratio,policy,NA,1,20,NA,TRUE
exp5,per_topo_load/hybrid_ema_sp_medium,tokens_admitted,policy,14.285714285714292,1,20,1.57052284230751e-4,TRUE
exp5,per_topo_load/hybrid_ema_sp_medium,welfare_over_optimum,policy,14.285714285714292,1,20,1.57052284230751e-4,TRUE
exp5,per_topo_load/hybrid_ema_sp_medium,alloc_ratio_true,policy,16.30901287553649,1,20,5.380741956062009e-5,TRUE
exp5,per_topo_load/hybrid_ema_sp_medium,resid_excess,policy,16.379310344827594,1,20,5.1848104956512044e-5,TRUE
exp5,per_topo_load/hybrid_ema_sp_medium,price_volatility_cleared,policy,15.702479338842982,1,20,7.412694073244399e-5,TRUE
exp5,per_topo_load/hybrid_ema_tree_high,median_latency,policy,14.285714285714292,1,20,1.57052284230751e-4,TRUE
exp5,per_topo_load/hybrid_ema_tree_high,drop_rate,policy,14.285714285714292,1,20,1.57052284230751e-4,TRUE
exp5,per_topo_load/hybrid_ema_tree_high,utilisation,policy,14.285714285714292,1,20,1.57052284230751e-4,TRUE
exp5,per_topo_load/hybrid_ema_tree_high,welfare,policy,14.285714285714292,1,20,1.57052284230751e-4,TRUE
exp5,per_topo_load/hybrid_ema_tree_high,arm_exact_ratio,policy,14.285714285714292,1,20,1.57052284230751e-4,TRUE
exp5,per_topo_load/hybrid_ema_tree_high,mean_price_volatility,policy,14.285714285714292,1,20,1.57052284230751e-4,TRUE
exp5,per_topo_load/hybrid_ema_tree_high,mean_price_volatility_tail,policy,14.285714285714292,1,20,1.57052284230751e-4,TRUE
exp5,per_topo_load/hybrid_ema_tree_high,greedy_exact_ratio,policy,NA,1,20,NA,TRUE
exp5,per_topo_load/hybrid_ema_tree_high,tokens_admitted,policy,14.296463506395794,1,20,1.5615798169106777e-4,TRUE
exp5,per_topo_load/hybrid_ema_tree_high,welfare_over_optimum,policy,14.285714285714292,1,20,1.57052284230751e-4,TRUE
exp5,per_topo_load/hybrid_ema_tree_high,alloc_ratio_true,policy,14.285714285714292,1,20,1.57052284230751e-4,TRUE
exp5,per_topo_load/hybrid_ema_tree_high,resid_excess,policy,14.328808446455511,1,20,1.5349779170582665e-4,TRUE
exp5,per_topo_load/hybrid_ema_tree_high,price_volatility_cleared,policy,14.285714285714292,1,20,1.57052284230751e-4,TRUE
exp5,per_topo_load/hybrid_ema_tree_medium,median_latency,policy,14.285714285714292,1,20,1.57052284230751e-4,TRUE
exp5,per_topo_load/hybrid_ema_tree_medium,drop_rate,policy,14.285714285714292,1,20,1.57052284230751e-4,TRUE
exp5,per_topo_load/hybrid_ema_tree_medium,utilisation,policy,14.285714285714292,1,20,1.57052284230751e-4,TRUE
exp5,per_topo_load/hybrid_ema_tree_medium,welfare,policy,14.285714285714292,1,20,1.57052284230751e-4,TRUE
exp5,per_topo_load/hybrid_ema_tree_medium,arm_exact_ratio,policy,14.285714285714292,1,20,1.57052284230751e-4,TRUE
exp5,per_topo_load/hybrid_ema_tree_medium,mean_price_volatility,policy,14.285714285714292,1,20,1.57052284230751e-4,TRUE
exp5,per_topo_load/hybrid_ema_tree_medium,mean_price_volatility_tail,policy,12.622857142857143,1,20,3.810584520506863e-4,TRUE
exp5,per_topo_load/hybrid_ema_tree_medium,greedy_exact_ratio,policy,NA,1,20,NA,TRUE
exp5,per_topo_load/hybrid_ema_tree_medium,tokens_admitted,policy,14.285714285714292,1,20,1.57052284230751e-4,TRUE
exp5,per_topo_load/hybrid_ema_tree_medium,welfare_over_optimum,policy,14.285714285714292,1,20,1.57052284230751e-4,TRUE
exp5,per_topo_load/hybrid_ema_tree_medium,alloc_ratio_true,policy,14.285714285714292,1,20,1.57052284230751e-4,TRUE
exp5,per_topo_load/hybrid_ema_tree_medium,resid_excess,policy,14.318010550113044,1,20,1.543807450807851e-4,TRUE
exp5,per_topo_load/hybrid_ema_tree_medium,price_volatility_cleared,policy,14.285714285714292,1,20,1.57052284230751e-4,TRUE
exp5,per_topo_load/naive_entangled_high,median_latency,policy,14.285714285714292,1,20,1.57052284230751e-4,TRUE
exp5,per_topo_load/naive_entangled_high,drop_rate,policy,14.285714285714292,1,20,1.57052284230751e-4,TRUE
exp5,per_topo_load/naive_entangled_high,utilisation,policy,14.285714285714292,1,20,1.57052284230751e-4,TRUE
exp5,per_topo_load/naive_entangled_high,welfare,policy,14.285714285714292,1,20,1.57052284230751e-4,TRUE
exp5,per_topo_load/naive_entangled_high,arm_exact_ratio,policy,14.285714285714292,1,20,1.57052284230751e-4,TRUE
exp5,per_topo_load/naive_entangled_high,mean_price_volatility,policy,14.285714285714292,1,20,1.57052284230751e-4,TRUE
exp5,per_topo_load/naive_entangled_high,mean_price_volatility_tail,policy,14.285714285714292,1,20,1.57052284230751e-4,TRUE
exp5,per_topo_load/naive_entangled_high,greedy_exact_ratio,policy,16.30901287553649,1,20,5.380741956062009e-5,TRUE
exp5,per_topo_load/naive_entangled_high,tokens_admitted,policy,14.296463506395794,1,20,1.5615798169106777e-4,TRUE
exp5,per_topo_load/naive_entangled_high,welfare_over_optimum,policy,14.285714285714292,1,20,1.57052284230751e-4,TRUE
exp5,per_topo_load/naive_entangled_high,alloc_ratio_true,policy,14.285714285714292,1,20,1.57052284230751e-4,TRUE
exp5,per_topo_load/naive_entangled_high,resid_excess,policy,14.296463506395794,1,20,1.5615798169106777e-4,TRUE
exp5,per_topo_load/naive_entangled_high,price_volatility_cleared,policy,14.285714285714292,1,20,1.57052284230751e-4,TRUE
exp5,per_topo_load/naive_entangled_medium,median_latency,policy,14.285714285714292,1,20,1.57052284230751e-4,TRUE
exp5,per_topo_load/naive_entangled_medium,drop_rate,policy,14.285714285714292,1,20,1.57052284230751e-4,TRUE
exp5,per_topo_load/naive_entangled_medium,utilisation,policy,14.285714285714292,1,20,1.57052284230751e-4,TRUE
exp5,per_topo_load/naive_entangled_medium,welfare,policy,14.285714285714292,1,20,1.57052284230751e-4,TRUE
exp5,per_topo_load/naive_entangled_medium,arm_exact_ratio,policy,10.565714285714293,1,20,0.0011520450981421816,TRUE
exp5,per_topo_load/naive_entangled_medium,mean_price_volatility,policy,14.285714285714292,1,20,1.57052284230751e-4,TRUE
exp5,per_topo_load/naive_entangled_medium,mean_price_volatility_tail,policy,14.285714285714292,1,20,1.57052284230751e-4,TRUE
exp5,per_topo_load/naive_entangled_medium,greedy_exact_ratio,policy,13.864864864864863,1,20,1.9643672621231161e-4,TRUE
exp5,per_topo_load/naive_entangled_medium,tokens_admitted,policy,14.285714285714292,1,20,1.57052284230751e-4,TRUE
exp5,per_topo_load/naive_entangled_medium,welfare_over_optimum,policy,14.285714285714292,1,20,1.57052284230751e-4,TRUE
exp5,per_topo_load/naive_entangled_medium,alloc_ratio_true,policy,12.622857142857143,1,20,3.810584520506863e-4,TRUE
exp5,per_topo_load/naive_entangled_medium,resid_excess,policy,9.656538170823884,1,20,0.0018867884232225318,TRUE
exp5,per_topo_load/naive_entangled_medium,price_volatility_cleared,policy,14.285714285714292,1,20,1.57052284230751e-4,TRUE
exp5,per_topo_load/naive_sp_high,median_latency,policy,14.285714285714292,1,20,1.57052284230751e-4,TRUE
exp5,per_topo_load/naive_sp_high,drop_rate,policy,14.285714285714292,1,20,1.57052284230751e-4,TRUE
exp5,per_topo_load/naive_sp_high,utilisation,policy,14.285714285714292,1,20,1.57052284230751e-4,TRUE
exp5,per_topo_load/naive_sp_high,welfare,policy,14.285714285714292,1,20,1.57052284230751e-4,TRUE
exp5,per_topo_load/naive_sp_high,arm_exact_ratio,policy,14.285714285714292,1,20,1.57052284230751e-4,TRUE
exp5,per_topo_load/naive_sp_high,mean_price_volatility,policy,14.671814671814678,1,20,1.2794526507976112e-4,TRUE
exp5,per_topo_load/naive_sp_high,mean_price_volatility_tail,policy,14.671814671814678,1,20,1.2794526507976112e-4,TRUE
exp5,per_topo_load/naive_sp_high,greedy_exact_ratio,policy,NA,1,20,NA,TRUE
exp5,per_topo_load/naive_sp_high,tokens_admitted,policy,14.285714285714292,1,20,1.57052284230751e-4,TRUE
exp5,per_topo_load/naive_sp_high,welfare_over_optimum,policy,14.285714285714292,1,20,1.57052284230751e-4,TRUE
exp5,per_topo_load/naive_sp_high,alloc_ratio_true,policy,14.285714285714292,1,20,1.57052284230751e-4,TRUE
exp5,per_topo_load/naive_sp_high,resid_excess,policy,15.715467328370561,1,20,7.36196945977148e-5,TRUE
exp5,per_topo_load/naive_sp_high,price_volatility_cleared,policy,14.671814671814678,1,20,1.2794526507976112e-4,TRUE
exp5,per_topo_load/naive_sp_medium,median_latency,policy,14.285714285714292,1,20,1.57052284230751e-4,TRUE
exp5,per_topo_load/naive_sp_medium,drop_rate,policy,14.285714285714292,1,20,1.57052284230751e-4,TRUE
exp5,per_topo_load/naive_sp_medium,utilisation,policy,14.285714285714292,1,20,1.57052284230751e-4,TRUE
exp5,per_topo_load/naive_sp_medium,welfare,policy,14.285714285714292,1,20,1.57052284230751e-4,TRUE
exp5,per_topo_load/naive_sp_medium,arm_exact_ratio,policy,14.285714285714292,1,20,1.57052284230751e-4,TRUE
exp5,per_topo_load/naive_sp_medium,mean_price_volatility,policy,16.30901287553649,1,20,5.380741956062009e-5,TRUE
exp5,per_topo_load/naive_sp_medium,mean_price_volatility_tail,policy,16.30901287553649,1,20,5.380741956062009e-5,TRUE
exp5,per_topo_load/naive_sp_medium,greedy_exact_ratio,policy,NA,1,20,NA,TRUE
exp5,per_topo_load/naive_sp_medium,tokens_admitted,policy,14.296463506395794,1,20,1.5615798169106777e-4,TRUE
exp5,per_topo_load/naive_sp_medium,welfare_over_optimum,policy,14.285714285714292,1,20,1.57052284230751e-4,TRUE
exp5,per_topo_load/naive_sp_medium,alloc_ratio_true,policy,14.285714285714292,1,20,1.57052284230751e-4,TRUE
exp5,per_topo_load/naive_sp_medium,resid_excess,policy,7.8171428571428505,1,20,0.005175294762573194,TRUE
exp5,per_topo_load/naive_sp_medium,price_volatility_cleared,policy,16.30901287553649,1,20,5.380741956062009e-5,TRUE
exp5,per_topo_load/naive_tree_high,median_latency,policy,14.285714285714292,1,20,1.57052284230751e-4,TRUE
exp5,per_topo_load/naive_tree_high,drop_rate,policy,14.285714285714292,1,20,1.57052284230751e-4,TRUE
exp5,per_topo_load/naive_tree_high,utilisation,policy,14.285714285714292,1,20,1.57052284230751e-4,TRUE
exp5,per_topo_load/naive_tree_high,welfare,policy,14.285714285714292,1,20,1.57052284230751e-4,TRUE
exp5,per_topo_load/naive_tree_high,arm_exact_ratio,policy,14.285714285714292,1,20,1.57052284230751e-4,TRUE
exp5,per_topo_load/naive_tree_high,mean_price_volatility,policy,14.285714285714292,1,20,1.57052284230751e-4,TRUE
exp5,per_topo_load/naive_tree_high,mean_price_volatility_tail,policy,14.285714285714292,1,20,1.57052284230751e-4,TRUE
exp5,per_topo_load/naive_tree_high,greedy_exact_ratio,policy,NA,1,20,NA,TRUE
exp5,per_topo_load/naive_tree_high,tokens_admitted,policy,14.285714285714292,1,20,1.57052284230751e-4,TRUE
exp5,per_topo_load/naive_tree_high,welfare_over_optimum,policy,14.285714285714292,1,20,1.57052284230751e-4,TRUE
exp5,per_topo_load/naive_tree_high,alloc_ratio_true,policy,14.285714285714292,1,20,1.57052284230751e-4,TRUE
exp5,per_topo_load/naive_tree_high,resid_excess,policy,14.328808446455511,1,20,1.5349779170582665e-4,TRUE
exp5,per_topo_load/naive_tree_high,price_volatility_cleared,policy,14.285714285714292,1,20,1.57052284230751e-4,TRUE
exp5,per_topo_load/naive_tree_medium,median_latency,policy,14.285714285714292,1,20,1.57052284230751e-4,TRUE
exp5,per_topo_load/naive_tree_medium,drop_rate,policy,14.285714285714292,1,20,1.57052284230751e-4,TRUE
exp5,per_topo_load/naive_tree_medium,utilisation,policy,14.285714285714292,1,20,1.57052284230751e-4,TRUE
exp5,per_topo_load/naive_tree_medium,welfare,policy,14.285714285714292,1,20,1.57052284230751e-4,TRUE
exp5,per_topo_load/naive_tree_medium,arm_exact_ratio,policy,0.6914285714285668,1,20,0.4056788952850547,TRUE
exp5,per_topo_load/naive_tree_medium,mean_price_volatility,policy,14.285714285714292,1,20,1.57052284230751e-4,TRUE
exp5,per_topo_load/naive_tree_medium,mean_price_volatility_tail,policy,14.285714285714292,1,20,1.57052284230751e-4,TRUE
exp5,per_topo_load/naive_tree_medium,greedy_exact_ratio,policy,NA,1,20,NA,TRUE
exp5,per_topo_load/naive_tree_medium,tokens_admitted,policy,14.285714285714292,1,20,1.57052284230751e-4,TRUE
exp5,per_topo_load/naive_tree_medium,welfare_over_optimum,policy,14.285714285714292,1,20,1.57052284230751e-4,TRUE
exp5,per_topo_load/naive_tree_medium,alloc_ratio_true,policy,0.05142857142857338,1,20,0.8205958397554377,TRUE
exp5,per_topo_load/naive_tree_medium,resid_excess,policy,11.096229260935141,1,20,8.650342557200608e-4,TRUE
exp5,per_topo_load/naive_tree_medium,price_volatility_cleared,policy,14.285714285714292,1,20,1.57052284230751e-4,TRUE
exp6,per_topo_load/entangled_high_hybrid_noema_baseline,median_latency,mechanism,327.03239327365384,34,350,1.338373992095787e-49,TRUE
exp6,per_topo_load/entangled_high_hybrid_noema_baseline,drop_rate,mechanism,376.10225458220197,38,390,3.1951308139611976e-57,TRUE
exp6,per_topo_load/entangled_high_hybrid_noema_baseline,utilisation,mechanism,381.80888033730315,38,390,2.4118723915446563e-58,TRUE
exp6,per_topo_load/entangled_high_hybrid_noema_baseline,welfare,mechanism,379.2297218783948,38,390,7.757635326341968e-58,TRUE
exp6,per_topo_load/entangled_high_hybrid_noema_baseline,arm_exact_ratio,mechanism,385.57433163181105,38,390,4.375007072515928e-59,TRUE
exp6,per_topo_load/entangled_high_hybrid_noema_baseline,mean_price_volatility,mechanism,348.77452000793784,34,350,7.074782768188554e-54,TRUE
exp6,per_topo_load/entangled_high_hybrid_noema_baseline,mean_price_volatility_tail,mechanism,348.76686946415623,34,350,7.099420952479944e-54,TRUE
exp6,per_topo_load/entangled_high_hybrid_noema_baseline,greedy_exact_ratio,mechanism,NA,38,390,NA,TRUE
exp6,per_topo_load/entangled_high_hybrid_noema_baseline,tokens_admitted,mechanism,378.309193089191,38,390,1.1768756930984763e-57,TRUE
exp6,per_topo_load/entangled_high_hybrid_noema_baseline,served_among_admitted,mechanism,283.3974933285406,34,350,4.11013358914722e-41,TRUE
exp6,per_topo_load/entangled_high_hybrid_noema_baseline,welfare_over_optimum,mechanism,380.08031983242984,38,390,5.2776184854947104e-58,TRUE
exp6,per_topo_load/entangled_high_hybrid_noema_baseline,alloc_ratio_true,mechanism,382.1963900976859,38,390,2.0234495731988015e-58,TRUE
exp6,per_topo_load/entangled_high_hybrid_noema_baseline,resid_excess,mechanism,46.06715328467154,4,50,2.3848615539483366e-9,TRUE
exp6,per_topo_load/entangled_high_hybrid_noema_baseline,price_volatility_cleared,mechanism,348.76686946415623,34,350,7.099420952479944e-54,TRUE
exp6,per_topo_load/entangled_high_hybrid_noema_calibrated,median_latency,mechanism,334.4456137156732,34,350,4.694021608011624e-51,TRUE
exp6,per_topo_load/entangled_high_hybrid_noema_calibrated,drop_rate,mechanism,377.5181109508706,38,390,1.6836140259482205e-57,TRUE
exp6,per_topo_load/entangled_high_hybrid_noema_calibrated,utilisation,mechanism,381.81257039718497,38,390,2.40784296560781e-58,TRUE
exp6,per_topo_load/entangled_high_hybrid_noema_calibrated,welfare,mechanism,380.8176191038415,38,390,3.779186647054817e-58,TRUE
exp6,per_topo_load/entangled_high_hybrid_noema_calibrated,arm_exact_ratio,mechanism,385.56925813151156,38,390,4.385086596657095e-59,TRUE
exp6,per_topo_load/entangled_high_hybrid_noema_calibrated,mean_price_volatility,mechanism,348.77452000793784,34,350,7.074782768188554e-54,TRUE
exp6,per_topo_load/entangled_high_hybrid_noema_calibrated,mean_price_volatility_tail,mechanism,348.76686946415623,34,350,7.099420952479944e-54,TRUE
exp6,per_topo_load/entangled_high_hybrid_noema_calibrated,greedy_exact_ratio,mechanism,NA,38,390,NA,TRUE
exp6,per_topo_load/entangled_high_hybrid_noema_calibrated,tokens_admitted,mechanism,378.2705254026164,38,390,1.1976577323195327e-57,TRUE
exp6,per_topo_load/entangled_high_hybrid_noema_calibrated,served_among_admitted,mechanism,NA,34,350,NA,TRUE
exp6,per_topo_load/entangled_high_hybrid_noema_calibrated,welfare_over_optimum,mechanism,380.1118944374159,38,390,5.202682346728775e-58,TRUE
exp6,per_topo_load/entangled_high_hybrid_noema_calibrated,alloc_ratio_true,mechanism,382.1116871201304,38,390,2.102628828916404e-58,TRUE
exp6,per_topo_load/entangled_high_hybrid_noema_calibrated,resid_excess,mechanism,46.06715328467154,4,50,2.3848615539483366e-9,TRUE
exp6,per_topo_load/entangled_high_hybrid_noema_calibrated,price_volatility_cleared,mechanism,348.76686946415623,34,350,7.099420952479944e-54,TRUE
exp6,per_topo_load/entangled_high_naive_baseline,median_latency,mechanism,326.628395623829,32,330,1.5629822776049587e-50,TRUE
exp6,per_topo_load/entangled_high_naive_baseline,drop_rate,mechanism,363.20802998948227,36,370,1.0637967326988919e-55,TRUE
exp6,per_topo_load/entangled_high_naive_baseline,utilisation,mechanism,367.12840827577065,36,370,1.7961814828128622e-56,TRUE
exp6,per_topo_load/entangled_high_naive_baseline,welfare,mechanism,365.4735651823052,36,370,3.806611886473746e-56,TRUE
exp6,per_topo_load/entangled_high_naive_baseline,arm_exact_ratio,mechanism,365.96130503722947,36,370,3.0508089118975625e-56,TRUE
exp6,per_topo_load/entangled_high_naive_baseline,mean_price_volatility,mechanism,150.0256714761804,32,330,3.37310696802406e-17,TRUE
exp6,per_topo_load/entangled_high_naive_baseline,mean_price_volatility_tail,mechanism,149.92336444061158,32,330,3.514577330776617e-17,TRUE
exp6,per_topo_load/entangled_high_naive_baseline,greedy_exact_ratio,mechanism,147.01209471161815,36,370,2.3183190864652846e-15,TRUE
exp6,per_topo_load/entangled_high_naive_baseline,tokens_admitted,mechanism,364.76475605374804,36,370,5.250580082008471e-56,TRUE
exp6,per_topo_load/entangled_high_naive_baseline,served_among_admitted,mechanism,325.33033212043813,32,330,2.8187527551407313e-50,TRUE
exp6,per_topo_load/entangled_high_naive_baseline,welfare_over_optimum,mechanism,365.1101774466204,36,370,4.488967719050651e-56,TRUE
exp6,per_topo_load/entangled_high_naive_baseline,alloc_ratio_true,mechanism,366.42533844773106,36,370,2.471447832673511e-56,TRUE
exp6,per_topo_load/entangled_high_naive_baseline,resid_excess,mechanism,25.80645161290323,2,30,2.4900050821849317e-6,TRUE
exp6,per_topo_load/entangled_high_naive_baseline,price_volatility_cleared,mechanism,149.92336444061158,32,330,3.514577330776617e-17,TRUE
exp6,per_topo_load/entangled_high_naive_calibrated,median_latency,mechanism,326.4718281153682,32,330,1.6782227996126068e-50,TRUE
exp6,per_topo_load/entangled_high_naive_calibrated,drop_rate,mechanism,353.2493508860985,36,370,9.668266118265792e-54,TRUE
exp6,per_topo_load/entangled_high_naive_calibrated,utilisation,mechanism,366.90772210031645,36,370,1.985448190806761e-56,TRUE
exp6,per_topo_load/entangled_high_naive_calibrated,welfare,mechanism,359.5931835692047,36,370,5.4753249828774396e-55,TRUE
exp6,per_topo_load/entangled_high_naive_calibrated,arm_exact_ratio,mechanism,364.3747424496166,36,370,6.266810298144988e-56,TRUE
exp6,per_topo_load/entangled_high_naive_calibrated,mean_price_volatility,mechanism,150.0256714761804,32,330,3.37310696802406e-17,TRUE
exp6,per_topo_load/entangled_high_naive_calibrated,mean_price_volatility_tail,mechanism,149.92336444061158,32,330,3.514577330776617e-17,TRUE
exp6,per_topo_load/entangled_high_naive_calibrated,greedy_exact_ratio,mechanism,128.51256634746585,36,370,2.556713129523116e-12,TRUE
exp6,per_topo_load/entangled_high_naive_calibrated,tokens_admitted,mechanism,364.4020612975923,36,370,6.189627967703008e-56,TRUE
exp6,per_topo_load/entangled_high_naive_calibrated,served_among_admitted,mechanism,NA,32,330,NA,TRUE
exp6,per_topo_load/entangled_high_naive_calibrated,welfare_over_optimum,mechanism,364.268700990686,36,370,6.57562536061098e-56,TRUE
exp6,per_topo_load/entangled_high_naive_calibrated,alloc_ratio_true,mechanism,363.8345400623386,36,370,8.006850759558194e-56,TRUE
exp6,per_topo_load/entangled_high_naive_calibrated,resid_excess,mechanism,25.30064516129032,2,30,3.206525580636636e-6,TRUE
exp6,per_topo_load/entangled_high_naive_calibrated,price_volatility_cleared,mechanism,149.92336444061158,32,330,3.514577330776617e-17,TRUE
exp6,per_topo_load/entangled_medium_hybrid_noema_baseline,median_latency,mechanism,309.08608238715834,34,350,4.30616051413111e-46,TRUE
exp6,per_topo_load/entangled_medium_hybrid_noema_baseline,drop_rate,mechanism,358.19040969089474,38,390,1.0347020615905613e-53,TRUE
exp6,per_topo_load/entangled_medium_hybrid_noema_baseline,utilisation,mechanism,362.570424978414,38,390,1.439264814198173e-54,TRUE
exp6,per_topo_load/entangled_medium_hybrid_noema_baseline,welfare,mechanism,377.4715831919172,38,390,1.719443727531261e-57,TRUE
exp6,per_topo_load/entangled_medium_hybrid_noema_baseline,arm_exact_ratio,mechanism,380.57101984149693,38,390,4.225829333936734e-58,TRUE
exp6,per_topo_load/entangled_medium_hybrid_noema_baseline,mean_price_volatility,mechanism,348.59723844169656,34,350,7.668287776957994e-54,TRUE
exp6,per_topo_load/entangled_medium_hybrid_noema_baseline,mean_price_volatility_tail,mechanism,348.4852766906353,34,350,8.068491908902619e-54,TRUE
exp6,per_topo_load/entangled_medium_hybrid_noema_baseline,greedy_exact_ratio,mechanism,NA,38,390,NA,TRUE
exp6,per_topo_load/entangled_medium_hybrid_noema_baseline,tokens_admitted,mechanism,355.6682451186903,38,390,3.218077245919976e-53,TRUE
exp6,per_topo_load/entangled_medium_hybrid_noema_baseline,served_among_admitted,mechanism,NA,34,350,NA,TRUE
exp6,per_topo_load/entangled_medium_hybrid_noema_baseline,welfare_over_optimum,mechanism,375.88273727112335,38,390,3.5287323522324607e-57,TRUE
exp6,per_topo_load/entangled_medium_hybrid_noema_baseline,alloc_ratio_true,mechanism,376.59537263454604,38,390,2.556187820044419e-57,TRUE
exp6,per_topo_load/entangled_medium_hybrid_noema_baseline,resid_excess,mechanism,44.08046120586113,4,50,6.173568776726199e-9,TRUE
exp6,per_topo_load/entangled_medium_hybrid_noema_baseline,price_volatility_cleared,mechanism,348.4852766906353,34,350,8.068491908902619e-54,TRUE
exp6,per_topo_load/entangled_medium_hybrid_noema_calibrated,median_latency,mechanism,304.86104229662,34,350,2.861477531365692e-45,TRUE
exp6,per_topo_load/entangled_medium_hybrid_noema_calibrated,drop_rate,mechanism,358.19040969089474,38,390,1.0347020615905613e-53,TRUE
exp6,per_topo_load/entangled_medium_hybrid_noema_calibrated,utilisation,mechanism,362.570424978414,38,390,1.439264814198173e-54,TRUE
exp6,per_topo_load/entangled_medium_hybrid_noema_calibrated,welfare,mechanism,376.2849791017367,38,390,2.941612716686832e-57,TRUE
exp6,per_topo_load/entangled_medium_hybrid_noema_calibrated,arm_exact_ratio,mechanism,380.57101984149693,38,390,4.225829333936734e-58,TRUE
exp6,per_topo_load/entangled_medium_hybrid_noema_calibrated,mean_price_volatility,mechanism,348.59723844169656,34,350,7.668287776957994e-54,TRUE
exp6,per_topo_load/entangled_medium_hybrid_noema_calibrated,mean_price_volatility_tail,mechanism,348.4852766906353,34,350,8.068491908902619e-54,TRUE
exp6,per_topo_load/entangled_medium_hybrid_noema_calibrated,greedy_exact_ratio,mechanism,NA,38,390,NA,TRUE
exp6,per_topo_load/entangled_medium_hybrid_noema_calibrated,tokens_admitted,mechanism,355.6682451186903,38,390,3.218077245919976e-53,TRUE
exp6,per_topo_load/entangled_medium_hybrid_noema_calibrated,served_among_admitted,mechanism,NA,34,350,NA,TRUE
exp6,per_topo_load/entangled_medium_hybrid_noema_calibrated,welfare_over_optimum,mechanism,380.0196654709679,38,390,5.424609407079159e-58,TRUE
exp6,per_topo_load/entangled_medium_hybrid_noema_calibrated,alloc_ratio_true,mechanism,376.59537263454604,38,390,2.556187820044419e-57,TRUE
exp6,per_topo_load/entangled_medium_hybrid_noema_calibrated,resid_excess,mechanism,44.24801421505068,4,50,5.698084558555828e-9,TRUE
exp6,per_topo_load/entangled_medium_hybrid_noema_calibrated,price_volatility_cleared,mechanism,348.4852766906353,34,350,8.068491908902619e-54,TRUE
exp6,per_topo_load/entangled_medium_naive_baseline,median_latency,mechanism,320.7485388541138,32,330,2.2552987274759842e-49,TRUE
exp6,per_topo_load/entangled_medium_naive_baseline,drop_rate,mechanism,362.5697010457989,36,370,1.4208920851884047e-55,TRUE
exp6,per_topo_load/entangled_medium_naive_baseline,utilisation,mechanism,361.8369656541539,36,370,1.9807359944197016e-55,TRUE
exp6,per_topo_load/entangled_medium_naive_baseline,welfare,mechanism,353.0517835203297,36,370,1.0571703407684023e-53,TRUE
exp6,per_topo_load/entangled_medium_naive_baseline,arm_exact_ratio,mechanism,367.32882641300444,36,370,1.6399682400207503e-56,TRUE
exp6,per_topo_load/entangled_medium_naive_baseline,mean_price_volatility,mechanism,150.4339911463451,32,330,2.862777026975845e-17,TRUE
exp6,per_topo_load/entangled_medium_naive_baseline,mean_price_volatility_tail,mechanism,150.27932638372667,32,330,3.0463409257164096e-17,TRUE
exp6,per_topo_load/entangled_medium_naive_baseline,greedy_exact_ratio,mechanism,58.38944870036017,36,370,0.010536854114611843,TRUE
exp6,per_topo_load/entangled_medium_naive_baseline,tokens_admitted,mechanism,360.6032381794375,36,370,3.464678343247296e-55,TRUE
exp6,per_topo_load/entangled_medium_naive_baseline,served_among_admitted,mechanism,284.3822616020728,32,330,2.963361207581045e-42,TRUE
exp6,per_topo_load/entangled_medium_naive_baseline,welfare_over_optimum,mechanism,353.4957094290632,36,370,8.649039629764804e-54,TRUE
exp6,per_topo_load/entangled_medium_naive_baseline,alloc_ratio_true,mechanism,367.3414134120466,36,370,1.6306234780613086e-56,TRUE
exp6,per_topo_load/entangled_medium_naive_baseline,resid_excess,mechanism,3.034672918062074,2,30,0.219295211533107,TRUE
exp6,per_topo_load/entangled_medium_naive_baseline,price_volatility_cleared,mechanism,150.27932638372667,32,330,3.0463409257164096e-17,TRUE
exp6,per_topo_load/entangled_medium_naive_calibrated,median_latency,mechanism,319.3291041587671,32,330,4.292733385536855e-49,TRUE
exp6,per_topo_load/entangled_medium_naive_calibrated,drop_rate,mechanism,362.44362331801307,36,370,1.5044791940049883e-55,TRUE
exp6,per_topo_load/entangled_medium_naive_calibrated,utilisation,mechanism,362.1079722172275,36,370,1.7517519693800926e-55,TRUE
exp6,per_topo_load/entangled_medium_naive_calibrated,welfare,mechanism,351.3737729591483,36,370,2.257169881158337e-53,TRUE
exp6,per_topo_load/entangled_medium_naive_calibrated,arm_exact_ratio,mechanism,367.21794177888466,36,370,1.7246378256623317e-56,TRUE
exp6,per_topo_load/entangled_medium_naive_calibrated,mean_price_volatility,mechanism,150.43746106435637,32,330,2.8587876815658407e-17,TRUE
exp6,per_topo_load/entangled_medium_naive_calibrated,mean_price_volatility_tail,mechanism,150.27932638372667,32,330,3.0463409257164096e-17,TRUE
exp6,per_topo_load/entangled_medium_naive_calibrated,greedy_exact_ratio,mechanism,58.69134715315,36,370,0.009836726475664418,TRUE
exp6,per_topo_load/entangled_medium_naive_calibrated,tokens_admitted,mechanism,360.47339346777727,36,370,3.674645830113733e-55,TRUE
exp6,per_topo_load/entangled_medium_naive_calibrated,served_among_admitted,mechanism,NA,32,330,NA,TRUE
exp6,per_topo_load/entangled_medium_naive_calibrated,welfare_over_optimum,mechanism,361.134488679398,36,370,2.723369437507896e-55,TRUE
exp6,per_topo_load/entangled_medium_naive_calibrated,alloc_ratio_true,mechanism,367.21146446366134,36,370,1.7297167083736855e-56,TRUE
exp6,per_topo_load/entangled_medium_naive_calibrated,resid_excess,mechanism,7.423922269376826,2,30,0.024429566591802707,TRUE
exp6,per_topo_load/entangled_medium_naive_calibrated,price_volatility_cleared,mechanism,150.27932638372667,32,330,3.0463409257164096e-17,TRUE
exp6,per_topo_load/sp_high_hybrid_noema_baseline,median_latency,mechanism,315.0106584423361,34,350,3.010162867188731e-47,TRUE
exp6,per_topo_load/sp_high_hybrid_noema_baseline,drop_rate,mechanism,337.08192687759265,38,390,1.3386223306703505e-49,TRUE
exp6,per_topo_load/sp_high_hybrid_noema_baseline,utilisation,mechanism,367.21009801155685,38,390,1.776038335307469e-55,TRUE
exp6,per_topo_load/sp_high_hybrid_noema_baseline,welfare,mechanism,374.44706429767285,38,390,6.75507507395459e-57,TRUE
exp6,per_topo_load/sp_high_hybrid_noema_baseline,arm_exact_ratio,mechanism,383.5170274563543,38,390,1.1120679902035889e-58,TRUE
exp6,per_topo_load/sp_high_hybrid_noema_baseline,mean_price_volatility,mechanism,348.8974440410926,34,350,6.690427354624584e-54,TRUE
exp6,per_topo_load/sp_high_hybrid_noema_baseline,mean_price_volatility_tail,mechanism,348.9020008038124,34,350,6.676587712434659e-54,TRUE
exp6,per_topo_load/sp_high_hybrid_noema_baseline,greedy_exact_ratio,mechanism,NA,38,390,NA,TRUE
exp6,per_topo_load/sp_high_hybrid_noema_baseline,tokens_admitted,mechanism,365.7332325036935,38,390,3.458074300179327e-55,TRUE
exp6,per_topo_load/sp_high_hybrid_noema_baseline,served_among_admitted,mechanism,NA,34,350,NA,TRUE
exp6,per_topo_load/sp_high_hybrid_noema_baseline,welfare_over_optimum,mechanism,372.58756153143355,38,390,1.5657640747017951e-56,TRUE
exp6,per_topo_load/sp_high_hybrid_noema_baseline,alloc_ratio_true,mechanism,381.5609975754568,38,390,2.6985687989185666e-58,TRUE
exp6,per_topo_load/sp_high_hybrid_noema_baseline,resid_excess,mechanism,37.72676964534912,4,50,1.275819741532052e-7,TRUE
exp6,per_topo_load/sp_high_hybrid_noema_baseline,price_volatility_cleared,mechanism,348.9020008038124,34,350,6.676587712434659e-54,TRUE
exp6,per_topo_load/sp_high_hybrid_noema_calibrated,median_latency,mechanism,307.0862571118399,34,350,1.0557552555563564e-45,TRUE
exp6,per_topo_load/sp_high_hybrid_noema_calibrated,drop_rate,mechanism,337.08192687759265,38,390,1.3386223306703505e-49,TRUE
exp6,per_topo_load/sp_high_hybrid_noema_calibrated,utilisation,mechanism,367.21009801155685,38,390,1.776038335307469e-55,TRUE
exp6,per_topo_load/sp_high_hybrid_noema_calibrated,welfare,mechanism,378.52380102159907,38,390,1.0679154288674262e-57,TRUE
exp6,per_topo_load/sp_high_hybrid_noema_calibrated,arm_exact_ratio,mechanism,383.59481190421303,38,390,1.073536925902551e-58,TRUE
exp6,per_topo_load/sp_high_hybrid_noema_calibrated,mean_price_volatility,mechanism,348.8974440410926,34,350,6.690427354624584e-54,TRUE
exp6,per_topo_load/sp_high_hybrid_noema_calibrated,mean_price_volatility_tail,mechanism,348.9020008038124,34,350,6.676587712434659e-54,TRUE
exp6,per_topo_load/sp_high_hybrid_noema_calibrated,greedy_exact_ratio,mechanism,NA,38,390,NA,TRUE
exp6,per_topo_load/sp_high_hybrid_noema_calibrated,tokens_admitted,mechanism,365.7332325036935,38,390,3.458074300179327e-55,TRUE
exp6,per_topo_load/sp_high_hybrid_noema_calibrated,served_among_admitted,mechanism,NA,34,350,NA,TRUE
exp6,per_topo_load/sp_high_hybrid_noema_calibrated,welfare_over_optimum,mechanism,372.4393835707301,38,390,1.674215837674651e-56,TRUE
exp6,per_topo_load/sp_high_hybrid_noema_calibrated,alloc_ratio_true,mechanism,381.6384252247257,38,390,2.6055378253732896e-58,TRUE
exp6,per_topo_load/sp_high_hybrid_noema_calibrated,resid_excess,mechanism,36.056416919301284,4,50,2.8173866212961764e-7,TRUE
exp6,per_topo_load/sp_high_hybrid_noema_calibrated,price_volatility_cleared,mechanism,348.9020008038124,34,350,6.676587712434659e-54,TRUE
exp6,per_topo_load/sp_high_naive_baseline,median_latency,mechanism,234.0796051997655,23,240,7.1230240402068686e-37,TRUE
exp6,per_topo_load/sp_high_naive_baseline,drop_rate,mechanism,366.7559641322909,36,370,2.1270424440370186e-56,TRUE
exp6,per_topo_load/sp_high_naive_baseline,utilisation,mechanism,367.4881421343554,36,370,1.5255376588810237e-56,TRUE
exp6,per_topo_load/sp_high_naive_baseline,welfare,mechanism,364.8754719382859,36,370,4.99335990111153e-56,TRUE
exp6,per_topo_load/sp_high_naive_baseline,arm_exact_ratio,mechanism,367.8854732749724,36,370,1.2737219275462182e-56,TRUE
exp6,per_topo_load/sp_high_naive_baseline,mean_price_volatility,mechanism,328.89066428554656,32,330,5.589527864496987e-51,TRUE
exp6,per_topo_load/sp_high_naive_baseline,mean_price_volatility_tail,mechanism,328.89066428554656,32,330,5.589527864496987e-51,TRUE
exp6,per_topo_load/sp_high_naive_baseline,greedy_exact_ratio,mechanism,NA,36,370,NA,TRUE
exp6,per_topo_load/sp_high_naive_baseline,tokens_admitted,mechanism,367.0228464410663,36,370,1.8843522490670286e-56,TRUE
exp6,per_topo_load/sp_high_naive_baseline,served_among_admitted,mechanism,NA,23,240,NA,TRUE
exp6,per_topo_load/sp_high_naive_baseline,welfare_over_optimum,mechanism,366.7380105126951,36,370,2.1444476750454985e-56,TRUE
exp6,per_topo_load/sp_high_naive_baseline,alloc_ratio_true,mechanism,367.82287521146293,36,370,1.3104446398461718e-56,TRUE
exp6,per_topo_load/sp_high_naive_baseline,resid_excess,mechanism,26.270824670824666,2,30,1.9740716210604986e-6,TRUE
exp6,per_topo_load/sp_high_naive_baseline,price_volatility_cleared,mechanism,328.89066428554656,32,330,5.589527864496987e-51,TRUE
exp6,per_topo_load/sp_high_naive_calibrated,median_latency,mechanism,234.1944189761064,23,240,6.760027830189775e-37,TRUE
exp6,per_topo_load/sp_high_naive_calibrated,drop_rate,mechanism,366.7559641322909,36,370,2.1270424440370186e-56,TRUE
exp6,per_topo_load/sp_high_naive_calibrated,utilisation,mechanism,367.4881421343554,36,370,1.5255376588810237e-56,TRUE
exp6,per_topo_load/sp_high_naive_calibrated,welfare,mechanism,366.3437501222767,36,370,2.5646836744538107e-56,TRUE
exp6,per_topo_load/sp_high_naive_calibrated,arm_exact_ratio,mechanism,367.8961120139457,36,370,1.267583838826558e-56,TRUE
exp6,per_topo_load/sp_high_naive_calibrated,mean_price_volatility,mechanism,328.89066428554656,32,330,5.589527864496987e-51,TRUE
exp6,per_topo_load/sp_high_naive_calibrated,mean_price_volatility_tail,mechanism,328.89066428554656,32,330,5.589527864496987e-51,TRUE
exp6,per_topo_load/sp_high_naive_calibrated,greedy_exact_ratio,mechanism,NA,36,370,NA,TRUE
exp6,per_topo_load/sp_high_naive_calibrated,tokens_admitted,mechanism,367.0228009909247,36,370,1.8843911281035866e-56,TRUE
exp6,per_topo_load/sp_high_naive_calibrated,served_among_admitted,mechanism,NA,23,240,NA,TRUE
exp6,per_topo_load/sp_high_naive_calibrated,welfare_over_optimum,mechanism,367.4642450238052,36,370,1.542179220859688e-56,TRUE
exp6,per_topo_load/sp_high_naive_calibrated,alloc_ratio_true,mechanism,367.8335122115393,36,370,1.304130721168248e-56,TRUE
exp6,per_topo_load/sp_high_naive_calibrated,resid_excess,mechanism,25.650392791127533,2,30,2.6920800898550816e-6,TRUE
exp6,per_topo_load/sp_high_naive_calibrated,price_volatility_cleared,mechanism,328.89066428554656,32,330,5.589527864496987e-51,TRUE
exp6,per_topo_load/sp_medium_hybrid_noema_baseline,median_latency,mechanism,296.9115405053153,34,350,1.0012643217027231e-43,TRUE
exp6,per_topo_load/sp_medium_hybrid_noema_baseline,drop_rate,mechanism,362.71564213992457,38,390,1.348089290968345e-54,TRUE
exp6,per_topo_load/sp_medium_hybrid_noema_baseline,utilisation,mechanism,352.1132437032209,38,390,1.5904255368667373e-52,TRUE
exp6,per_topo_load/sp_medium_hybrid_noema_baseline,welfare,mechanism,351.8552370811868,38,390,1.7858476426580974e-52,TRUE
exp6,per_topo_load/sp_medium_hybrid_noema_baseline,arm_exact_ratio,mechanism,385.02146112460815,38,390,5.6218508138863e-59,TRUE
exp6,per_topo_load/sp_medium_hybrid_noema_baseline,mean_price_volatility,mechanism,348.7699017212864,34,350,7.089645482319408e-54,TRUE
exp6,per_topo_load/sp_medium_hybrid_noema_baseline,mean_price_volatility_tail,mechanism,348.81200034431976,34,350,6.955308483520422e-54,TRUE
exp6,per_topo_load/sp_medium_hybrid_noema_baseline,greedy_exact_ratio,mechanism,NA,38,390,NA,TRUE
exp6,per_topo_load/sp_medium_hybrid_noema_baseline,tokens_admitted,mechanism,352.029921405476,38,390,1.6510796600384763e-52,TRUE
exp6,per_topo_load/sp_medium_hybrid_noema_baseline,served_among_admitted,mechanism,NA,34,350,NA,TRUE
exp6,per_topo_load/sp_medium_hybrid_noema_baseline,welfare_over_optimum,mechanism,349.1284954271251,38,390,6.074537670488163e-52,TRUE
exp6,per_topo_load/sp_medium_hybrid_noema_baseline,alloc_ratio_true,mechanism,384.0302291084161,38,390,8.812220223747146e-59,TRUE
exp6,per_topo_load/sp_medium_hybrid_noema_baseline,resid_excess,mechanism,35.427590361445795,4,50,3.7945333251862545e-7,TRUE
exp6,per_topo_load/sp_medium_hybrid_noema_baseline,price_volatility_cleared,mechanism,348.81200034431976,34,350,6.955308483520422e-54,TRUE
exp6,per_topo_load/sp_medium_hybrid_noema_calibrated,median_latency,mechanism,294.2003713376174,34,350,3.3574190942603395e-43,TRUE
exp6,per_topo_load/sp_medium_hybrid_noema_calibrated,drop_rate,mechanism,362.7567762875692,38,390,1.3233283509303468e-54,TRUE
exp6,per_topo_load/sp_medium_hybrid_noema_calibrated,utilisation,mechanism,352.1132437032209,38,390,1.5904255368667373e-52,TRUE
exp6,per_topo_load/sp_medium_hybrid_noema_calibrated,welfare,mechanism,359.1960427704062,38,390,6.580023980902713e-54,TRUE
exp6,per_topo_load/sp_medium_hybrid_noema_calibrated,arm_exact_ratio,mechanism,384.91837572805025,38,390,5.890912811337326e-59,TRUE
exp6,per_topo_load/sp_medium_hybrid_noema_calibrated,mean_price_volatility,mechanism,348.8974440410926,34,350,6.690427354624584e-54,TRUE
exp6,per_topo_load/sp_medium_hybrid_noema_calibrated,mean_price_volatility_tail,mechanism,348.89131075669894,34,350,6.709100428598244e-54,TRUE
exp6,per_topo_load/sp_medium_hybrid_noema_calibrated,greedy_exact_ratio,mechanism,NA,38,390,NA,TRUE
exp6,per_topo_load/sp_medium_hybrid_noema_calibrated,tokens_admitted,mechanism,352.029921405476,38,390,1.6510796600384763e-52,TRUE
exp6,per_topo_load/sp_medium_hybrid_noema_calibrated,served_among_admitted,mechanism,NA,34,350,NA,TRUE
exp6,per_topo_load/sp_medium_hybrid_noema_calibrated,welfare_over_optimum,mechanism,378.5293868734451,38,390,1.0652182594156013e-57,TRUE
exp6,per_topo_load/sp_medium_hybrid_noema_calibrated,alloc_ratio_true,mechanism,383.92737195167126,38,390,9.232904421401216e-59,TRUE
exp6,per_topo_load/sp_medium_hybrid_noema_calibrated,resid_excess,mechanism,36.056746337702386,4,50,2.816946993446969e-7,TRUE
exp6,per_topo_load/sp_medium_hybrid_noema_calibrated,price_volatility_cleared,mechanism,348.89131075669894,34,350,6.709100428598244e-54,TRUE
exp6,per_topo_load/sp_medium_naive_baseline,median_latency,mechanism,233.7702019529045,23,240,8.201145887277308e-37,TRUE
exp6,per_topo_load/sp_medium_naive_baseline,drop_rate,mechanism,366.53944802806643,36,370,2.3467024365414344e-56,TRUE
exp6,per_topo_load/sp_medium_naive_baseline,utilisation,mechanism,366.6504071294397,36,370,2.231438641293574e-56,TRUE
exp6,per_topo_load/sp_medium_naive_baseline,welfare,mechanism,363.1894635469029,36,370,1.072791078203236e-55,TRUE
exp6,per_topo_load/sp_medium_naive_baseline,arm_exact_ratio,mechanism,367.4813574426181,36,370,1.5302440802154872e-56,TRUE
exp6,per_topo_load/sp_medium_naive_baseline,mean_price_volatility,mechanism,328.7546904152071,32,330,5.946007079923961e-51,TRUE
exp6,per_topo_load/sp_medium_naive_baseline,mean_price_volatility_tail,mechanism,328.7546904152071,32,330,5.946007079923961e-51,TRUE
exp6,per_topo_load/sp_medium_naive_baseline,greedy_exact_ratio,mechanism,NA,36,370,NA,TRUE
exp6,per_topo_load/sp_medium_naive_baseline,tokens_admitted,mechanism,366.6270002284671,36,370,2.2552731298750876e-56,TRUE
exp6,per_topo_load/sp_medium_naive_baseline,served_among_admitted,mechanism,NA,23,240,NA,TRUE
exp6,per_topo_load/sp_medium_naive_baseline,welfare_over_optimum,mechanism,364.73347786533117,36,370,5.325616939845538e-56,TRUE
exp6,per_topo_load/sp_medium_naive_baseline,alloc_ratio_true,mechanism,367.4411315783903,36,370,1.5584476301252944e-56,TRUE
exp6,per_topo_load/sp_medium_naive_baseline,resid_excess,mechanism,23.62013372956911,2,30,7.429389535043826e-6,TRUE
exp6,per_topo_load/sp_medium_naive_baseline,price_volatility_cleared,mechanism,328.7546904152071,32,330,5.946007079923961e-51,TRUE
exp6,per_topo_load/sp_medium_naive_calibrated,median_latency,mechanism,232.8245559262712,23,240,1.2615536714940517e-36,TRUE
exp6,per_topo_load/sp_medium_naive_calibrated,drop_rate,mechanism,366.51877649639147,36,370,2.368824438635041e-56,TRUE
exp6,per_topo_load/sp_medium_naive_calibrated,utilisation,mechanism,366.6211642423485,36,370,2.261255245817717e-56,TRUE
exp6,per_topo_load/sp_medium_naive_calibrated,welfare,mechanism,366.60983382394625,36,370,2.2729146899054885e-56,TRUE
exp6,per_topo_load/sp_medium_naive_calibrated,arm_exact_ratio,mechanism,367.16396749080616,36,370,1.7674187527373843e-56,TRUE
exp6,per_topo_load/sp_medium_naive_calibrated,mean_price_volatility,mechanism,328.83314707333767,32,330,5.73763592753697e-51,TRUE
exp6,per_topo_load/sp_medium_naive_calibrated,mean_price_volatility_tail,mechanism,328.8486970416147,32,330,5.697211880473845e-51,TRUE
exp6,per_topo_load/sp_medium_naive_calibrated,greedy_exact_ratio,mechanism,NA,36,370,NA,TRUE
exp6,per_topo_load/sp_medium_naive_calibrated,tokens_admitted,mechanism,366.5972580986295,36,370,2.2859259664791224e-56,TRUE
exp6,per_topo_load/sp_medium_naive_calibrated,served_among_admitted,mechanism,NA,23,240,NA,TRUE
exp6,per_topo_load/sp_medium_naive_calibrated,welfare_over_optimum,mechanism,367.2139441782152,36,370,1.7277705931247725e-56,TRUE
exp6,per_topo_load/sp_medium_naive_calibrated,alloc_ratio_true,mechanism,367.1237734213146,36,370,1.7999647697772613e-56,TRUE
exp6,per_topo_load/sp_medium_naive_calibrated,resid_excess,mechanism,22.643274708942275,2,30,1.210808248401696e-5,TRUE
exp6,per_topo_load/sp_medium_naive_calibrated,price_volatility_cleared,mechanism,328.8486970416147,32,330,5.697211880473845e-51,TRUE
exp6,per_topo_load/tree_high_hybrid_noema_baseline,median_latency,mechanism,326.301782863441,34,350,1.861187992241543e-49,TRUE
exp6,per_topo_load/tree_high_hybrid_noema_baseline,drop_rate,mechanism,376.10225458220197,38,390,3.1951308139611976e-57,TRUE
exp6,per_topo_load/tree_high_hybrid_noema_baseline,utilisation,mechanism,379.29923238188456,38,390,7.517264583360478e-58,TRUE
exp6,per_topo_load/tree_high_hybrid_noema_baseline,welfare,mechanism,379.1858893479705,38,390,7.913144070149685e-58,TRUE
exp6,per_topo_load/tree_high_hybrid_noema_baseline,arm_exact_ratio,mechanism,385.57433163181105,38,390,4.375007072515928e-59,TRUE
exp6,per_topo_load/tree_high_hybrid_noema_baseline,mean_price_volatility,mechanism,348.77452000793784,34,350,7.074782768188554e-54,TRUE
exp6,per_topo_load/tree_high_hybrid_noema_baseline,mean_price_volatility_tail,mechanism,348.76686946415623,34,350,7.099420952479944e-54,TRUE
exp6,per_topo_load/tree_high_hybrid_noema_baseline,greedy_exact_ratio,mechanism,NA,38,390,NA,TRUE
exp6,per_topo_load/tree_high_hybrid_noema_baseline,tokens_admitted,mechanism,378.309193089191,38,390,1.1768756930984763e-57,TRUE
exp6,per_topo_load/tree_high_hybrid_noema_baseline,served_among_admitted,mechanism,283.3974933285406,34,350,4.11013358914722e-41,TRUE
exp6,per_topo_load/tree_high_hybrid_noema_baseline,welfare_over_optimum,mechanism,380.5715066140908,38,390,4.224897661518136e-58,TRUE
exp6,per_topo_load/tree_high_hybrid_noema_baseline,alloc_ratio_true,mechanism,381.945369294409,38,390,2.2672227950076926e-58,TRUE
exp6,per_topo_load/tree_high_hybrid_noema_baseline,resid_excess,mechanism,46.06715328467154,4,50,2.3848615539483366e-9,TRUE
exp6,per_topo_load/tree_high_hybrid_noema_baseline,price_volatility_cleared,mechanism,348.76686946415623,34,350,7.099420952479944e-54,TRUE
exp6,per_topo_load/tree_high_hybrid_noema_calibrated,median_latency,mechanism,334.0336563457563,34,350,5.655772331762045e-51,TRUE
exp6,per_topo_load/tree_high_hybrid_noema_calibrated,drop_rate,mechanism,377.5181109508706,38,390,1.6836140259482205e-57,TRUE
exp6,per_topo_load/tree_high_hybrid_noema_calibrated,utilisation,mechanism,379.1097504947729,38,390,8.190711171415377e-58,TRUE
exp6,per_topo_load/tree_high_hybrid_noema_calibrated,welfare,mechanism,380.5442093624869,38,390,4.277462381219977e-58,TRUE
exp6,per_topo_load/tree_high_hybrid_noema_calibrated,arm_exact_ratio,mechanism,385.56925813151156,38,390,4.385086596657095e-59,TRUE
exp6,per_topo_load/tree_high_hybrid_noema_calibrated,mean_price_volatility,mechanism,348.77452000793784,34,350,7.074782768188554e-54,TRUE
exp6,per_topo_load/tree_high_hybrid_noema_calibrated,mean_price_volatility_tail,mechanism,348.76686946415623,34,350,7.099420952479944e-54,TRUE
exp6,per_topo_load/tree_high_hybrid_noema_calibrated,greedy_exact_ratio,mechanism,NA,38,390,NA,TRUE
exp6,per_topo_load/tree_high_hybrid_noema_calibrated,tokens_admitted,mechanism,378.2705254026164,38,390,1.1976577323195327e-57,TRUE
exp6,per_topo_load/tree_high_hybrid_noema_calibrated,served_among_admitted,mechanism,NA,34,350,NA,TRUE
exp6,per_topo_load/tree_high_hybrid_noema_calibrated,welfare_over_optimum,mechanism,379.76124931068404,38,390,6.098116764262485e-58,TRUE
exp6,per_topo_load/tree_high_hybrid_noema_calibrated,alloc_ratio_true,mechanism,381.8713329678591,38,390,2.34457528572762e-58,TRUE
exp6,per_topo_load/tree_high_hybrid_noema_calibrated,resid_excess,mechanism,46.06715328467154,4,50,2.3848615539483366e-9,TRUE
exp6,per_topo_load/tree_high_hybrid_noema_calibrated,price_volatility_cleared,mechanism,348.76686946415623,34,350,7.099420952479944e-54,TRUE
exp6,per_topo_load/tree_high_naive_baseline,median_latency,mechanism,323.3994256837476,32,330,6.773730808901997e-50,TRUE
exp6,per_topo_load/tree_high_naive_baseline,drop_rate,mechanism,360.53241752376647,36,370,3.577668253596041e-55,TRUE
exp6,per_topo_load/tree_high_naive_baseline,utilisation,mechanism,366.10826026761845,36,370,2.853977746960652e-56,TRUE
exp6,per_topo_load/tree_high_naive_baseline,welfare,mechanism,365.1209362449791,36,370,4.467108446465e-56,TRUE
exp6,per_topo_load/tree_high_naive_baseline,arm_exact_ratio,mechanism,366.24085325089607,36,370,2.687298471874003e-56,TRUE
exp6,per_topo_load/tree_high_naive_baseline,mean_price_volatility,mechanism,328.89066428554656,32,330,5.589527864496987e-51,TRUE
exp6,per_topo_load/tree_high_naive_baseline,mean_price_volatility_tail,mechanism,328.89066428554656,32,330,5.589527864496987e-51,TRUE
exp6,per_topo_load/tree_high_naive_baseline,greedy_exact_ratio,mechanism,Inf,36,370,0,FALSE
exp6,per_topo_load/tree_high_naive_baseline,tokens_admitted,mechanism,361.6631093546014,36,370,2.14314778150129e-55,TRUE
exp6,per_topo_load/tree_high_naive_baseline,served_among_admitted,mechanism,322.1527839182163,32,330,1.1927289626243303e-49,TRUE
exp6,per_topo_load/tree_high_naive_baseline,welfare_over_optimum,mechanism,361.7638531500528,36,370,2.0474806198422195e-55,TRUE
exp6,per_topo_load/tree_high_naive_baseline,alloc_ratio_true,mechanism,365.7415968962478,36,370,3.370672919598652e-56,TRUE
exp6,per_topo_load/tree_high_naive_baseline,resid_excess,mechanism,25.80645161290323,2,30,2.4900050821849317e-6,TRUE
exp6,per_topo_load/tree_high_naive_baseline,price_volatility_cleared,mechanism,328.89066428554656,32,330,5.589527864496987e-51,TRUE
exp6,per_topo_load/tree_high_naive_calibrated,median_latency,mechanism,322.8056046507627,32,330,8.86915736120131e-50,TRUE
exp6,per_topo_load/tree_high_naive_calibrated,drop_rate,mechanism,346.55084217943187,36,370,1.992732019966342e-52,TRUE
exp6,per_topo_load/tree_high_naive_calibrated,utilisation,mechanism,365.97969949398123,36,370,3.0254472127621912e-56,TRUE
exp6,per_topo_load/tree_high_naive_calibrated,welfare,mechanism,362.6106773230443,36,370,1.3947377339718851e-55,TRUE
exp6,per_topo_load/tree_high_naive_calibrated,arm_exact_ratio,mechanism,365.76282268362036,36,370,3.3383617917016262e-56,TRUE
exp6,per_topo_load/tree_high_naive_calibrated,mean_price_volatility,mechanism,328.89066428554656,32,330,5.589527864496987e-51,TRUE
exp6,per_topo_load/tree_high_naive_calibrated,mean_price_volatility_tail,mechanism,328.89066428554656,32,330,5.589527864496987e-51,TRUE
exp6,per_topo_load/tree_high_naive_calibrated,greedy_exact_ratio,mechanism,NA,36,370,NA,TRUE
exp6,per_topo_load/tree_high_naive_calibrated,tokens_admitted,mechanism,361.3009241315192,36,370,2.5254969740622377e-55,TRUE
exp6,per_topo_load/tree_high_naive_calibrated,served_among_admitted,mechanism,NA,32,330,NA,TRUE
exp6,per_topo_load/tree_high_naive_calibrated,welfare_over_optimum,mechanism,359.0030645341684,36,370,7.153196764387444e-55,TRUE
exp6,per_topo_load/tree_high_naive_calibrated,alloc_ratio_true,mechanism,365.35952609210665,36,370,4.0087734181847513e-56,TRUE
exp6,per_topo_load/tree_high_naive_calibrated,resid_excess,mechanism,24.35096774193549,2,30,5.155307090061318e-6,TRUE
exp6,per_topo_load/tree_high_naive_calibrated,price_volatility_cleared,mechanism,328.89066428554656,32,330,5.589527864496987e-51,TRUE
exp6,per_topo_load/tree_medium_hybrid_noema_baseline,median_latency,mechanism,308.608968777171,34,350,5.3337903568638e-46,TRUE
exp6,per_topo_load/tree_medium_hybrid_noema_baseline,drop_rate,mechanism,358.19040969089474,38,390,1.0347020615905613e-53,TRUE
exp6,per_topo_load/tree_medium_hybrid_noema_baseline,utilisation,mechanism,356.5134563000406,38,390,2.2004010822317573e-53,TRUE
exp6,per_topo_load/tree_medium_hybrid_noema_baseline,welfare,mechanism,377.3524217470738,38,390,1.8147200645958301e-57,TRUE
exp6,per_topo_load/tree_medium_hybrid_noema_baseline,arm_exact_ratio,mechanism,380.57101984149693,38,390,4.225829333936734e-58,TRUE
exp6,per_topo_load/tree_medium_hybrid_noema_baseline,mean_price_volatility,mechanism,348.59723844169656,34,350,7.668287776957994e-54,TRUE
exp6,per_topo_load/tree_medium_hybrid_noema_baseline,mean_price_volatility_tail,mechanism,348.4852766906353,34,350,8.068491908902619e-54,TRUE
exp6,per_topo_load/tree_medium_hybrid_noema_baseline,greedy_exact_ratio,mechanism,NA,38,390,NA,TRUE
exp6,per_topo_load/tree_medium_hybrid_noema_baseline,tokens_admitted,mechanism,355.6682451186903,38,390,3.218077245919976e-53,TRUE
exp6,per_topo_load/tree_medium_hybrid_noema_baseline,served_among_admitted,mechanism,NA,34,350,NA,TRUE
exp6,per_topo_load/tree_medium_hybrid_noema_baseline,welfare_over_optimum,mechanism,376.62819546005693,38,390,2.518504472038506e-57,TRUE
exp6,per_topo_load/tree_medium_hybrid_noema_baseline,alloc_ratio_true,mechanism,376.525747138844,38,390,2.6379995576335675e-57,TRUE
exp6,per_topo_load/tree_medium_hybrid_noema_baseline,resid_excess,mechanism,44.08046120586113,4,50,6.173568776726199e-9,TRUE
exp6,per_topo_load/tree_medium_hybrid_noema_baseline,price_volatility_cleared,mechanism,348.4852766906353,34,350,8.068491908902619e-54,TRUE
exp6,per_topo_load/tree_medium_hybrid_noema_calibrated,median_latency,mechanism,303.76523607690854,34,350,4.6741291893677725e-45,TRUE
exp6,per_topo_load/tree_medium_hybrid_noema_calibrated,drop_rate,mechanism,358.19040969089474,38,390,1.0347020615905613e-53,TRUE
exp6,per_topo_load/tree_medium_hybrid_noema_calibrated,utilisation,mechanism,356.5134563000406,38,390,2.2004010822317573e-53,TRUE
exp6,per_topo_load/tree_medium_hybrid_noema_calibrated,welfare,mechanism,376.22411427806486,38,390,3.023743135624984e-57,TRUE
exp6,per_topo_load/tree_medium_hybrid_noema_calibrated,arm_exact_ratio,mechanism,380.57101984149693,38,390,4.225829333936734e-58,TRUE
exp6,per_topo_load/tree_medium_hybrid_noema_calibrated,mean_price_volatility,mechanism,348.59723844169656,34,350,7.668287776957994e-54,TRUE
exp6,per_topo_load/tree_medium_hybrid_noema_calibrated,mean_price_volatility_tail,mechanism,348.4852766906353,34,350,8.068491908902619e-54,TRUE
exp6,per_topo_load/tree_medium_hybrid_noema_calibrated,greedy_exact_ratio,mechanism,NA,38,390,NA,TRUE
exp6,per_topo_load/tree_medium_hybrid_noema_calibrated,tokens_admitted,mechanism,355.6682451186903,38,390,3.218077245919976e-53,TRUE
exp6,per_topo_load/tree_medium_hybrid_noema_calibrated,served_among_admitted,mechanism,NA,34,350,NA,TRUE
exp6,per_topo_load/tree_medium_hybrid_noema_calibrated,welfare_over_optimum,mechanism,379.6301484809898,38,390,6.47113232621885e-58,TRUE
exp6,per_topo_load/tree_medium_hybrid_noema_calibrated,alloc_ratio_true,mechanism,376.525747138844,38,390,2.6379995576335675e-57,TRUE
exp6,per_topo_load/tree_medium_hybrid_noema_calibrated,resid_excess,mechanism,44.24801421505068,4,50,5.698084558555828e-9,TRUE
exp6,per_topo_load/tree_medium_hybrid_noema_calibrated,price_volatility_cleared,mechanism,348.4852766906353,34,350,8.068491908902619e-54,TRUE
exp6,per_topo_load/tree_medium_naive_baseline,median_latency,mechanism,306.32769577200844,32,330,1.5383547953561689e-46,TRUE
exp6,per_topo_load/tree_medium_naive_baseline,drop_rate,mechanism,357.7013537661218,36,370,1.2897558645761644e-54,TRUE
exp6,per_topo_load/tree_medium_naive_baseline,utilisation,mechanism,351.3381800908407,36,370,2.2937700591798988e-53,TRUE
exp6,per_topo_load/tree_medium_naive_baseline,welfare,mechanism,340.1094082773287,36,370,3.635384012348616e-51,TRUE
exp6,per_topo_load/tree_medium_naive_baseline,arm_exact_ratio,mechanism,366.21218402475256,36,370,2.722493305099455e-56,TRUE
exp6,per_topo_load/tree_medium_naive_baseline,mean_price_volatility,mechanism,328.64045115962057,32,330,6.263008608525467e-51,TRUE
exp6,per_topo_load/tree_medium_naive_baseline,mean_price_volatility_tail,mechanism,328.6292304438751,32,330,6.295041532915799e-51,TRUE
exp6,per_topo_load/tree_medium_naive_baseline,greedy_exact_ratio,mechanism,NA,36,370,NA,TRUE
exp6,per_topo_load/tree_medium_naive_baseline,tokens_admitted,mechanism,351.34151236447843,36,370,2.2903184633670964e-53,TRUE
exp6,per_topo_load/tree_medium_naive_baseline,served_among_admitted,mechanism,275.8991850764714,32,330,1.3125931471134956e-40,TRUE
exp6,per_topo_load/tree_medium_naive_baseline,welfare_over_optimum,mechanism,342.35145907680953,36,370,1.3240181988565217e-51,TRUE
exp6,per_topo_load/tree_medium_naive_baseline,alloc_ratio_true,mechanism,366.2137485051189,36,370,2.7205608934209226e-56,TRUE
exp6,per_topo_load/tree_medium_naive_baseline,resid_excess,mechanism,18.804162956366895,2,30,8.255205629779312e-5,TRUE
exp6,per_topo_load/tree_medium_naive_baseline,price_volatility_cleared,mechanism,328.6292304438751,32,330,6.295041532915799e-51,TRUE
exp6,per_topo_load/tree_medium_naive_calibrated,median_latency,mechanism,306.3523924035333,32,330,1.5213009777014274e-46,TRUE
exp6,per_topo_load/tree_medium_naive_calibrated,drop_rate,mechanism,357.6175946441423,36,370,1.3396060872230053e-54,TRUE
exp6,per_topo_load/tree_medium_naive_calibrated,utilisation,mechanism,351.31294264523706,36,370,2.320080535579772e-53,TRUE
exp6,per_topo_load/tree_medium_naive_calibrated,welfare,mechanism,346.1164896501371,36,370,2.4241889169452036e-52,TRUE
exp6,per_topo_load/tree_medium_naive_calibrated,arm_exact_ratio,mechanism,366.2518563377126,36,370,2.6739119612758045e-56,TRUE
exp6,per_topo_load/tree_medium_naive_calibrated,mean_price_volatility,mechanism,328.68966327513675,32,330,6.124430648149595e-51,TRUE
exp6,per_topo_load/tree_medium_naive_calibrated,mean_price_volatility_tail,mechanism,328.68966327513675,32,330,6.124430648149595e-51,TRUE
exp6,per_topo_load/tree_medium_naive_calibrated,greedy_exact_ratio,mechanism,NA,36,370,NA,TRUE
exp6,per_topo_load/tree_medium_naive_calibrated,tokens_admitted,mechanism,351.34171902139275,36,370,2.2901045774823813e-53,TRUE
exp6,per_topo_load/tree_medium_naive_calibrated,served_among_admitted,mechanism,NA,32,330,NA,TRUE
exp6,per_topo_load/tree_medium_naive_calibrated,welfare_over_optimum,mechanism,360.5012013075889,36,370,3.628634045438401e-55,TRUE
exp6,per_topo_load/tree_medium_naive_calibrated,alloc_ratio_true,mechanism,366.2068335351021,36,370,2.7291124858506527e-56,TRUE
exp6,per_topo_load/tree_medium_naive_calibrated,resid_excess,mechanism,18.48959910913142,2,30,9.661277737155981e-5,TRUE
exp6,per_topo_load/tree_medium_naive_calibrated,price_volatility_cleared,mechanism,328.68966327513675,32,330,6.124430648149595e-51,TRUE
exp6,per_architecture/hybrid_noema_baseline,median_latency,mechanism,803.2689699798494,34,2100,8.524019049713288e-147,TRUE
exp6,per_architecture/hybrid_noema_baseline,drop_rate,mechanism,1517.7238856120105,38,2340,3.002243389852573e-294,TRUE
exp6,per_architecture/hybrid_noema_baseline,utilisation,mechanism,1733.860997601516,38,2340,0,TRUE
exp6,per_architecture/hybrid_noema_baseline,welfare,mechanism,899.9649227429154,38,2340,3.499189005532576e-164,TRUE
exp6,per_architecture/hybrid_noema_baseline,arm_exact_ratio,mechanism,2144.7802193182206,38,2340,0,TRUE
exp6,per_architecture/hybrid_noema_baseline,mean_price_volatility,mechanism,1869.5894200849068,34,2100,0,TRUE
exp6,per_architecture/hybrid_noema_baseline,mean_price_volatility_tail,mechanism,1867.0641230081317,34,2100,0,TRUE
exp6,per_architecture/hybrid_noema_baseline,greedy_exact_ratio,mechanism,NA,38,2340,NA,TRUE
exp6,per_architecture/hybrid_noema_baseline,tokens_admitted,mechanism,1279.3769972085431,38,2340,7.948463989157065e-244,TRUE
exp6,per_architecture/hybrid_noema_baseline,served_among_admitted,mechanism,404.27171226569794,34,2100,6.588739321436883e-65,TRUE
exp6,per_architecture/hybrid_noema_baseline,welfare_over_optimum,mechanism,1083.9192711252003,38,2340,1.1210514539287793e-202,TRUE
exp6,per_architecture/hybrid_noema_baseline,alloc_ratio_true,mechanism,1683.421193724189,38,2340,0,TRUE
exp6,per_architecture/hybrid_noema_baseline,resid_excess,mechanism,174.9213816163287,4,300,9.184487451158602e-37,TRUE
exp6,per_architecture/hybrid_noema_baseline,price_volatility_cleared,mechanism,1867.0641230081317,34,2100,0,TRUE
exp6,per_architecture/hybrid_noema_calibrated,median_latency,mechanism,847.141702426614,34,2100,5.921004791974876e-156,TRUE
exp6,per_architecture/hybrid_noema_calibrated,drop_rate,mechanism,1529.32291842026,38,2340,1.0427587102017031e-296,TRUE
exp6,per_architecture/hybrid_noema_calibrated,utilisation,mechanism,1732.9579190625548,38,2340,0,TRUE
exp6,per_architecture/hybrid_noema_calibrated,welfare,mechanism,1062.9558023778006,38,2340,2.8145370359564812e-198,TRUE
exp6,per_architecture/hybrid_noema_calibrated,arm_exact_ratio,mechanism,2145.104389853698,38,2340,0,TRUE
exp6,per_architecture/hybrid_noema_calibrated,mean_price_volatility,mechanism,1869.6057166320895,34,2100,0,TRUE
exp6,per_architecture/hybrid_noema_calibrated,mean_price_volatility_tail,mechanism,1867.2336078297183,34,2100,0,TRUE
exp6,per_architecture/hybrid_noema_calibrated,greedy_exact_ratio,mechanism,NA,38,2340,NA,TRUE
exp6,per_architecture/hybrid_noema_calibrated,tokens_admitted,mechanism,1284.6475645370583,38,2340,6.135937387064502e-245,TRUE
exp6,per_architecture/hybrid_noema_calibrated,served_among_admitted,mechanism,NA,34,2100,NA,TRUE
exp6,per_architecture/hybrid_noema_calibrated,welfare_over_optimum,mechanism,1754.720624740361,38,2340,0,TRUE
exp6,per_architecture/hybrid_noema_calibrated,alloc_ratio_true,mechanism,1686.1180079113649,38,2340,0,TRUE
exp6,per_architecture/hybrid_noema_calibrated,resid_excess,mechanism,172.47766248884102,4,300,3.073698770376024e-36,TRUE
exp6,per_architecture/hybrid_noema_calibrated,price_volatility_cleared,mechanism,1867.2336078297183,34,2100,0,TRUE
exp6,per_architecture/naive_baseline,median_latency,mechanism,854.4801784139547,32,1800,6.472182993117069e-159,TRUE
exp6,per_architecture/naive_baseline,drop_rate,mechanism,1489.5070656526761,36,2220,6.931223029563979e-290,TRUE
exp6,per_architecture/naive_baseline,utilisation,mechanism,1559.91248497255,36,2220,7.8161207016004e-305,TRUE
exp6,per_architecture/naive_baseline,welfare,mechanism,703.6082184994251,36,2220,9.352080569732405e-125,TRUE
exp6,per_architecture/naive_baseline,arm_exact_ratio,mechanism,1779.950846875207,36,2220,0,TRUE
exp6,per_architecture/naive_baseline,mean_price_volatility,mechanism,722.0633688557041,32,1980,2.9579251997184073e-131,TRUE
exp6,per_architecture/naive_baseline,mean_price_volatility_tail,mechanism,722.0831562040321,32,1980,2.9300054243667895e-131,TRUE
exp6,per_architecture/naive_baseline,greedy_exact_ratio,mechanism,6.306841791261512,36,2220,0.9999999924105015,TRUE
exp6,per_architecture/naive_baseline,tokens_admitted,mechanism,1084.7366676870386,36,2220,2.5012912130843706e-204,TRUE
exp6,per_architecture/naive_baseline,served_among_admitted,mechanism,278.27403728200125,32,1800,4.548075082375579e-41,TRUE
exp6,per_architecture/naive_baseline,welfare_over_optimum,mechanism,741.0657173143321,36,2220,1.6555724388446865e-132,TRUE
exp6,per_architecture/naive_baseline,alloc_ratio_true,mechanism,1785.9203521943493,36,2220,0,TRUE
exp6,per_architecture/naive_baseline,resid_excess,mechanism,9.564715941945307,2,180,0.008376224768295644,TRUE
exp6,per_architecture/naive_baseline,price_volatility_cleared,mechanism,722.0831562040321,32,1980,2.9300054243667895e-131,TRUE
exp6,per_architecture/naive_calibrated,median_latency,mechanism,790.6494102963169,32,1800,1.469692055327527e-145,TRUE
exp6,per_architecture/naive_calibrated,drop_rate,mechanism,1575.125212142118,36,2220,4.582988391591851e-308,TRUE
exp6,per_architecture/naive_calibrated,utilisation,mechanism,1535.7848398208814,36,2220,1.0406552842697513e-299,TRUE
exp6,per_architecture/naive_calibrated,welfare,mechanism,928.7177341131903,36,2220,1.3586653592613588e-171,TRUE
exp6,per_architecture/naive_calibrated,arm_exact_ratio,mechanism,1769.0462018470955,36,2220,0,TRUE
exp6,per_architecture/naive_calibrated,mean_price_volatility,mechanism,722.1455959163708,32,1980,2.843619495736009e-131,TRUE
exp6,per_architecture/naive_calibrated,mean_price_volatility_tail,mechanism,722.1502038314934,32,1980,2.837346235708953e-131,TRUE
exp6,per_architecture/naive_calibrated,greedy_exact_ratio,mechanism,5.765532710201235,36,2220,0.999999998054404,TRUE
exp6,per_architecture/naive_calibrated,tokens_admitted,mechanism,1074.805317202174,36,2220,3.068684398396659e-202,TRUE
exp6,per_architecture/naive_calibrated,served_among_admitted,mechanism,NA,32,1800,NA,TRUE
exp6,per_architecture/naive_calibrated,welfare_over_optimum,mechanism,1444.0854111603612,36,2220,2.989994902391056e-280,TRUE
exp6,per_architecture/naive_calibrated,alloc_ratio_true,mechanism,1775.4497064182951,36,2220,0,TRUE
exp6,per_architecture/naive_calibrated,resid_excess,mechanism,10.19450859401404,2,180,0.006113509423191154,TRUE
exp6,per_architecture/naive_calibrated,price_volatility_cleared,mechanism,722.1502038314934,32,1980,2.837346235708953e-131,TRUE
exp10,per_topo_load/entangled_skewed,median_latency,interface,25.80645161290323,2,30,2.4900050821849317e-6,TRUE
exp10,per_topo_load/entangled_skewed,drop_rate,interface,25.80645161290323,2,30,2.4900050821849317e-6,TRUE
exp10,per_topo_load/entangled_skewed,utilisation,interface,25.80645161290323,2,30,2.4900050821849317e-6,TRUE
exp10,per_topo_load/entangled_skewed,welfare,interface,25.80645161290323,2,30,2.4900050821849317e-6,TRUE
exp10,per_topo_load/entangled_skewed,arm_exact_ratio,interface,19.61290322580645,2,30,5.5094998739498565e-5,TRUE
exp10,per_topo_load/entangled_skewed,mean_price_volatility,interface,25.80645161290323,2,30,2.4900050821849317e-6,TRUE
exp10,per_topo_load/entangled_skewed,mean_price_volatility_tail,interface,25.80645161290323,2,30,2.4900050821849317e-6,TRUE
exp10,per_topo_load/entangled_skewed,greedy_exact_ratio,interface,NA,2,30,NA,TRUE
exp10,per_topo_load/entangled_skewed,tokens_admitted,interface,25.812194036493107,2,30,2.482866004030669e-6,TRUE
exp10,per_topo_load/entangled_skewed,welfare_over_optimum,interface,25.055483870967734,2,30,3.6246894746808065e-6,TRUE
exp10,per_topo_load/entangled_skewed,alloc_ratio_true,interface,25.80645161290323,2,30,2.4900050821849317e-6,TRUE
exp10,per_topo_load/entangled_skewed,resid_excess,interface,25.30064516129032,2,30,3.206525580636636e-6,TRUE
exp10,per_topo_load/entangled_skewed,price_volatility_cleared,interface,25.80645161290323,2,30,2.4900050821849317e-6,TRUE
exp10,per_topo_load/entangled_uniform,median_latency,interface,25.80645161290323,2,30,2.4900050821849317e-6,TRUE
exp10,per_topo_load/entangled_uniform,drop_rate,interface,25.80645161290323,2,30,2.4900050821849317e-6,TRUE
exp10,per_topo_load/entangled_uniform,utilisation,interface,25.80645161290323,2,30,2.4900050821849317e-6,TRUE
exp10,per_topo_load/entangled_uniform,welfare,interface,19.41935483870968,2,30,6.0693289411986004e-5,TRUE
exp10,per_topo_load/entangled_uniform,arm_exact_ratio,interface,25.80645161290323,2,30,2.4900050821849317e-6,TRUE
exp10,per_topo_load/entangled_uniform,mean_price_volatility,interface,25.055483870967734,2,30,3.6246894746808065e-6,TRUE
exp10,per_topo_load/entangled_uniform,mean_price_volatility_tail,interface,23.907096774193533,2,30,6.436353614735732e-6,TRUE
exp10,per_topo_load/entangled_uniform,greedy_exact_ratio,interface,27.488151658767777,2,30,1.0740480437727985e-6,TRUE
exp10,per_topo_load/entangled_uniform,tokens_admitted,interface,25.812194036493107,2,30,2.482866004030669e-6,TRUE
exp10,per_topo_load/entangled_uniform,welfare_over_optimum,interface,16.756129032258073,2,30,2.2985439467816476e-4,TRUE
exp10,per_topo_load/entangled_uniform,alloc_ratio_true,interface,25.80645161290323,2,30,2.4900050821849317e-6,TRUE
exp10,per_topo_load/entangled_uniform,resid_excess,interface,19.869485866904085,2,30,4.8461400956391965e-5,TRUE
exp10,per_topo_load/entangled_uniform,price_volatility_cleared,interface,23.907096774193533,2,30,6.436353614735732e-6,TRUE
exp10,per_topo_load/sp_skewed,median_latency,interface,25.80645161290323,2,30,2.4900050821849317e-6,TRUE
exp10,per_topo_load/sp_skewed,drop_rate,interface,26.789838337182452,2,30,1.5228618937077627e-6,TRUE
exp10,per_topo_load/sp_skewed,utilisation,interface,25.80645161290323,2,30,2.4900050821849317e-6,TRUE
exp10,per_topo_load/sp_skewed,welfare,interface,25.80645161290323,2,30,2.4900050821849317e-6,TRUE
exp10,per_topo_load/sp_skewed,arm_exact_ratio,interface,26.789838337182452,2,30,1.5228618937077627e-6,TRUE
exp10,per_topo_load/sp_skewed,mean_price_volatility,interface,26.789838337182452,2,30,1.5228618937077627e-6,TRUE
exp10,per_topo_load/sp_skewed,mean_price_volatility_tail,interface,26.789838337182452,2,30,1.5228618937077627e-6,TRUE
exp10,per_topo_load/sp_skewed,greedy_exact_ratio,interface,NA,2,30,NA,TRUE
exp10,per_topo_load/sp_skewed,tokens_admitted,interface,25.8179390162475,2,30,2.4757442300763808e-6,TRUE
exp10,per_topo_load/sp_skewed,welfare_over_optimum,interface,25.80645161290323,2,30,2.4900050821849317e-6,TRUE
exp10,per_topo_load/sp_skewed,alloc_ratio_true,interface,25.80645161290323,2,30,2.4900050821849317e-6,TRUE
exp10,per_topo_load/sp_skewed,resid_excess,interface,26.81460933888119,2,30,1.5041168096818664e-6,TRUE
exp10,per_topo_load/sp_skewed,price_volatility_cleared,interface,26.789838337182452,2,30,1.5228618937077627e-6,TRUE
exp10,per_topo_load/sp_uniform,median_latency,interface,25.80645161290323,2,30,2.4900050821849317e-6,TRUE
exp10,per_topo_load/sp_uniform,drop_rate,interface,26.789838337182452,2,30,1.5228618937077627e-6,TRUE
exp10,per_topo_load/sp_uniform,utilisation,interface,25.80645161290323,2,30,2.4900050821849317e-6,TRUE
exp10,per_topo_load/sp_uniform,welfare,interface,25.80645161290323,2,30,2.4900050821849317e-6,TRUE
exp10,per_topo_load/sp_uniform,arm_exact_ratio,interface,26.789838337182452,2,30,1.5228618937077627e-6,TRUE
exp10,per_topo_load/sp_uniform,mean_price_volatility,interface,26.789838337182452,2,30,1.5228618937077627e-6,TRUE
exp10,per_topo_load/sp_uniform,mean_price_volatility_tail,interface,26.789838337182452,2,30,1.5228618937077627e-6,TRUE
exp10,per_topo_load/sp_uniform,greedy_exact_ratio,interface,NA,2,30,NA,TRUE
exp10,per_topo_load/sp_uniform,tokens_admitted,interface,25.80645161290323,2,30,2.4900050821849317e-6,TRUE
exp10,per_topo_load/sp_uniform,welfare_over_optimum,interface,25.80645161290323,2,30,2.4900050821849317e-6,TRUE
exp10,per_topo_load/sp_uniform,alloc_ratio_true,interface,25.80645161290323,2,30,2.4900050821849317e-6,TRUE
exp10,per_topo_load/sp_uniform,resid_excess,interface,26.82080924855492,2,30,1.4994613351110907e-6,TRUE
exp10,per_topo_load/sp_uniform,price_volatility_cleared,interface,26.789838337182452,2,30,1.5228618937077627e-6,TRUE
exp10,per_topo_load/tree_skewed,median_latency,interface,25.80645161290323,2,30,2.4900050821849317e-6,TRUE
exp10,per_topo_load/tree_skewed,drop_rate,interface,25.80645161290323,2,30,2.4900050821849317e-6,TRUE
exp10,per_topo_load/tree_skewed,utilisation,interface,25.80645161290323,2,30,2.4900050821849317e-6,TRUE
exp10,per_topo_load/tree_skewed,welfare,interface,25.80645161290323,2,30,2.4900050821849317e-6,TRUE
exp10,per_topo_load/tree_skewed,arm_exact_ratio,interface,19.365161290322575,2,30,6.236036596780616e-5,TRUE
exp10,per_topo_load/tree_skewed,mean_price_volatility,interface,25.80645161290323,2,30,2.4900050821849317e-6,TRUE
exp10,per_topo_load/tree_skewed,mean_price_volatility_tail,interface,25.80645161290323,2,30,2.4900050821849317e-6,TRUE
exp10,per_topo_load/tree_skewed,greedy_exact_ratio,interface,NA,2,30,NA,TRUE
exp10,per_topo_load/tree_skewed,tokens_admitted,interface,25.8179390162475,2,30,2.4757442300763808e-6,TRUE
exp10,per_topo_load/tree_skewed,welfare_over_optimum,interface,24.35096774193549,2,30,5.155307090061318e-6,TRUE
exp10,per_topo_load/tree_skewed,alloc_ratio_true,interface,25.80645161290323,2,30,2.4900050821849317e-6,TRUE
exp10,per_topo_load/tree_skewed,resid_excess,interface,25.812194036493107,2,30,2.482866004030669e-6,TRUE
exp10,per_topo_load/tree_skewed,price_volatility_cleared,interface,25.80645161290323,2,30,2.4900050821849317e-6,TRUE
exp10,per_topo_load/tree_uniform,median_latency,interface,25.80645161290323,2,30,2.4900050821849317e-6,TRUE
exp10,per_topo_load/tree_uniform,drop_rate,interface,25.80645161290323,2,30,2.4900050821849317e-6,TRUE
exp10,per_topo_load/tree_uniform,utilisation,interface,25.80645161290323,2,30,2.4900050821849317e-6,TRUE
exp10,per_topo_load/tree_uniform,welfare,interface,19.667096774193553,2,30,5.3622146883738526e-5,TRUE
exp10,per_topo_load/tree_uniform,arm_exact_ratio,interface,25.80645161290323,2,30,2.4900050821849317e-6,TRUE
exp10,per_topo_load/tree_uniform,mean_price_volatility,interface,25.80645161290323,2,30,2.4900050821849317e-6,TRUE
exp10,per_topo_load/tree_uniform,mean_price_volatility_tail,interface,25.80645161290323,2,30,2.4900050821849317e-6,TRUE
exp10,per_topo_load/tree_uniform,greedy_exact_ratio,interface,NA,2,30,NA,TRUE
exp10,per_topo_load/tree_uniform,tokens_admitted,interface,25.812194036493107,2,30,2.482866004030669e-6,TRUE
exp10,per_topo_load/tree_uniform,welfare_over_optimum,interface,19.357419354838726,2,30,6.260222875234681e-5,TRUE
exp10,per_topo_load/tree_uniform,alloc_ratio_true,interface,25.80645161290323,2,30,2.4900050821849317e-6,TRUE
exp10,per_topo_load/tree_uniform,resid_excess,interface,25.8179390162475,2,30,2.4757442300763808e-6,TRUE
exp10,per_topo_load/tree_uniform,price_volatility_cleared,interface,25.80645161290323,2,30,2.4900050821849317e-6,TRUE
exp7a,entangled,regret_0.5_se,seed,0.0015960110996666923,NA,10,NA,NA
exp7a,entangled,regret_0.7_se,seed,7.624794994098806e-4,NA,10,NA,NA
exp7a,entangled,regret_0.9_se,seed,3.330593883485475e-4,NA,10,NA,NA
exp7a,entangled,regret_1_se,seed,0,NA,10,NA,NA
exp7a,entangled,regret_1.1_se,seed,2.7260493203636385e-4,NA,10,NA,NA
exp7a,entangled,regret_1.3_se,seed,7.334441428345002e-4,NA,10,NA,NA
exp7a,sp,regret_0.5_se,seed,0.001426944400741143,NA,10,NA,NA
exp7a,sp,regret_0.7_se,seed,9.413188642686505e-4,NA,10,NA,NA
exp7a,sp,regret_0.9_se,seed,7.758091278870406e-5,NA,10,NA,NA
exp7a,sp,regret_1_se,seed,0,NA,10,NA,NA
exp7a,sp,regret_1.1_se,seed,4.400092623118184e-5,NA,10,NA,NA
exp7a,sp,regret_1.3_se,seed,4.052035061526622e-4,NA,10,NA,NA
exp7a,tree,regret_0.5_se,seed,4.861551098326685e-4,NA,10,NA,NA
exp7a,tree,regret_0.7_se,seed,5.154978703691876e-4,NA,10,NA,NA
exp7a,tree,regret_0.9_se,seed,5.9696863216426784e-5,NA,10,NA,NA
exp7a,tree,regret_1_se,seed,0,NA,10,NA,NA
exp7a,tree,regret_1.1_se,seed,2.8921240773606866e-5,NA,10,NA,NA
exp7a,tree,regret_1.3_se,seed,2.9160065672899864e-4,NA,10,NA,NA
exp7b,by_topology,br_gain_max,graph_type,13.699750170338408,2,30,0.0010595880429022915,TRUE
exp7b,by_topology,br_gain_mean,graph_type,13.41935483870968,2,30,0.00121905730547416,TRUE
exp7b,by_topology,mean_payment,graph_type,25.80645161290323,2,30,2.4900050821849317e-6,TRUE
exp6_frontier,entangled_high_hybrid_noema_baseline_1_edf,welfare,mechanism,47.59571324406538,NA,10,NA,NA
exp6_frontier,entangled_high_hybrid_noema_baseline_1_edf,tokens_admitted,mechanism,83.9075,NA,10,NA,NA
exp6_frontier,entangled_high_hybrid_noema_baseline_1_edf,median_latency,mechanism,105.01346829138127,NA,10,NA,NA
exp6_frontier,entangled_high_hybrid_noema_baseline_1_edf,alloc_ratio,mechanism,0.7757310083560764,NA,10,NA,NA
exp6_frontier,entangled_high_hybrid_noema_baseline_1_edf,welfare_vs_posted_at_matched_volume,mechanism,0.9068621555800763,NA,10,NA,NA
exp6_frontier,entangled_high_hybrid_noema_baseline_1_edf,welfare_vs_posted_at_matched_latency,mechanism,NA,NA,10,NA,NA
exp6_frontier,entangled_high_hybrid_noema_baseline_1_greedy_ev,welfare,mechanism,52.522174704639085,NA,10,NA,NA
exp6_frontier,entangled_high_hybrid_noema_baseline_1_greedy_ev,tokens_admitted,mechanism,83.9075,NA,10,NA,NA
exp6_frontier,entangled_high_hybrid_noema_baseline_1_greedy_ev,median_latency,mechanism,104.80781643210376,NA,10,NA,NA
exp6_frontier,entangled_high_hybrid_noema_baseline_1_greedy_ev,alloc_ratio,mechanism,0.8520530786332242,NA,10,NA,NA
exp6_frontier,entangled_high_hybrid_noema_baseline_1_greedy_ev,welfare_vs_posted_at_matched_volume,mechanism,1,NA,10,NA,NA
exp6_frontier,entangled_high_hybrid_noema_baseline_1_greedy_ev,welfare_vs_posted_at_matched_latency,mechanism,1,NA,10,NA,NA
exp6_frontier,entangled_high_hybrid_noema_baseline_1_k8s,welfare,mechanism,48.0272307584141,NA,10,NA,NA
exp6_frontier,entangled_high_hybrid_noema_baseline_1_k8s,tokens_admitted,mechanism,83.9075,NA,10,NA,NA
exp6_frontier,entangled_high_hybrid_noema_baseline_1_k8s,median_latency,mechanism,104.01975992731975,NA,10,NA,NA
exp6_frontier,entangled_high_hybrid_noema_baseline_1_k8s,alloc_ratio,mechanism,0.7759950397690134,NA,10,NA,NA
exp6_frontier,entangled_high_hybrid_noema_baseline_1_k8s,welfare_vs_posted_at_matched_volume,mechanism,0.9153822834263754,NA,10,NA,NA
exp6_frontier,entangled_high_hybrid_noema_baseline_1_k8s,welfare_vs_posted_at_matched_latency,mechanism,0.9111581820207182,NA,10,NA,NA
exp6_frontier,entangled_high_hybrid_noema_baseline_1_market,welfare,mechanism,48.07149214165035,NA,10,NA,NA
exp6_frontier,entangled_high_hybrid_noema_baseline_1_market,tokens_admitted,mechanism,74.5755,NA,10,NA,NA
exp6_frontier,entangled_high_hybrid_noema_baseline_1_market,median_latency,mechanism,99.28498713209596,NA,10,NA,NA
exp6_frontier,entangled_high_hybrid_noema_baseline_1_market,alloc_ratio,mechanism,0.7554065627024819,NA,10,NA,NA
exp6_frontier,entangled_high_hybrid_noema_baseline_1_market,welfare_vs_posted_at_matched_volume,mechanism,0.8821842648916083,NA,10,NA,NA
exp6_frontier,entangled_high_hybrid_noema_baseline_1_market,welfare_vs_posted_at_matched_latency,mechanism,0.8966513271837476,NA,10,NA,NA
exp6_frontier,entangled_high_hybrid_noema_baseline_1_market_asc,welfare,mechanism,53.520789243068734,NA,10,NA,NA
exp6_frontier,entangled_high_hybrid_noema_baseline_1_market_asc,tokens_admitted,mechanism,82.9195,NA,10,NA,NA
exp6_frontier,entangled_high_hybrid_noema_baseline_1_market_asc,median_latency,mechanism,99.93128850922088,NA,10,NA,NA
exp6_frontier,entangled_high_hybrid_noema_baseline_1_market_asc,alloc_ratio,mechanism,0.8456061810141986,NA,10,NA,NA
exp6_frontier,entangled_high_hybrid_noema_baseline_1_market_asc,welfare_vs_posted_at_matched_volume,mechanism,1.0076318571914131,NA,10,NA,NA
exp6_frontier,entangled_high_hybrid_noema_baseline_1_market_asc,welfare_vs_posted_at_matched_latency,mechanism,1.0002979046958234,NA,10,NA,NA
exp6_frontier,entangled_high_hybrid_noema_baseline_1_market_cc,welfare,mechanism,37.01092238341978,NA,10,NA,NA
exp6_frontier,entangled_high_hybrid_noema_baseline_1_market_cc,tokens_admitted,mechanism,58.079499999999996,NA,10,NA,NA
exp6_frontier,entangled_high_hybrid_noema_baseline_1_market_cc,median_latency,mechanism,96.7939538264289,NA,10,NA,NA
exp6_frontier,entangled_high_hybrid_noema_baseline_1_market_cc,alloc_ratio,mechanism,0.5765743251630915,NA,10,NA,NA
exp6_frontier,entangled_high_hybrid_noema_baseline_1_market_cc,welfare_vs_posted_at_matched_volume,mechanism,0.7887370676075977,NA,10,NA,NA
exp6_frontier,entangled_high_hybrid_noema_baseline_1_market_cc,welfare_vs_posted_at_matched_latency,mechanism,0.6853726425211133,NA,10,NA,NA
exp6_frontier,entangled_high_hybrid_noema_baseline_1_market_posted_slice,welfare,mechanism,55.65489255184503,NA,10,NA,NA
exp6_frontier,entangled_high_hybrid_noema_baseline_1_market_posted_slice,tokens_admitted,mechanism,76.283,NA,10,NA,NA
exp6_frontier,entangled_high_hybrid_noema_baseline_1_market_posted_slice,median_latency,mechanism,87.9045056349817,NA,10,NA,NA
exp6_frontier,entangled_high_hybrid_noema_baseline_1_market_posted_slice,alloc_ratio,mechanism,0.7993996676832609,NA,10,NA,NA
exp6_frontier,entangled_high_hybrid_noema_baseline_1_market_posted_slice,welfare_vs_posted_at_matched_volume,mechanism,1.0177619001370415,NA,10,NA,NA
exp6_frontier,entangled_high_hybrid_noema_baseline_1_market_posted_slice,welfare_vs_posted_at_matched_latency,mechanism,1.0193539656256196,NA,10,NA,NA
exp6_frontier,entangled_high_hybrid_noema_baseline_1_posted_price,welfare,mechanism,52.55552403124604,NA,10,NA,NA
exp6_frontier,entangled_high_hybrid_noema_baseline_1_posted_price,tokens_admitted,mechanism,83.883,NA,10,NA,NA
exp6_frontier,entangled_high_hybrid_noema_baseline_1_posted_price,median_latency,mechanism,104.70183271440553,NA,10,NA,NA
exp6_frontier,entangled_high_hybrid_noema_baseline_1_posted_price,alloc_ratio,mechanism,0.8518935318377056,NA,10,NA,NA
exp6_frontier,entangled_high_hybrid_noema_baseline_1_posted_price,welfare_vs_posted_at_matched_volume,mechanism,NA,NA,10,NA,NA
exp6_frontier,entangled_high_hybrid_noema_baseline_1_posted_price,welfare_vs_posted_at_matched_latency,mechanism,NA,NA,10,NA,NA
exp6_frontier,entangled_high_hybrid_noema_baseline_1_posted_price_edf,welfare,mechanism,47.645377462678375,NA,10,NA,NA
exp6_frontier,entangled_high_hybrid_noema_baseline_1_posted_price_edf,tokens_admitted,mechanism,83.883,NA,10,NA,NA
exp6_frontier,entangled_high_hybrid_noema_baseline_1_posted_price_edf,median_latency,mechanism,104.82565200005138,NA,10,NA,NA
exp6_frontier,entangled_high_hybrid_noema_baseline_1_posted_price_edf,alloc_ratio,mechanism,0.775814630527419,NA,10,NA,NA
exp6_frontier,entangled_high_hybrid_noema_baseline_1_posted_price_edf,welfare_vs_posted_at_matched_volume,mechanism,0.9065713415273977,NA,10,NA,NA
exp6_frontier,entangled_high_hybrid_noema_baseline_1_posted_price_edf,welfare_vs_posted_at_matched_latency,mechanism,0.9062621260504259,NA,10,NA,NA
exp6_frontier,entangled_high_hybrid_noema_baseline_1_posted_price_fcfs,welfare,mechanism,47.633630231812454,NA,10,NA,NA
exp6_frontier,entangled_high_hybrid_noema_baseline_1_posted_price_fcfs,tokens_admitted,mechanism,83.883,NA,10,NA,NA
exp6_frontier,entangled_high_hybrid_noema_baseline_1_posted_price_fcfs,median_latency,mechanism,104.89604022428821,NA,10,NA,NA
exp6_frontier,entangled_high_hybrid_noema_baseline_1_posted_price_fcfs,alloc_ratio,mechanism,0.7757312066059545,NA,10,NA,NA
exp6_frontier,entangled_high_hybrid_noema_baseline_1_posted_price_fcfs,welfare_vs_posted_at_matched_volume,mechanism,0.9063480654340941,NA,10,NA,NA
exp6_frontier,entangled_high_hybrid_noema_baseline_1_posted_price_fcfs,welfare_vs_posted_at_matched_latency,mechanism,0.9060483404059062,NA,10,NA,NA
exp6_frontier,entangled_high_hybrid_noema_baseline_1_posted_price_matched,welfare,mechanism,52.55552403124604,NA,10,NA,NA
exp6_frontier,entangled_high_hybrid_noema_baseline_1_posted_price_matched,tokens_admitted,mechanism,83.883,NA,10,NA,NA
exp6_frontier,entangled_high_hybrid_noema_baseline_1_posted_price_matched,median_latency,mechanism,104.70183271440553,NA,10,NA,NA
exp6_frontier,entangled_high_hybrid_noema_baseline_1_posted_price_matched,alloc_ratio,mechanism,0.8518935318377056,NA,10,NA,NA
exp6_frontier,entangled_high_hybrid_noema_baseline_1_posted_price_matched,welfare_vs_posted_at_matched_volume,mechanism,1,NA,10,NA,NA
exp6_frontier,entangled_high_hybrid_noema_baseline_1_posted_price_matched,welfare_vs_posted_at_matched_latency,mechanism,1,NA,10,NA,NA
exp6_frontier,entangled_high_hybrid_noema_baseline_1_random,welfare,mechanism,47.60120006841973,NA,10,NA,NA
exp6_frontier,entangled_high_hybrid_noema_baseline_1_random,tokens_admitted,mechanism,83.9075,NA,10,NA,NA
exp6_frontier,entangled_high_hybrid_noema_baseline_1_random,median_latency,mechanism,105.04886941052696,NA,10,NA,NA
exp6_frontier,entangled_high_hybrid_noema_baseline_1_random,alloc_ratio,mechanism,0.775867260253607,NA,10,NA,NA
exp6_frontier,entangled_high_hybrid_noema_baseline_1_random,welfare_vs_posted_at_matched_volume,mechanism,0.905170856348242,NA,10,NA,NA
exp6_frontier,entangled_high_hybrid_noema_baseline_1_random,welfare_vs_posted_at_matched_latency,mechanism,NA,NA,10,NA,NA
exp6_frontier,entangled_high_hybrid_noema_baseline_1.25_posted_price,welfare,mechanism,52.62717178152449,NA,10,NA,NA
exp6_frontier,entangled_high_hybrid_noema_baseline_1.25_posted_price,tokens_admitted,mechanism,83.7395,NA,10,NA,NA
exp6_frontier,entangled_high_hybrid_noema_baseline_1.25_posted_price,median_latency,mechanism,104.4211524124685,NA,10,NA,NA
exp6_frontier,entangled_high_hybrid_noema_baseline_1.25_posted_price,alloc_ratio,mechanism,0.8509097589946145,NA,10,NA,NA
exp6_frontier,entangled_high_hybrid_noema_baseline_1.25_posted_price,welfare_vs_posted_at_matched_volume,mechanism,NA,NA,10,NA,NA
exp6_frontier,entangled_high_hybrid_noema_baseline_1.25_posted_price,welfare_vs_posted_at_matched_latency,mechanism,NA,NA,10,NA,NA
exp6_frontier,entangled_high_hybrid_noema_baseline_1.25_posted_price_edf,welfare,mechanism,47.74894208446486,NA,10,NA,NA
exp6_frontier,entangled_high_hybrid_noema_baseline_1.25_posted_price_edf,tokens_admitted,mechanism,83.7405,NA,10,NA,NA
exp6_frontier,entangled_high_hybrid_noema_baseline_1.25_posted_price_edf,median_latency,mechanism,104.5323394888319,NA,10,NA,NA
exp6_frontier,entangled_high_hybrid_noema_baseline_1.25_posted_price_edf,alloc_ratio,mechanism,0.7753945840180673,NA,10,NA,NA
exp6_frontier,entangled_high_hybrid_noema_baseline_1.25_posted_price_edf,welfare_vs_posted_at_matched_volume,mechanism,0.9073111767765074,NA,10,NA,NA
exp6_frontier,entangled_high_hybrid_noema_baseline_1.25_posted_price_edf,welfare_vs_posted_at_matched_latency,mechanism,0.9077741596762811,NA,10,NA,NA
exp6_frontier,entangled_high_hybrid_noema_baseline_1.25_posted_price_fcfs,welfare,mechanism,47.732612283611864,NA,10,NA,NA
exp6_frontier,entangled_high_hybrid_noema_baseline_1.25_posted_price_fcfs,tokens_admitted,mechanism,83.7405,NA,10,NA,NA
exp6_frontier,entangled_high_hybrid_noema_baseline_1.25_posted_price_fcfs,median_latency,mechanism,104.61777856402658,NA,10,NA,NA
exp6_frontier,entangled_high_hybrid_noema_baseline_1.25_posted_price_fcfs,alloc_ratio,mechanism,0.7752927679868793,NA,10,NA,NA
exp6_frontier,entangled_high_hybrid_noema_baseline_1.25_posted_price_fcfs,welfare_vs_posted_at_matched_volume,mechanism,0.9070015729546117,NA,10,NA,NA
exp6_frontier,entangled_high_hybrid_noema_baseline_1.25_posted_price_fcfs,welfare_vs_posted_at_matched_latency,mechanism,0.908004830953858,NA,10,NA,NA
exp6_frontier,entangled_high_hybrid_noema_baseline_1.5_posted_price,welfare,mechanism,53.33152436388076,NA,10,NA,NA
exp6_frontier,entangled_high_hybrid_noema_baseline_1.5_posted_price,tokens_admitted,mechanism,82.53399999999999,NA,10,NA,NA
exp6_frontier,entangled_high_hybrid_noema_baseline_1.5_posted_price,median_latency,mechanism,101.08218369239209,NA,10,NA,NA
exp6_frontier,entangled_high_hybrid_noema_baseline_1.5_posted_price,alloc_ratio,mechanism,0.8428160504776742,NA,10,NA,NA
exp6_frontier,entangled_high_hybrid_noema_baseline_1.5_posted_price,welfare_vs_posted_at_matched_volume,mechanism,NA,NA,10,NA,NA
exp6_frontier,entangled_high_hybrid_noema_baseline_1.5_posted_price,welfare_vs_posted_at_matched_latency,mechanism,NA,NA,10,NA,NA
exp6_frontier,entangled_high_hybrid_noema_baseline_1.5_posted_price_edf,welfare,mechanism,48.610225903276245,NA,10,NA,NA
exp6_frontier,entangled_high_hybrid_noema_baseline_1.5_posted_price_edf,tokens_admitted,mechanism,82.5315,NA,10,NA,NA
exp6_frontier,entangled_high_hybrid_noema_baseline_1.5_posted_price_edf,median_latency,mechanism,101.19367930044906,NA,10,NA,NA
exp6_frontier,entangled_high_hybrid_noema_baseline_1.5_posted_price_edf,alloc_ratio,mechanism,0.7706857317519002,NA,10,NA,NA
exp6_frontier,entangled_high_hybrid_noema_baseline_1.5_posted_price_edf,welfare_vs_posted_at_matched_volume,mechanism,0.9114660740271511,NA,10,NA,NA
exp6_frontier,entangled_high_hybrid_noema_baseline_1.5_posted_price_edf,welfare_vs_posted_at_matched_latency,mechanism,0.9118552669417808,NA,10,NA,NA
exp6_frontier,entangled_high_hybrid_noema_baseline_1.5_posted_price_fcfs,welfare,mechanism,48.599438963484985,NA,10,NA,NA
exp6_frontier,entangled_high_hybrid_noema_baseline_1.5_posted_price_fcfs,tokens_admitted,mechanism,82.5325,NA,10,NA,NA
exp6_frontier,entangled_high_hybrid_noema_baseline_1.5_posted_price_fcfs,median_latency,mechanism,101.20865124044386,NA,10,NA,NA
exp6_frontier,entangled_high_hybrid_noema_baseline_1.5_posted_price_fcfs,alloc_ratio,mechanism,0.770577891912433,NA,10,NA,NA
exp6_frontier,entangled_high_hybrid_noema_baseline_1.5_posted_price_fcfs,welfare_vs_posted_at_matched_volume,mechanism,0.9112763841921842,NA,10,NA,NA
exp6_frontier,entangled_high_hybrid_noema_baseline_1.5_posted_price_fcfs,welfare_vs_posted_at_matched_latency,mechanism,0.911733203653477,NA,10,NA,NA
exp6_frontier,entangled_high_hybrid_noema_baseline_1.75_posted_price,welfare,mechanism,54.82470852450875,NA,10,NA,NA
exp6_frontier,entangled_high_hybrid_noema_baseline_1.75_posted_price,tokens_admitted,mechanism,78.636,NA,10,NA,NA
exp6_frontier,entangled_high_hybrid_noema_baseline_1.75_posted_price,median_latency,mechanism,91.65576616469403,NA,10,NA,NA
exp6_frontier,entangled_high_hybrid_noema_baseline_1.75_posted_price,alloc_ratio,mechanism,0.8154285667216145,NA,10,NA,NA
exp6_frontier,entangled_high_hybrid_noema_baseline_1.75_posted_price,welfare_vs_posted_at_matched_volume,mechanism,NA,NA,10,NA,NA
exp6_frontier,entangled_high_hybrid_noema_baseline_1.75_posted_price,welfare_vs_posted_at_matched_latency,mechanism,NA,NA,10,NA,NA
exp6_frontier,entangled_high_hybrid_noema_baseline_1.75_posted_price_edf,welfare,mechanism,51.41426132976448,NA,10,NA,NA
exp6_frontier,entangled_high_hybrid_noema_baseline_1.75_posted_price_edf,tokens_admitted,mechanism,78.642,NA,10,NA,NA
exp6_frontier,entangled_high_hybrid_noema_baseline_1.75_posted_price_edf,median_latency,mechanism,91.68442614083193,NA,10,NA,NA
exp6_frontier,entangled_high_hybrid_noema_baseline_1.75_posted_price_edf,alloc_ratio,mechanism,0.7655169474407574,NA,10,NA,NA
exp6_frontier,entangled_high_hybrid_noema_baseline_1.75_posted_price_edf,welfare_vs_posted_at_matched_volume,mechanism,0.9378476233580306,NA,10,NA,NA
exp6_frontier,entangled_high_hybrid_noema_baseline_1.75_posted_price_edf,welfare_vs_posted_at_matched_latency,mechanism,0.9379074550229445,NA,10,NA,NA
exp6_frontier,entangled_high_hybrid_noema_baseline_1.75_posted_price_fcfs,welfare,mechanism,51.405807275948845,NA,10,NA,NA
exp6_frontier,entangled_high_hybrid_noema_baseline_1.75_posted_price_fcfs,tokens_admitted,mechanism,78.645,NA,10,NA,NA
exp6_frontier,entangled_high_hybrid_noema_baseline_1.75_posted_price_fcfs,median_latency,mechanism,91.7488133674427,NA,10,NA,NA
exp6_frontier,entangled_high_hybrid_noema_baseline_1.75_posted_price_fcfs,alloc_ratio,mechanism,0.7655238487466226,NA,10,NA,NA
exp6_frontier,entangled_high_hybrid_noema_baseline_1.75_posted_price_fcfs,welfare_vs_posted_at_matched_volume,mechanism,0.9377052694956844,NA,10,NA,NA
exp6_frontier,entangled_high_hybrid_noema_baseline_1.75_posted_price_fcfs,welfare_vs_posted_at_matched_latency,mechanism,0.937926675781244,NA,10,NA,NA
exp6_frontier,entangled_high_hybrid_noema_baseline_2_market_posted_slice,welfare,mechanism,55.262421051462,NA,10,NA,NA
exp6_frontier,entangled_high_hybrid_noema_baseline_2_market_posted_slice,tokens_admitted,mechanism,80.72449999999999,NA,10,NA,NA
exp6_frontier,entangled_high_hybrid_noema_baseline_2_market_posted_slice,median_latency,mechanism,92.85951390002475,NA,10,NA,NA
exp6_frontier,entangled_high_hybrid_noema_baseline_2_market_posted_slice,alloc_ratio,mechanism,0.8312403281323397,NA,10,NA,NA
exp6_frontier,entangled_high_hybrid_noema_baseline_2_market_posted_slice,welfare_vs_posted_at_matched_volume,mechanism,1.0228911744542277,NA,10,NA,NA
exp6_frontier,entangled_high_hybrid_noema_baseline_2_market_posted_slice,welfare_vs_posted_at_matched_latency,mechanism,1.0116988345509252,NA,10,NA,NA
exp6_frontier,entangled_high_hybrid_noema_baseline_2_posted_price,welfare,mechanism,54.55053151880757,NA,10,NA,NA
exp6_frontier,entangled_high_hybrid_noema_baseline_2_posted_price,tokens_admitted,mechanism,74.1015,NA,10,NA,NA
exp6_frontier,entangled_high_hybrid_noema_baseline_2_posted_price,median_latency,mechanism,87.24088415084167,NA,10,NA,NA
exp6_frontier,entangled_high_hybrid_noema_baseline_2_posted_price,alloc_ratio,mechanism,0.7798327966324562,NA,10,NA,NA
exp6_frontier,entangled_high_hybrid_noema_baseline_2_posted_price,welfare_vs_posted_at_matched_volume,mechanism,NA,NA,10,NA,NA
exp6_frontier,entangled_high_hybrid_noema_baseline_2_posted_price,welfare_vs_posted_at_matched_latency,mechanism,NA,NA,10,NA,NA
exp6_frontier,entangled_high_hybrid_noema_baseline_2_posted_price_edf,welfare,mechanism,52.63850527806873,NA,10,NA,NA
exp6_frontier,entangled_high_hybrid_noema_baseline_2_posted_price_edf,tokens_admitted,mechanism,74.1075,NA,10,NA,NA
exp6_frontier,entangled_high_hybrid_noema_baseline_2_posted_price_edf,median_latency,mechanism,87.28055934609966,NA,10,NA,NA
exp6_frontier,entangled_high_hybrid_noema_baseline_2_posted_price_edf,alloc_ratio,mechanism,0.7527173889305248,NA,10,NA,NA
exp6_frontier,entangled_high_hybrid_noema_baseline_2_posted_price_edf,welfare_vs_posted_at_matched_volume,mechanism,0.9649921291314809,NA,10,NA,NA
exp6_frontier,entangled_high_hybrid_noema_baseline_2_posted_price_edf,welfare_vs_posted_at_matched_latency,mechanism,0.9651206974123822,NA,10,NA,NA
exp6_frontier,entangled_high_hybrid_noema_baseline_2_posted_price_fcfs,welfare,mechanism,52.62898068004688,NA,10,NA,NA
exp6_frontier,entangled_high_hybrid_noema_baseline_2_posted_price_fcfs,tokens_admitted,mechanism,74.116,NA,10,NA,NA
exp6_frontier,entangled_high_hybrid_noema_baseline_2_posted_price_fcfs,median_latency,mechanism,87.3069477635568,NA,10,NA,NA
exp6_frontier,entangled_high_hybrid_noema_baseline_2_posted_price_fcfs,alloc_ratio,mechanism,0.7528066343546563,NA,10,NA,NA
exp6_frontier,entangled_high_hybrid_noema_baseline_2_posted_price_fcfs,welfare_vs_posted_at_matched_volume,mechanism,0.9647929594705668,NA,10,NA,NA
exp6_frontier,entangled_high_hybrid_noema_baseline_2_posted_price_fcfs,welfare_vs_posted_at_matched_latency,mechanism,0.9648103009979667,NA,10,NA,NA
exp6_frontier,entangled_high_hybrid_noema_baseline_2_posted_price_matched,welfare,mechanism,54.55053151880757,NA,10,NA,NA
exp6_frontier,entangled_high_hybrid_noema_baseline_2_posted_price_matched,tokens_admitted,mechanism,74.1015,NA,10,NA,NA
exp6_frontier,entangled_high_hybrid_noema_baseline_2_posted_price_matched,median_latency,mechanism,87.24088415084167,NA,10,NA,NA
exp6_frontier,entangled_high_hybrid_noema_baseline_2_posted_price_matched,alloc_ratio,mechanism,0.7798327966324562,NA,10,NA,NA
exp6_frontier,entangled_high_hybrid_noema_baseline_2_posted_price_matched,welfare_vs_posted_at_matched_volume,mechanism,1,NA,10,NA,NA
exp6_frontier,entangled_high_hybrid_noema_baseline_2_posted_price_matched,welfare_vs_posted_at_matched_latency,mechanism,1,NA,10,NA,NA
exp6_frontier,entangled_high_hybrid_noema_baseline_2.25_posted_price,welfare,mechanism,52.21965747797845,NA,10,NA,NA
exp6_frontier,entangled_high_hybrid_noema_baseline_2.25_posted_price,tokens_admitted,mechanism,67.858,NA,10,NA,NA
exp6_frontier,entangled_high_hybrid_noema_baseline_2.25_posted_price,median_latency,mechanism,83.98418374024197,NA,10,NA,NA
exp6_frontier,entangled_high_hybrid_noema_baseline_2.25_posted_price,alloc_ratio,mechanism,0.7242535756458431,NA,10,NA,NA
exp6_frontier,entangled_high_hybrid_noema_baseline_2.25_posted_price,welfare_vs_posted_at_matched_volume,mechanism,NA,NA,10,NA,NA
exp6_frontier,entangled_high_hybrid_noema_baseline_2.25_posted_price,welfare_vs_posted_at_matched_latency,mechanism,NA,NA,10,NA,NA
exp6_frontier,entangled_high_hybrid_noema_baseline_2.25_posted_price_edf,welfare,mechanism,51.53997377749219,NA,10,NA,NA
exp6_frontier,entangled_high_hybrid_noema_baseline_2.25_posted_price_edf,tokens_admitted,mechanism,67.84049999999999,NA,10,NA,NA
exp6_frontier,entangled_high_hybrid_noema_baseline_2.25_posted_price_edf,median_latency,mechanism,83.96938439270788,NA,10,NA,NA
exp6_frontier,entangled_high_hybrid_noema_baseline_2.25_posted_price_edf,alloc_ratio,mechanism,0.7147597827761898,NA,10,NA,NA
exp6_frontier,entangled_high_hybrid_noema_baseline_2.25_posted_price_edf,welfare_vs_posted_at_matched_volume,mechanism,0.9871902257090438,NA,10,NA,NA
exp6_frontier,entangled_high_hybrid_noema_baseline_2.25_posted_price_edf,welfare_vs_posted_at_matched_latency,mechanism,0.9876728828329686,NA,10,NA,NA
exp6_frontier,entangled_high_hybrid_noema_baseline_2.25_posted_price_fcfs,welfare,mechanism,51.529085895467524,NA,10,NA,NA
exp6_frontier,entangled_high_hybrid_noema_baseline_2.25_posted_price_fcfs,tokens_admitted,mechanism,67.8355,NA,10,NA,NA
exp6_frontier,entangled_high_hybrid_noema_baseline_2.25_posted_price_fcfs,median_latency,mechanism,84.01224564116791,NA,10,NA,NA
exp6_frontier,entangled_high_hybrid_noema_baseline_2.25_posted_price_fcfs,alloc_ratio,mechanism,0.7147119571522023,NA,10,NA,NA
exp6_frontier,entangled_high_hybrid_noema_baseline_2.25_posted_price_fcfs,welfare_vs_posted_at_matched_volume,mechanism,0.987016877090099,NA,10,NA,NA
exp6_frontier,entangled_high_hybrid_noema_baseline_2.25_posted_price_fcfs,welfare_vs_posted_at_matched_latency,mechanism,0.9866954241329616,NA,10,NA,NA
exp6_frontier,entangled_high_hybrid_noema_baseline_2.5_posted_price,welfare,mechanism,47.10535078857223,NA,10,NA,NA
exp6_frontier,entangled_high_hybrid_noema_baseline_2.5_posted_price,tokens_admitted,mechanism,58.286,NA,10,NA,NA
exp6_frontier,entangled_high_hybrid_noema_baseline_2.5_posted_price,median_latency,mechanism,80.35474510329085,NA,10,NA,NA
exp6_frontier,entangled_high_hybrid_noema_baseline_2.5_posted_price,alloc_ratio,mechanism,0.6327074746577617,NA,10,NA,NA
exp6_frontier,entangled_high_hybrid_noema_baseline_2.5_posted_price,welfare_vs_posted_at_matched_volume,mechanism,NA,NA,10,NA,NA
exp6_frontier,entangled_high_hybrid_noema_baseline_2.5_posted_price,welfare_vs_posted_at_matched_latency,mechanism,NA,NA,10,NA,NA
exp6_frontier,entangled_high_hybrid_noema_baseline_2.5_posted_price_edf,welfare,mechanism,46.794571181028765,NA,10,NA,NA
exp6_frontier,entangled_high_hybrid_noema_baseline_2.5_posted_price_edf,tokens_admitted,mechanism,58.294,NA,10,NA,NA
exp6_frontier,entangled_high_hybrid_noema_baseline_2.5_posted_price_edf,median_latency,mechanism,80.34063931548657,NA,10,NA,NA
exp6_frontier,entangled_high_hybrid_noema_baseline_2.5_posted_price_edf,alloc_ratio,mechanism,0.6282724844167993,NA,10,NA,NA
exp6_frontier,entangled_high_hybrid_noema_baseline_2.5_posted_price_edf,welfare_vs_posted_at_matched_volume,mechanism,0.9933727724401558,NA,10,NA,NA
exp6_frontier,entangled_high_hybrid_noema_baseline_2.5_posted_price_edf,welfare_vs_posted_at_matched_latency,mechanism,0.9950906703410061,NA,10,NA,NA
exp6_frontier,entangled_high_hybrid_noema_baseline_2.5_posted_price_fcfs,welfare,mechanism,46.78627633787142,NA,10,NA,NA
exp6_frontier,entangled_high_hybrid_noema_baseline_2.5_posted_price_fcfs,tokens_admitted,mechanism,58.286500000000004,NA,10,NA,NA
exp6_frontier,entangled_high_hybrid_noema_baseline_2.5_posted_price_fcfs,median_latency,mechanism,80.34276843283742,NA,10,NA,NA
exp6_frontier,entangled_high_hybrid_noema_baseline_2.5_posted_price_fcfs,alloc_ratio,mechanism,0.6281479816135962,NA,10,NA,NA
exp6_frontier,entangled_high_hybrid_noema_baseline_2.5_posted_price_fcfs,welfare_vs_posted_at_matched_volume,mechanism,0.9933270274769868,NA,10,NA,NA
exp6_frontier,entangled_high_hybrid_noema_baseline_2.5_posted_price_fcfs,welfare_vs_posted_at_matched_latency,mechanism,0.9956253485309283,NA,10,NA,NA
exp6_frontier,entangled_high_hybrid_noema_baseline_3_posted_price,welfare,mechanism,32.11497020587271,NA,10,NA,NA
exp6_frontier,entangled_high_hybrid_noema_baseline_3_posted_price,tokens_admitted,mechanism,38.2565,NA,10,NA,NA
exp6_frontier,entangled_high_hybrid_noema_baseline_3_posted_price,median_latency,mechanism,76.45110390953498,NA,10,NA,NA
exp6_frontier,entangled_high_hybrid_noema_baseline_3_posted_price,alloc_ratio,mechanism,0.4224464762452838,NA,10,NA,NA
exp6_frontier,entangled_high_hybrid_noema_baseline_3_posted_price,welfare_vs_posted_at_matched_volume,mechanism,NA,NA,10,NA,NA
exp6_frontier,entangled_high_hybrid_noema_baseline_3_posted_price,welfare_vs_posted_at_matched_latency,mechanism,NA,NA,10,NA,NA
exp6_frontier,entangled_high_hybrid_noema_baseline_3_posted_price_edf,welfare,mechanism,32.01275763354811,NA,10,NA,NA
exp6_frontier,entangled_high_hybrid_noema_baseline_3_posted_price_edf,tokens_admitted,mechanism,38.267,NA,10,NA,NA
exp6_frontier,entangled_high_hybrid_noema_baseline_3_posted_price_edf,median_latency,mechanism,76.440963011187307,NA,10,NA,NA
exp6_frontier,entangled_high_hybrid_noema_baseline_3_posted_price_edf,alloc_ratio,mechanism,0.42092695628338306,NA,10,NA,NA
exp6_frontier,entangled_high_hybrid_noema_baseline_3_posted_price_edf,welfare_vs_posted_at_matched_volume,mechanism,0.9965760434274916,NA,10,NA,NA
exp6_frontier,entangled_high_hybrid_noema_baseline_3_posted_price_edf,welfare_vs_posted_at_matched_latency,mechanism,0.9892705643478377,NA,10,NA,NA
exp6_frontier,entangled_high_hybrid_noema_baseline_3_posted_price_fcfs,welfare,mechanism,32.01816494147307,NA,10,NA,NA
exp6_frontier,entangled_high_hybrid_noema_baseline_3_posted_price_fcfs,tokens_admitted,mechanism,38.2695,NA,10,NA,NA
exp6_frontier,entangled_high_hybrid_noema_baseline_3_posted_price_fcfs,median_latency,mechanism,76.46952923372294,NA,10,NA,NA
exp6_frontier,entangled_high_hybrid_noema_baseline_3_posted_price_fcfs,alloc_ratio,mechanism,0.42098126153805016,NA,10,NA,NA
exp6_frontier,entangled_high_hybrid_noema_baseline_3_posted_price_fcfs,welfare_vs_posted_at_matched_volume,mechanism,0.9966785213413718,NA,10,NA,NA
exp6_frontier,entangled_high_hybrid_noema_baseline_3_posted_price_fcfs,welfare_vs_posted_at_matched_latency,mechanism,0.9888608499531816,NA,10,NA,NA
exp6_frontier,entangled_high_hybrid_noema_baseline_4_posted_price,welfare,mechanism,0,NA,10,NA,NA
exp6_frontier,entangled_high_hybrid_noema_baseline_4_posted_price,tokens_admitted,mechanism,0,NA,10,NA,NA
exp6_frontier,entangled_high_hybrid_noema_baseline_4_posted_price,median_latency,mechanism,NA,NA,10,NA,NA
exp6_frontier,entangled_high_hybrid_noema_baseline_4_posted_price,alloc_ratio,mechanism,0,NA,10,NA,NA
exp6_frontier,entangled_high_hybrid_noema_baseline_4_posted_price,welfare_vs_posted_at_matched_volume,mechanism,NA,NA,10,NA,NA
exp6_frontier,entangled_high_hybrid_noema_baseline_4_posted_price,welfare_vs_posted_at_matched_latency,mechanism,NA,NA,10,NA,NA
exp6_frontier,entangled_high_hybrid_noema_baseline_4_posted_price_edf,welfare,mechanism,0,NA,10,NA,NA
exp6_frontier,entangled_high_hybrid_noema_baseline_4_posted_price_edf,tokens_admitted,mechanism,0,NA,10,NA,NA
exp6_frontier,entangled_high_hybrid_noema_baseline_4_posted_price_edf,median_latency,mechanism,NA,NA,10,NA,NA
exp6_frontier,entangled_high_hybrid_noema_baseline_4_posted_price_edf,alloc_ratio,mechanism,0,NA,10,NA,NA
exp6_frontier,entangled_high_hybrid_noema_baseline_4_posted_price_edf,welfare_vs_posted_at_matched_volume,mechanism,NA,NA,10,NA,NA
exp6_frontier,entangled_high_hybrid_noema_baseline_4_posted_price_edf,welfare_vs_posted_at_matched_latency,mechanism,NA,NA,10,NA,NA
exp6_frontier,entangled_high_hybrid_noema_baseline_4_posted_price_fcfs,welfare,mechanism,0,NA,10,NA,NA
exp6_frontier,entangled_high_hybrid_noema_baseline_4_posted_price_fcfs,tokens_admitted,mechanism,0,NA,10,NA,NA
exp6_frontier,entangled_high_hybrid_noema_baseline_4_posted_price_fcfs,median_latency,mechanism,NA,NA,10,NA,NA
exp6_frontier,entangled_high_hybrid_noema_baseline_4_posted_price_fcfs,alloc_ratio,mechanism,0,NA,10,NA,NA
exp6_frontier,entangled_high_hybrid_noema_baseline_4_posted_price_fcfs,welfare_vs_posted_at_matched_volume,mechanism,NA,NA,10,NA,NA
exp6_frontier,entangled_high_hybrid_noema_baseline_4_posted_price_fcfs,welfare_vs_posted_at_matched_latency,mechanism,NA,NA,10,NA,NA
exp6_frontier,entangled_high_hybrid_noema_baseline_4_posted_price_matched,welfare,mechanism,0,NA,10,NA,NA
exp6_frontier,entangled_high_hybrid_noema_baseline_4_posted_price_matched,tokens_admitted,mechanism,0,NA,10,NA,NA
exp6_frontier,entangled_high_hybrid_noema_baseline_4_posted_price_matched,median_latency,mechanism,NA,NA,10,NA,NA
exp6_frontier,entangled_high_hybrid_noema_baseline_4_posted_price_matched,alloc_ratio,mechanism,0,NA,10,NA,NA
exp6_frontier,entangled_high_hybrid_noema_baseline_4_posted_price_matched,welfare_vs_posted_at_matched_volume,mechanism,NA,NA,10,NA,NA
exp6_frontier,entangled_high_hybrid_noema_baseline_4_posted_price_matched,welfare_vs_posted_at_matched_latency,mechanism,NA,NA,10,NA,NA
exp6_frontier,entangled_high_hybrid_noema_calibrated_1_edf,welfare,mechanism,57.36269066961856,NA,10,NA,NA
exp6_frontier,entangled_high_hybrid_noema_calibrated_1_edf,tokens_admitted,mechanism,83.9075,NA,10,NA,NA
exp6_frontier,entangled_high_hybrid_noema_calibrated_1_edf,median_latency,mechanism,81.58215998003868,NA,10,NA,NA
exp6_frontier,entangled_high_hybrid_noema_calibrated_1_edf,alloc_ratio,mechanism,0.7757310083560764,NA,10,NA,NA
exp6_frontier,entangled_high_hybrid_noema_calibrated_1_edf,welfare_vs_posted_at_matched_volume,mechanism,0.9091648774425087,NA,10,NA,NA
exp6_frontier,entangled_high_hybrid_noema_calibrated_1_edf,welfare_vs_posted_at_matched_latency,mechanism,NA,NA,10,NA,NA
exp6_frontier,entangled_high_hybrid_noema_calibrated_1_greedy_ev,welfare,mechanism,63.135857029893316,NA,10,NA,NA
exp6_frontier,entangled_high_hybrid_noema_calibrated_1_greedy_ev,tokens_admitted,mechanism,83.9075,NA,10,NA,NA
exp6_frontier,entangled_high_hybrid_noema_calibrated_1_greedy_ev,median_latency,mechanism,81.53171808617726,NA,10,NA,NA
exp6_frontier,entangled_high_hybrid_noema_calibrated_1_greedy_ev,alloc_ratio,mechanism,0.8520534610884453,NA,10,NA,NA
exp6_frontier,entangled_high_hybrid_noema_calibrated_1_greedy_ev,welfare_vs_posted_at_matched_volume,mechanism,1,NA,10,NA,NA
exp6_frontier,entangled_high_hybrid_noema_calibrated_1_greedy_ev,welfare_vs_posted_at_matched_latency,mechanism,1,NA,10,NA,NA
exp6_frontier,entangled_high_hybrid_noema_calibrated_1_k8s,welfare,mechanism,57.566275210458,NA,10,NA,NA
exp6_frontier,entangled_high_hybrid_noema_calibrated_1_k8s,tokens_admitted,mechanism,83.9075,NA,10,NA,NA
exp6_frontier,entangled_high_hybrid_noema_calibrated_1_k8s,median_latency,mechanism,81.20304989097824,NA,10,NA,NA
exp6_frontier,entangled_high_hybrid_noema_calibrated_1_k8s,alloc_ratio,mechanism,0.7759950397690134,NA,10,NA,NA
exp6_frontier,entangled_high_hybrid_noema_calibrated_1_k8s,welfare_vs_posted_at_matched_volume,mechanism,0.9124961614206184,NA,10,NA,NA
exp6_frontier,entangled_high_hybrid_noema_calibrated_1_k8s,welfare_vs_posted_at_matched_latency,mechanism,0.9121429831134207,NA,10,NA,NA
exp6_frontier,entangled_high_hybrid_noema_calibrated_1_market,welfare,mechanism,56.54584180397663,NA,10,NA,NA
exp6_frontier,entangled_high_hybrid_noema_calibrated_1_market,tokens_admitted,mechanism,74.605,NA,10,NA,NA
exp6_frontier,entangled_high_hybrid_noema_calibrated_1_market,median_latency,mechanism,79.94494782972848,NA,10,NA,NA
exp6_frontier,entangled_high_hybrid_noema_calibrated_1_market,alloc_ratio,mechanism,0.755606896035083,NA,10,NA,NA
exp6_frontier,entangled_high_hybrid_noema_calibrated_1_market,welfare_vs_posted_at_matched_volume,mechanism,0.9311002064754152,NA,10,NA,NA
exp6_frontier,entangled_high_hybrid_noema_calibrated_1_market,welfare_vs_posted_at_matched_latency,mechanism,0.8990607254660957,NA,10,NA,NA
exp6_frontier,entangled_high_hybrid_noema_calibrated_1_market_asc,welfare,mechanism,63.240586824672434,NA,10,NA,NA
exp6_frontier,entangled_high_hybrid_noema_calibrated_1_market_asc,tokens_admitted,mechanism,82.926,NA,10,NA,NA
exp6_frontier,entangled_high_hybrid_noema_calibrated_1_market_asc,median_latency,mechanism,80.52995463460645,NA,10,NA,NA
exp6_frontier,entangled_high_hybrid_noema_calibrated_1_market_asc,alloc_ratio,mechanism,0.8456481530374864,NA,10,NA,NA
exp6_frontier,entangled_high_hybrid_noema_calibrated_1_market_asc,welfare_vs_posted_at_matched_volume,mechanism,1.0024763471383358,NA,10,NA,NA
exp6_frontier,entangled_high_hybrid_noema_calibrated_1_market_asc,welfare_vs_posted_at_matched_latency,mechanism,1.0029728425075013,NA,10,NA,NA
exp6_frontier,entangled_high_hybrid_noema_calibrated_1_market_cc,welfare,mechanism,44.477323778066015,NA,10,NA,NA
exp6_frontier,entangled_high_hybrid_noema_calibrated_1_market_cc,tokens_admitted,mechanism,59.7325,NA,10,NA,NA
exp6_frontier,entangled_high_hybrid_noema_calibrated_1_market_cc,median_latency,mechanism,79.20813279227296,NA,10,NA,NA
exp6_frontier,entangled_high_hybrid_noema_calibrated_1_market_cc,alloc_ratio,mechanism,0.5929217840689334,NA,10,NA,NA
exp6_frontier,entangled_high_hybrid_noema_calibrated_1_market_cc,welfare_vs_posted_at_matched_volume,mechanism,0.8658331745978116,NA,10,NA,NA
exp6_frontier,entangled_high_hybrid_noema_calibrated_1_market_cc,welfare_vs_posted_at_matched_latency,mechanism,0.7094916016932126,NA,10,NA,NA
exp6_frontier,entangled_high_hybrid_noema_calibrated_1_market_posted_slice,welfare,mechanism,61.985281128546355,NA,10,NA,NA
exp6_frontier,entangled_high_hybrid_noema_calibrated_1_market_posted_slice,tokens_admitted,mechanism,76.283,NA,10,NA,NA
exp6_frontier,entangled_high_hybrid_noema_calibrated_1_market_posted_slice,median_latency,mechanism,76.72114102054509,NA,10,NA,NA
exp6_frontier,entangled_high_hybrid_noema_calibrated_1_market_posted_slice,alloc_ratio,mechanism,0.7993996676832609,NA,10,NA,NA
exp6_frontier,entangled_high_hybrid_noema_calibrated_1_market_posted_slice,welfare_vs_posted_at_matched_volume,mechanism,1.008621427874413,NA,10,NA,NA
exp6_frontier,entangled_high_hybrid_noema_calibrated_1_market_posted_slice,welfare_vs_posted_at_matched_latency,mechanism,1.0182349335127887,NA,10,NA,NA
exp6_frontier,entangled_high_hybrid_noema_calibrated_1_posted_price,welfare,mechanism,63.14425653339377,NA,10,NA,NA
exp6_frontier,entangled_high_hybrid_noema_calibrated_1_posted_price,tokens_admitted,mechanism,83.883,NA,10,NA,NA
exp6_frontier,entangled_high_hybrid_noema_calibrated_1_posted_price,median_latency,mechanism,81.49775007355973,NA,10,NA,NA
exp6_frontier,entangled_high_hybrid_noema_calibrated_1_posted_price,alloc_ratio,mechanism,0.8518939142929266,NA,10,NA,NA
exp6_frontier,entangled_high_hybrid_noema_calibrated_1_posted_price,welfare_vs_posted_at_matched_volume,mechanism,NA,NA,10,NA,NA
exp6_frontier,entangled_high_hybrid_noema_calibrated_1_posted_price,welfare_vs_posted_at_matched_latency,mechanism,NA,NA,10,NA,NA
exp6_frontier,entangled_high_hybrid_noema_calibrated_1_posted_price_edf,welfare,mechanism,57.389832853399874,NA,10,NA,NA
exp6_frontier,entangled_high_hybrid_noema_calibrated_1_posted_price_edf,tokens_admitted,mechanism,83.883,NA,10,NA,NA
exp6_frontier,entangled_high_hybrid_noema_calibrated_1_posted_price_edf,median_latency,mechanism,81.54103649919433,NA,10,NA,NA
exp6_frontier,entangled_high_hybrid_noema_calibrated_1_posted_price_edf,alloc_ratio,mechanism,0.775814630527419,NA,10,NA,NA
exp6_frontier,entangled_high_hybrid_noema_calibrated_1_posted_price_edf,welfare_vs_posted_at_matched_volume,mechanism,0.9088679047302884,NA,10,NA,NA
exp6_frontier,entangled_high_hybrid_noema_calibrated_1_posted_price_edf,welfare_vs_posted_at_matched_latency,mechanism,0.9093207474962559,NA,10,NA,NA
exp6_frontier,entangled_high_hybrid_noema_calibrated_1_posted_price_fcfs,welfare,mechanism,57.38138058180997,NA,10,NA,NA
exp6_frontier,entangled_high_hybrid_noema_calibrated_1_posted_price_fcfs,tokens_admitted,mechanism,83.883,NA,10,NA,NA
exp6_frontier,entangled_high_hybrid_noema_calibrated_1_posted_price_fcfs,median_latency,mechanism,81.54090965024848,NA,10,NA,NA
exp6_frontier,entangled_high_hybrid_noema_calibrated_1_posted_price_fcfs,alloc_ratio,mechanism,0.7757312066059545,NA,10,NA,NA
exp6_frontier,entangled_high_hybrid_noema_calibrated_1_posted_price_fcfs,welfare_vs_posted_at_matched_volume,mechanism,0.9087342213062326,NA,10,NA,NA
exp6_frontier,entangled_high_hybrid_noema_calibrated_1_posted_price_fcfs,welfare_vs_posted_at_matched_latency,mechanism,0.9088463524381417,NA,10,NA,NA
exp6_frontier,entangled_high_hybrid_noema_calibrated_1_posted_price_matched,welfare,mechanism,63.14425653339377,NA,10,NA,NA
exp6_frontier,entangled_high_hybrid_noema_calibrated_1_posted_price_matched,tokens_admitted,mechanism,83.883,NA,10,NA,NA
exp6_frontier,entangled_high_hybrid_noema_calibrated_1_posted_price_matched,median_latency,mechanism,81.49775007355973,NA,10,NA,NA
exp6_frontier,entangled_high_hybrid_noema_calibrated_1_posted_price_matched,alloc_ratio,mechanism,0.8518939142929266,NA,10,NA,NA
exp6_frontier,entangled_high_hybrid_noema_calibrated_1_posted_price_matched,welfare_vs_posted_at_matched_volume,mechanism,1,NA,10,NA,NA
exp6_frontier,entangled_high_hybrid_noema_calibrated_1_posted_price_matched,welfare_vs_posted_at_matched_latency,mechanism,1,NA,10,NA,NA
exp6_frontier,entangled_high_hybrid_noema_calibrated_1_random,welfare,mechanism,57.37307451029794,NA,10,NA,NA
exp6_frontier,entangled_high_hybrid_noema_calibrated_1_random,tokens_admitted,mechanism,83.9075,NA,10,NA,NA
exp6_frontier,entangled_high_hybrid_noema_calibrated_1_random,median_latency,mechanism,81.6030008581293,NA,10,NA,NA
exp6_frontier,entangled_high_hybrid_noema_calibrated_1_random,alloc_ratio,mechanism,0.775867260253607,NA,10,NA,NA
exp6_frontier,entangled_high_hybrid_noema_calibrated_1_random,welfare_vs_posted_at_matched_volume,mechanism,0.9079653468907064,NA,10,NA,NA
exp6_frontier,entangled_high_hybrid_noema_calibrated_1_random,welfare_vs_posted_at_matched_latency,mechanism,0.9081866273715745,NA,10,NA,NA
exp6_frontier,entangled_high_hybrid_noema_calibrated_1.25_posted_price,welfare,mechanism,63.132959292893254,NA,10,NA,NA
exp6_frontier,entangled_high_hybrid_noema_calibrated_1.25_posted_price,tokens_admitted,mechanism,83.7415,NA,10,NA,NA
exp6_frontier,entangled_high_hybrid_noema_calibrated_1.25_posted_price,median_latency,mechanism,81.39049112822714,NA,10,NA,NA
exp6_frontier,entangled_high_hybrid_noema_calibrated_1.25_posted_price,alloc_ratio,mechanism,0.8509241318963421,NA,10,NA,NA
exp6_frontier,entangled_high_hybrid_noema_calibrated_1.25_posted_price,welfare_vs_posted_at_matched_volume,mechanism,NA,NA,10,NA,NA
exp6_frontier,entangled_high_hybrid_noema_calibrated_1.25_posted_price,welfare_vs_posted_at_matched_latency,mechanism,NA,NA,10,NA,NA
exp6_frontier,entangled_high_hybrid_noema_calibrated_1.25_posted_price_edf,welfare,mechanism,57.4193581524813,NA,10,NA,NA
exp6_frontier,entangled_high_hybrid_noema_calibrated_1.25_posted_price_edf,tokens_admitted,mechanism,83.7425,NA,10,NA,NA
exp6_frontier,entangled_high_hybrid_noema_calibrated_1.25_posted_price_edf,median_latency,mechanism,81.4339328503541,NA,10,NA,NA
exp6_frontier,entangled_high_hybrid_noema_calibrated_1.25_posted_price_edf,alloc_ratio,mechanism,0.7754084722814139,NA,10,NA,NA
exp6_frontier,entangled_high_hybrid_noema_calibrated_1.25_posted_price_edf,welfare_vs_posted_at_matched_volume,mechanism,0.9094961726642997,NA,10,NA,NA
exp6_frontier,entangled_high_hybrid_noema_calibrated_1.25_posted_price_edf,welfare_vs_posted_at_matched_latency,mechanism,0.9093778044444542,NA,10,NA,NA
exp6_frontier,entangled_high_hybrid_noema_calibrated_1.25_posted_price_fcfs,welfare,mechanism,57.4075988510749,NA,10,NA,NA
exp6_frontier,entangled_high_hybrid_noema_calibrated_1.25_posted_price_fcfs,tokens_admitted,mechanism,83.7425,NA,10,NA,NA
exp6_frontier,entangled_high_hybrid_noema_calibrated_1.25_posted_price_fcfs,median_latency,mechanism,81.43798505115998,NA,10,NA,NA
exp6_frontier,entangled_high_hybrid_noema_calibrated_1.25_posted_price_fcfs,alloc_ratio,mechanism,0.775306656250226,NA,10,NA,NA
exp6_frontier,entangled_high_hybrid_noema_calibrated_1.25_posted_price_fcfs,welfare_vs_posted_at_matched_volume,mechanism,0.9093100736150926,NA,10,NA,NA
exp6_frontier,entangled_high_hybrid_noema_calibrated_1.25_posted_price_fcfs,welfare_vs_posted_at_matched_latency,mechanism,0.9097732273428563,NA,10,NA,NA
exp6_frontier,entangled_high_hybrid_noema_calibrated_1.5_posted_price,welfare,mechanism,63.05472815582108,NA,10,NA,NA
exp6_frontier,entangled_high_hybrid_noema_calibrated_1.5_posted_price,tokens_admitted,mechanism,82.5525,NA,10,NA,NA
exp6_frontier,entangled_high_hybrid_noema_calibrated_1.5_posted_price,median_latency,mechanism,80.52078170863514,NA,10,NA,NA
exp6_frontier,entangled_high_hybrid_noema_calibrated_1.5_posted_price,alloc_ratio,mechanism,0.8429383272504204,NA,10,NA,NA
exp6_frontier,entangled_high_hybrid_noema_calibrated_1.5_posted_price,welfare_vs_posted_at_matched_volume,mechanism,NA,NA,10,NA,NA
exp6_frontier,entangled_high_hybrid_noema_calibrated_1.5_posted_price,welfare_vs_posted_at_matched_latency,mechanism,NA,NA,10,NA,NA
exp6_frontier,entangled_high_hybrid_noema_calibrated_1.5_posted_price_edf,welfare,mechanism,57.56894733700119,NA,10,NA,NA
exp6_frontier,entangled_high_hybrid_noema_calibrated_1.5_posted_price_edf,tokens_admitted,mechanism,82.5505,NA,10,NA,NA
exp6_frontier,entangled_high_hybrid_noema_calibrated_1.5_posted_price_edf,median_latency,mechanism,80.53533778916284,NA,10,NA,NA
exp6_frontier,entangled_high_hybrid_noema_calibrated_1.5_posted_price_edf,alloc_ratio,mechanism,0.7707507635954612,NA,10,NA,NA
exp6_frontier,entangled_high_hybrid_noema_calibrated_1.5_posted_price_edf,welfare_vs_posted_at_matched_volume,mechanism,0.9130079321405075,NA,10,NA,NA
exp6_frontier,entangled_high_hybrid_noema_calibrated_1.5_posted_price_edf,welfare_vs_posted_at_matched_latency,mechanism,0.9129969641375266,NA,10,NA,NA
exp6_frontier,entangled_high_hybrid_noema_calibrated_1.5_posted_price_fcfs,welfare,mechanism,57.56026116241171,NA,10,NA,NA
exp6_frontier,entangled_high_hybrid_noema_calibrated_1.5_posted_price_fcfs,tokens_admitted,mechanism,82.55,NA,10,NA,NA
exp6_frontier,entangled_high_hybrid_noema_calibrated_1.5_posted_price_fcfs,median_latency,mechanism,80.53870029040175,NA,10,NA,NA
exp6_frontier,entangled_high_hybrid_noema_calibrated_1.5_posted_price_fcfs,alloc_ratio,mechanism,0.7706406528686773,NA,10,NA,NA
exp6_frontier,entangled_high_hybrid_noema_calibrated_1.5_posted_price_fcfs,welfare_vs_posted_at_matched_volume,mechanism,0.9128718147729384,NA,10,NA,NA
exp6_frontier,entangled_high_hybrid_noema_calibrated_1.5_posted_price_fcfs,welfare_vs_posted_at_matched_latency,mechanism,0.9128357611043171,NA,10,NA,NA
exp6_frontier,entangled_high_hybrid_noema_calibrated_1.75_posted_price,welfare,mechanism,62.38516804237574,NA,10,NA,NA
exp6_frontier,entangled_high_hybrid_noema_calibrated_1.75_posted_price,tokens_admitted,mechanism,78.636,NA,10,NA,NA
exp6_frontier,entangled_high_hybrid_noema_calibrated_1.75_posted_price,median_latency,mechanism,78.08330039332363,NA,10,NA,NA
exp6_frontier,entangled_high_hybrid_noema_calibrated_1.75_posted_price,alloc_ratio,mechanism,0.8154285667216145,NA,10,NA,NA
exp6_frontier,entangled_high_hybrid_noema_calibrated_1.75_posted_price,welfare_vs_posted_at_matched_volume,mechanism,NA,NA,10,NA,NA
exp6_frontier,entangled_high_hybrid_noema_calibrated_1.75_posted_price,welfare_vs_posted_at_matched_latency,mechanism,NA,NA,10,NA,NA
exp6_frontier,entangled_high_hybrid_noema_calibrated_1.75_posted_price_edf,welfare,mechanism,58.53381998445243,NA,10,NA,NA
exp6_frontier,entangled_high_hybrid_noema_calibrated_1.75_posted_price_edf,tokens_admitted,mechanism,78.642,NA,10,NA,NA
exp6_frontier,entangled_high_hybrid_noema_calibrated_1.75_posted_price_edf,median_latency,mechanism,78.1023750163596,NA,10,NA,NA
exp6_frontier,entangled_high_hybrid_noema_calibrated_1.75_posted_price_edf,alloc_ratio,mechanism,0.7655169474407574,NA,10,NA,NA
exp6_frontier,entangled_high_hybrid_noema_calibrated_1.75_posted_price_edf,welfare_vs_posted_at_matched_volume,mechanism,0.9382566748620801,NA,10,NA,NA
exp6_frontier,entangled_high_hybrid_noema_calibrated_1.75_posted_price_edf,welfare_vs_posted_at_matched_latency,mechanism,0.9382293826774791,NA,10,NA,NA
exp6_frontier,entangled_high_hybrid_noema_calibrated_1.75_posted_price_fcfs,welfare,mechanism,58.53274172781339,NA,10,NA,NA
exp6_frontier,entangled_high_hybrid_noema_calibrated_1.75_posted_price_fcfs,tokens_admitted,mechanism,78.645,NA,10,NA,NA
exp6_frontier,entangled_high_hybrid_noema_calibrated_1.75_posted_price_fcfs,median_latency,mechanism,78.13163765745598,NA,10,NA,NA
exp6_frontier,entangled_high_hybrid_noema_calibrated_1.75_posted_price_fcfs,alloc_ratio,mechanism,0.7655238487466226,NA,10,NA,NA
exp6_frontier,entangled_high_hybrid_noema_calibrated_1.75_posted_price_fcfs,welfare_vs_posted_at_matched_volume,mechanism,0.9382267819351708,NA,10,NA,NA
exp6_frontier,entangled_high_hybrid_noema_calibrated_1.75_posted_price_fcfs,welfare_vs_posted_at_matched_latency,mechanism,0.9380473923304068,NA,10,NA,NA
exp6_frontier,entangled_high_hybrid_noema_calibrated_2_market_posted_slice,welfare,mechanism,63.32115809684558,NA,10,NA,NA
exp6_frontier,entangled_high_hybrid_noema_calibrated_2_market_posted_slice,tokens_admitted,mechanism,80.72449999999999,NA,10,NA,NA
exp6_frontier,entangled_high_hybrid_noema_calibrated_2_market_posted_slice,median_latency,mechanism,78.58930236080863,NA,10,NA,NA
exp6_frontier,entangled_high_hybrid_noema_calibrated_2_market_posted_slice,alloc_ratio,mechanism,0.8312403281323397,NA,10,NA,NA
exp6_frontier,entangled_high_hybrid_noema_calibrated_2_market_posted_slice,welfare_vs_posted_at_matched_volume,mechanism,1.0092112535635105,NA,10,NA,NA
exp6_frontier,entangled_high_hybrid_noema_calibrated_2_market_posted_slice,welfare_vs_posted_at_matched_latency,mechanism,1.0128386329686563,NA,10,NA,NA
exp6_frontier,entangled_high_hybrid_noema_calibrated_2_posted_price,welfare,mechanism,60.59206942696331,NA,10,NA,NA
exp6_frontier,entangled_high_hybrid_noema_calibrated_2_posted_price,tokens_admitted,mechanism,74.1015,NA,10,NA,NA
exp6_frontier,entangled_high_hybrid_noema_calibrated_2_posted_price,median_latency,mechanism,76.4740699209539,NA,10,NA,NA
exp6_frontier,entangled_high_hybrid_noema_calibrated_2_posted_price,alloc_ratio,mechanism,0.7798327966324562,NA,10,NA,NA
exp6_frontier,entangled_high_hybrid_noema_calibrated_2_posted_price,welfare_vs_posted_at_matched_volume,mechanism,NA,NA,10,NA,NA
exp6_frontier,entangled_high_hybrid_noema_calibrated_2_posted_price,welfare_vs_posted_at_matched_latency,mechanism,NA,NA,10,NA,NA
exp6_frontier,entangled_high_hybrid_noema_calibrated_2_posted_price_edf,welfare,mechanism,58.472464909452945,NA,10,NA,NA
exp6_frontier,entangled_high_hybrid_noema_calibrated_2_posted_price_edf,tokens_admitted,mechanism,74.1075,NA,10,NA,NA
exp6_frontier,entangled_high_hybrid_noema_calibrated_2_posted_price_edf,median_latency,mechanism,76.4819907273903,NA,10,NA,NA
exp6_frontier,entangled_high_hybrid_noema_calibrated_2_posted_price_edf,alloc_ratio,mechanism,0.7527173889305248,NA,10,NA,NA
exp6_frontier,entangled_high_hybrid_noema_calibrated_2_posted_price_edf,welfare_vs_posted_at_matched_volume,mechanism,0.965007016974938,NA,10,NA,NA
exp6_frontier,entangled_high_hybrid_noema_calibrated_2_posted_price_edf,welfare_vs_posted_at_matched_latency,mechanism,0.9649807629825772,NA,10,NA,NA
exp6_frontier,entangled_high_hybrid_noema_calibrated_2_posted_price_fcfs,welfare,mechanism,58.47067546232202,NA,10,NA,NA
exp6_frontier,entangled_high_hybrid_noema_calibrated_2_posted_price_fcfs,tokens_admitted,mechanism,74.116,NA,10,NA,NA
exp6_frontier,entangled_high_hybrid_noema_calibrated_2_posted_price_fcfs,median_latency,mechanism,76.49203829290252,NA,10,NA,NA
exp6_frontier,entangled_high_hybrid_noema_calibrated_2_posted_price_fcfs,alloc_ratio,mechanism,0.7528066343546563,NA,10,NA,NA
exp6_frontier,entangled_high_hybrid_noema_calibrated_2_posted_price_fcfs,welfare_vs_posted_at_matched_volume,mechanism,0.964915589361458,NA,10,NA,NA
exp6_frontier,entangled_high_hybrid_noema_calibrated_2_posted_price_fcfs,welfare_vs_posted_at_matched_latency,mechanism,0.9648685137222797,NA,10,NA,NA
exp6_frontier,entangled_high_hybrid_noema_calibrated_2_posted_price_matched,welfare,mechanism,60.59206942696331,NA,10,NA,NA
exp6_frontier,entangled_high_hybrid_noema_calibrated_2_posted_price_matched,tokens_admitted,mechanism,74.1015,NA,10,NA,NA
exp6_frontier,entangled_high_hybrid_noema_calibrated_2_posted_price_matched,median_latency,mechanism,76.4740699209539,NA,10,NA,NA
exp6_frontier,entangled_high_hybrid_noema_calibrated_2_posted_price_matched,alloc_ratio,mechanism,0.7798327966324562,NA,10,NA,NA
exp6_frontier,entangled_high_hybrid_noema_calibrated_2_posted_price_matched,welfare_vs_posted_at_matched_volume,mechanism,1,NA,10,NA,NA
exp6_frontier,entangled_high_hybrid_noema_calibrated_2_posted_price_matched,welfare_vs_posted_at_matched_latency,mechanism,1,NA,10,NA,NA
exp6_frontier,entangled_high_hybrid_noema_calibrated_2.25_posted_price,welfare,mechanism,56.94392294079702,NA,10,NA,NA
exp6_frontier,entangled_high_hybrid_noema_calibrated_2.25_posted_price,tokens_admitted,mechanism,67.858,NA,10,NA,NA
exp6_frontier,entangled_high_hybrid_noema_calibrated_2.25_posted_price,median_latency,mechanism,75.25447000437225,NA,10,NA,NA
exp6_frontier,entangled_high_hybrid_noema_calibrated_2.25_posted_price,alloc_ratio,mechanism,0.7242535756458431,NA,10,NA,NA
exp6_frontier,entangled_high_hybrid_noema_calibrated_2.25_posted_price,welfare_vs_posted_at_matched_volume,mechanism,NA,NA,10,NA,NA
exp6_frontier,entangled_high_hybrid_noema_calibrated_2.25_posted_price,welfare_vs_posted_at_matched_latency,mechanism,NA,NA,10,NA,NA
exp6_frontier,entangled_high_hybrid_noema_calibrated_2.25_posted_price_edf,welfare,mechanism,56.19381220241548,NA,10,NA,NA
exp6_frontier,entangled_high_hybrid_noema_calibrated_2.25_posted_price_edf,tokens_admitted,mechanism,67.84049999999999,NA,10,NA,NA
exp6_frontier,entangled_high_hybrid_noema_calibrated_2.25_posted_price_edf,median_latency,mechanism,75.2414904607058,NA,10,NA,NA
exp6_frontier,entangled_high_hybrid_noema_calibrated_2.25_posted_price_edf,alloc_ratio,mechanism,0.7147597827761898,NA,10,NA,NA
exp6_frontier,entangled_high_hybrid_noema_calibrated_2.25_posted_price_edf,welfare_vs_posted_at_matched_volume,mechanism,0.9870520563458852,NA,10,NA,NA
exp6_frontier,entangled_high_hybrid_noema_calibrated_2.25_posted_price_edf,welfare_vs_posted_at_matched_latency,mechanism,0.9882329578995163,NA,10,NA,NA
exp6_frontier,entangled_high_hybrid_noema_calibrated_2.25_posted_price_fcfs,welfare,mechanism,56.18642980631745,NA,10,NA,NA
exp6_frontier,entangled_high_hybrid_noema_calibrated_2.25_posted_price_fcfs,tokens_admitted,mechanism,67.8355,NA,10,NA,NA
exp6_frontier,entangled_high_hybrid_noema_calibrated_2.25_posted_price_fcfs,median_latency,mechanism,75.25481221095744,NA,10,NA,NA
exp6_frontier,entangled_high_hybrid_noema_calibrated_2.25_posted_price_fcfs,alloc_ratio,mechanism,0.7147119571522023,NA,10,NA,NA
exp6_frontier,entangled_high_hybrid_noema_calibrated_2.25_posted_price_fcfs,welfare_vs_posted_at_matched_volume,mechanism,0.9869735615998656,NA,10,NA,NA
exp6_frontier,entangled_high_hybrid_noema_calibrated_2.25_posted_price_fcfs,welfare_vs_posted_at_matched_latency,mechanism,0.9870696305057943,NA,10,NA,NA
exp6_frontier,entangled_high_hybrid_noema_calibrated_2.5_posted_price,welfare,mechanism,50.37105534785361,NA,10,NA,NA
exp6_frontier,entangled_high_hybrid_noema_calibrated_2.5_posted_price,tokens_admitted,mechanism,58.286,NA,10,NA,NA
exp6_frontier,entangled_high_hybrid_noema_calibrated_2.5_posted_price,median_latency,mechanism,73.89997748549979,NA,10,NA,NA
exp6_frontier,entangled_high_hybrid_noema_calibrated_2.5_posted_price,alloc_ratio,mechanism,0.6327074746577617,NA,10,NA,NA
exp6_frontier,entangled_high_hybrid_noema_calibrated_2.5_posted_price,welfare_vs_posted_at_matched_volume,mechanism,NA,NA,10,NA,NA
exp6_frontier,entangled_high_hybrid_noema_calibrated_2.5_posted_price,welfare_vs_posted_at_matched_latency,mechanism,NA,NA,10,NA,NA
exp6_frontier,entangled_high_hybrid_noema_calibrated_2.5_posted_price_edf,welfare,mechanism,50.02389644400725,NA,10,NA,NA
exp6_frontier,entangled_high_hybrid_noema_calibrated_2.5_posted_price_edf,tokens_admitted,mechanism,58.294,NA,10,NA,NA
exp6_frontier,entangled_high_hybrid_noema_calibrated_2.5_posted_price_edf,median_latency,mechanism,73.88364198832484,NA,10,NA,NA
exp6_frontier,entangled_high_hybrid_noema_calibrated_2.5_posted_price_edf,alloc_ratio,mechanism,0.6282724844167993,NA,10,NA,NA
exp6_frontier,entangled_high_hybrid_noema_calibrated_2.5_posted_price_edf,welfare_vs_posted_at_matched_volume,mechanism,0.9930350308148479,NA,10,NA,NA
exp6_frontier,entangled_high_hybrid_noema_calibrated_2.5_posted_price_edf,welfare_vs_posted_at_matched_latency,mechanism,0.9972549610723109,NA,10,NA,NA
exp6_frontier,entangled_high_hybrid_noema_calibrated_2.5_posted_price_fcfs,welfare,mechanism,50.01427374435808,NA,10,NA,NA
exp6_frontier,entangled_high_hybrid_noema_calibrated_2.5_posted_price_fcfs,tokens_admitted,mechanism,58.286500000000004,NA,10,NA,NA
exp6_frontier,entangled_high_hybrid_noema_calibrated_2.5_posted_price_fcfs,median_latency,mechanism,73.88792590798322,NA,10,NA,NA
exp6_frontier,entangled_high_hybrid_noema_calibrated_2.5_posted_price_fcfs,alloc_ratio,mechanism,0.6281479816135962,NA,10,NA,NA
exp6_frontier,entangled_high_hybrid_noema_calibrated_2.5_posted_price_fcfs,welfare_vs_posted_at_matched_volume,mechanism,0.9929723849179962,NA,10,NA,NA
exp6_frontier,entangled_high_hybrid_noema_calibrated_2.5_posted_price_fcfs,welfare_vs_posted_at_matched_latency,mechanism,0.9958390213770504,NA,10,NA,NA
exp6_frontier,entangled_high_hybrid_noema_calibrated_3_posted_price,welfare,mechanism,33.90965969624349,NA,10,NA,NA
exp6_frontier,entangled_high_hybrid_noema_calibrated_3_posted_price,tokens_admitted,mechanism,38.2565,NA,10,NA,NA
exp6_frontier,entangled_high_hybrid_noema_calibrated_3_posted_price,median_latency,mechanism,72.40264805442287,NA,10,NA,NA
exp6_frontier,entangled_high_hybrid_noema_calibrated_3_posted_price,alloc_ratio,mechanism,0.4224464762452838,NA,10,NA,NA
exp6_frontier,entangled_high_hybrid_noema_calibrated_3_posted_price,welfare_vs_posted_at_matched_volume,mechanism,NA,NA,10,NA,NA
exp6_frontier,entangled_high_hybrid_noema_calibrated_3_posted_price,welfare_vs_posted_at_matched_latency,mechanism,NA,NA,10,NA,NA
exp6_frontier,entangled_high_hybrid_noema_calibrated_3_posted_price_edf,welfare,mechanism,33.791802404825745,NA,10,NA,NA
exp6_frontier,entangled_high_hybrid_noema_calibrated_3_posted_price_edf,tokens_admitted,mechanism,38.267,NA,10,NA,NA
exp6_frontier,entangled_high_hybrid_noema_calibrated_3_posted_price_edf,median_latency,mechanism,72.39690270539323,NA,10,NA,NA
exp6_frontier,entangled_high_hybrid_noema_calibrated_3_posted_price_edf,alloc_ratio,mechanism,0.42092695628338306,NA,10,NA,NA
exp6_frontier,entangled_high_hybrid_noema_calibrated_3_posted_price_edf,welfare_vs_posted_at_matched_volume,mechanism,0.9962699296714803,NA,10,NA,NA
exp6_frontier,entangled_high_hybrid_noema_calibrated_3_posted_price_edf,welfare_vs_posted_at_matched_latency,mechanism,0.9881196094300488,NA,10,NA,NA
exp6_frontier,entangled_high_hybrid_noema_calibrated_3_posted_price_fcfs,welfare,mechanism,33.79608385092855,NA,10,NA,NA
exp6_frontier,entangled_high_hybrid_noema_calibrated_3_posted_price_fcfs,tokens_admitted,mechanism,38.2695,NA,10,NA,NA
exp6_frontier,entangled_high_hybrid_noema_calibrated_3_posted_price_fcfs,median_latency,mechanism,72.41383685276166,NA,10,NA,NA
exp6_frontier,entangled_high_hybrid_noema_calibrated_3_posted_price_fcfs,alloc_ratio,mechanism,0.42098126153805016,NA,10,NA,NA
exp6_frontier,entangled_high_hybrid_noema_calibrated_3_posted_price_fcfs,welfare_vs_posted_at_matched_volume,mechanism,0.9963303509909649,NA,10,NA,NA
exp6_frontier,entangled_high_hybrid_noema_calibrated_3_posted_price_fcfs,welfare_vs_posted_at_matched_latency,mechanism,0.9864635670805239,NA,10,NA,NA
exp6_frontier,entangled_high_hybrid_noema_calibrated_4_posted_price,welfare,mechanism,0,NA,10,NA,NA
exp6_frontier,entangled_high_hybrid_noema_calibrated_4_posted_price,tokens_admitted,mechanism,0,NA,10,NA,NA
exp6_frontier,entangled_high_hybrid_noema_calibrated_4_posted_price,median_latency,mechanism,NA,NA,10,NA,NA
exp6_frontier,entangled_high_hybrid_noema_calibrated_4_posted_price,alloc_ratio,mechanism,0,NA,10,NA,NA
exp6_frontier,entangled_high_hybrid_noema_calibrated_4_posted_price,welfare_vs_posted_at_matched_volume,mechanism,NA,NA,10,NA,NA
exp6_frontier,entangled_high_hybrid_noema_calibrated_4_posted_price,welfare_vs_posted_at_matched_latency,mechanism,NA,NA,10,NA,NA
exp6_frontier,entangled_high_hybrid_noema_calibrated_4_posted_price_edf,welfare,mechanism,0,NA,10,NA,NA
exp6_frontier,entangled_high_hybrid_noema_calibrated_4_posted_price_edf,tokens_admitted,mechanism,0,NA,10,NA,NA
exp6_frontier,entangled_high_hybrid_noema_calibrated_4_posted_price_edf,median_latency,mechanism,NA,NA,10,NA,NA
exp6_frontier,entangled_high_hybrid_noema_calibrated_4_posted_price_edf,alloc_ratio,mechanism,0,NA,10,NA,NA
exp6_frontier,entangled_high_hybrid_noema_calibrated_4_posted_price_edf,welfare_vs_posted_at_matched_volume,mechanism,NA,NA,10,NA,NA
exp6_frontier,entangled_high_hybrid_noema_calibrated_4_posted_price_edf,welfare_vs_posted_at_matched_latency,mechanism,NA,NA,10,NA,NA
exp6_frontier,entangled_high_hybrid_noema_calibrated_4_posted_price_fcfs,welfare,mechanism,0,NA,10,NA,NA
exp6_frontier,entangled_high_hybrid_noema_calibrated_4_posted_price_fcfs,tokens_admitted,mechanism,0,NA,10,NA,NA
exp6_frontier,entangled_high_hybrid_noema_calibrated_4_posted_price_fcfs,median_latency,mechanism,NA,NA,10,NA,NA
exp6_frontier,entangled_high_hybrid_noema_calibrated_4_posted_price_fcfs,alloc_ratio,mechanism,0,NA,10,NA,NA
exp6_frontier,entangled_high_hybrid_noema_calibrated_4_posted_price_fcfs,welfare_vs_posted_at_matched_volume,mechanism,NA,NA,10,NA,NA
exp6_frontier,entangled_high_hybrid_noema_calibrated_4_posted_price_fcfs,welfare_vs_posted_at_matched_latency,mechanism,NA,NA,10,NA,NA
exp6_frontier,entangled_high_hybrid_noema_calibrated_4_posted_price_matched,welfare,mechanism,0,NA,10,NA,NA
exp6_frontier,entangled_high_hybrid_noema_calibrated_4_posted_price_matched,tokens_admitted,mechanism,0,NA,10,NA,NA
exp6_frontier,entangled_high_hybrid_noema_calibrated_4_posted_price_matched,median_latency,mechanism,NA,NA,10,NA,NA
exp6_frontier,entangled_high_hybrid_noema_calibrated_4_posted_price_matched,alloc_ratio,mechanism,0,NA,10,NA,NA
exp6_frontier,entangled_high_hybrid_noema_calibrated_4_posted_price_matched,welfare_vs_posted_at_matched_volume,mechanism,NA,NA,10,NA,NA
exp6_frontier,entangled_high_hybrid_noema_calibrated_4_posted_price_matched,welfare_vs_posted_at_matched_latency,mechanism,NA,NA,10,NA,NA
exp6_frontier,entangled_high_naive_baseline_1_edf,welfare,mechanism,2.9328909583278153,NA,10,NA,NA
exp6_frontier,entangled_high_naive_baseline_1_edf,tokens_admitted,mechanism,99.836,NA,10,NA,NA
exp6_frontier,entangled_high_naive_baseline_1_edf,median_latency,mechanism,480.7936173370184,NA,10,NA,NA
exp6_frontier,entangled_high_naive_baseline_1_edf,alloc_ratio,mechanism,0.9234503587068871,NA,10,NA,NA
exp6_frontier,entangled_high_naive_baseline_1_edf,welfare_vs_posted_at_matched_volume,mechanism,0.7785294672067998,NA,10,NA,NA
exp6_frontier,entangled_high_naive_baseline_1_edf,welfare_vs_posted_at_matched_latency,mechanism,NA,NA,10,NA,NA
exp6_frontier,entangled_high_naive_baseline_1_greedy_ev,welfare,mechanism,3.6039507806726085,NA,10,NA,NA
exp6_frontier,entangled_high_naive_baseline_1_greedy_ev,tokens_admitted,mechanism,99.877,NA,10,NA,NA
exp6_frontier,entangled_high_naive_baseline_1_greedy_ev,median_latency,mechanism,447.72433221029996,NA,10,NA,NA
exp6_frontier,entangled_high_naive_baseline_1_greedy_ev,alloc_ratio,mechanism,0.9988004665032938,NA,10,NA,NA
exp6_frontier,entangled_high_naive_baseline_1_greedy_ev,welfare_vs_posted_at_matched_volume,mechanism,1.0001133804078859,NA,10,NA,NA
exp6_frontier,entangled_high_naive_baseline_1_greedy_ev,welfare_vs_posted_at_matched_latency,mechanism,0.9915832366196959,NA,10,NA,NA
exp6_frontier,entangled_high_naive_baseline_1_k8s,welfare,mechanism,2.8349590910744484,NA,10,NA,NA
exp6_frontier,entangled_high_naive_baseline_1_k8s,tokens_admitted,mechanism,99.8895,NA,10,NA,NA
exp6_frontier,entangled_high_naive_baseline_1_k8s,median_latency,mechanism,489.5926014958634,NA,10,NA,NA
exp6_frontier,entangled_high_naive_baseline_1_k8s,alloc_ratio,mechanism,0.9242214688385548,NA,10,NA,NA
exp6_frontier,entangled_high_naive_baseline_1_k8s,welfare_vs_posted_at_matched_volume,mechanism,0.7557574708586183,NA,10,NA,NA
exp6_frontier,entangled_high_naive_baseline_1_k8s,welfare_vs_posted_at_matched_latency,mechanism,NA,NA,10,NA,NA
exp6_frontier,entangled_high_naive_baseline_1_market,welfare,mechanism,16.156629689335105,NA,10,NA,NA
exp6_frontier,entangled_high_naive_baseline_1_market,tokens_admitted,mechanism,91.6085,NA,10,NA,NA
exp6_frontier,entangled_high_naive_baseline_1_market,median_latency,mechanism,316.6902385664102,NA,10,NA,NA
exp6_frontier,entangled_high_naive_baseline_1_market,alloc_ratio,mechanism,0.9169711987582759,NA,10,NA,NA
exp6_frontier,entangled_high_naive_baseline_1_market,welfare_vs_posted_at_matched_volume,mechanism,0.6170055444000921,NA,10,NA,NA
exp6_frontier,entangled_high_naive_baseline_1_market,welfare_vs_posted_at_matched_latency,mechanism,0.9187677372825224,NA,10,NA,NA
exp6_frontier,entangled_high_naive_baseline_1_market_asc,welfare,mechanism,9.937682686528422,NA,10,NA,NA
exp6_frontier,entangled_high_naive_baseline_1_market_asc,tokens_admitted,mechanism,99.0975,NA,10,NA,NA
exp6_frontier,entangled_high_naive_baseline_1_market_asc,median_latency,mechanism,322.63186204604176,NA,10,NA,NA
exp6_frontier,entangled_high_naive_baseline_1_market_asc,alloc_ratio,mechanism,0.9764520417735058,NA,10,NA,NA
exp6_frontier,entangled_high_naive_baseline_1_market_asc,welfare_vs_posted_at_matched_volume,mechanism,1.6839139919448844,NA,10,NA,NA
exp6_frontier,entangled_high_naive_baseline_1_market_asc,welfare_vs_posted_at_matched_latency,mechanism,0.5928153270107094,NA,10,NA,NA
exp6_frontier,entangled_high_naive_baseline_1_market_cc,welfare,mechanism,5.955859273493189,NA,10,NA,NA
exp6_frontier,entangled_high_naive_baseline_1_market_cc,tokens_admitted,mechanism,52.089,NA,10,NA,NA
exp6_frontier,entangled_high_naive_baseline_1_market_cc,median_latency,mechanism,357.46690147084576,NA,10,NA,NA
exp6_frontier,entangled_high_naive_baseline_1_market_cc,alloc_ratio,mechanism,0.52119937440364,NA,10,NA,NA
exp6_frontier,entangled_high_naive_baseline_1_market_cc,welfare_vs_posted_at_matched_volume,mechanism,0.13991912387996716,NA,10,NA,NA
exp6_frontier,entangled_high_naive_baseline_1_market_cc,welfare_vs_posted_at_matched_latency,mechanism,0.4943599107943589,NA,10,NA,NA
exp6_frontier,entangled_high_naive_baseline_1_posted_price,welfare,mechanism,3.684955908974727,NA,10,NA,NA
exp6_frontier,entangled_high_naive_baseline_1_posted_price,tokens_admitted,mechanism,99.8615,NA,10,NA,NA
exp6_frontier,entangled_high_naive_baseline_1_posted_price,median_latency,mechanism,447.11463328308145,NA,10,NA,NA
exp6_frontier,entangled_high_naive_baseline_1_posted_price,alloc_ratio,mechanism,0.9986153832146396,NA,10,NA,NA
exp6_frontier,entangled_high_naive_baseline_1_posted_price,welfare_vs_posted_at_matched_volume,mechanism,NA,NA,10,NA,NA
exp6_frontier,entangled_high_naive_baseline_1_posted_price,welfare_vs_posted_at_matched_latency,mechanism,NA,NA,10,NA,NA
exp6_frontier,entangled_high_naive_baseline_1_posted_price_edf,welfare,mechanism,3.405166000839551,NA,10,NA,NA
exp6_frontier,entangled_high_naive_baseline_1_posted_price_edf,tokens_admitted,mechanism,99.855,NA,10,NA,NA
exp6_frontier,entangled_high_naive_baseline_1_posted_price_edf,median_latency,mechanism,451.2557730031179,NA,10,NA,NA
exp6_frontier,entangled_high_naive_baseline_1_posted_price_edf,alloc_ratio,mechanism,0.9327200877891179,NA,10,NA,NA
exp6_frontier,entangled_high_naive_baseline_1_posted_price_edf,welfare_vs_posted_at_matched_volume,mechanism,0.9120064050321197,NA,10,NA,NA
exp6_frontier,entangled_high_naive_baseline_1_posted_price_edf,welfare_vs_posted_at_matched_latency,mechanism,0.9458628680452743,NA,10,NA,NA
exp6_frontier,entangled_high_naive_baseline_1_posted_price_fcfs,welfare,mechanism,3.2787912986235415,NA,10,NA,NA
exp6_frontier,entangled_high_naive_baseline_1_posted_price_fcfs,tokens_admitted,mechanism,99.8465,NA,10,NA,NA
exp6_frontier,entangled_high_naive_baseline_1_posted_price_fcfs,median_latency,mechanism,460.74258777254454,NA,10,NA,NA
exp6_frontier,entangled_high_naive_baseline_1_posted_price_fcfs,alloc_ratio,mechanism,0.9302037670657641,NA,10,NA,NA
exp6_frontier,entangled_high_naive_baseline_1_posted_price_fcfs,welfare_vs_posted_at_matched_volume,mechanism,0.8762180307667516,NA,10,NA,NA
exp6_frontier,entangled_high_naive_baseline_1_posted_price_fcfs,welfare_vs_posted_at_matched_latency,mechanism,NA,NA,10,NA,NA
exp6_frontier,entangled_high_naive_baseline_1_posted_price_matched,welfare,mechanism,3.6138286872539713,NA,10,NA,NA
exp6_frontier,entangled_high_naive_baseline_1_posted_price_matched,tokens_admitted,mechanism,99.8725,NA,10,NA,NA
exp6_frontier,entangled_high_naive_baseline_1_posted_price_matched,median_latency,mechanism,447.6402523003185,NA,10,NA,NA
exp6_frontier,entangled_high_naive_baseline_1_posted_price_matched,alloc_ratio,mechanism,0.9987682323892771,NA,10,NA,NA
exp6_frontier,entangled_high_naive_baseline_1_posted_price_matched,welfare_vs_posted_at_matched_volume,mechanism,1.0001133804078859,NA,10,NA,NA
exp6_frontier,entangled_high_naive_baseline_1_posted_price_matched,welfare_vs_posted_at_matched_latency,mechanism,0.9915832366196959,NA,10,NA,NA
exp6_frontier,entangled_high_naive_baseline_1_random,welfare,mechanism,3.031890037414255,NA,10,NA,NA
exp6_frontier,entangled_high_naive_baseline_1_random,tokens_admitted,mechanism,99.815,NA,10,NA,NA
exp6_frontier,entangled_high_naive_baseline_1_random,median_latency,mechanism,479.12230031368546,NA,10,NA,NA
exp6_frontier,entangled_high_naive_baseline_1_random,alloc_ratio,mechanism,0.9234440473438951,NA,10,NA,NA
exp6_frontier,entangled_high_naive_baseline_1_random,welfare_vs_posted_at_matched_volume,mechanism,0.7867696531194897,NA,10,NA,NA
exp6_frontier,entangled_high_naive_baseline_1_random,welfare_vs_posted_at_matched_latency,mechanism,NA,NA,10,NA,NA
exp6_frontier,entangled_high_naive_baseline_1.25_posted_price,welfare,mechanism,4.682558154587554,NA,10,NA,NA
exp6_frontier,entangled_high_naive_baseline_1.25_posted_price,tokens_admitted,mechanism,99.547,NA,10,NA,NA
exp6_frontier,entangled_high_naive_baseline_1.25_posted_price,median_latency,mechanism,435.7997940461611,NA,10,NA,NA
exp6_frontier,entangled_high_naive_baseline_1.25_posted_price,alloc_ratio,mechanism,0.9949376790396576,NA,10,NA,NA
exp6_frontier,entangled_high_naive_baseline_1.25_posted_price,welfare_vs_posted_at_matched_volume,mechanism,NA,NA,10,NA,NA
exp6_frontier,entangled_high_naive_baseline_1.25_posted_price,welfare_vs_posted_at_matched_latency,mechanism,NA,NA,10,NA,NA
exp6_frontier,entangled_high_naive_baseline_1.25_posted_price_edf,welfare,mechanism,4.729205826034691,NA,10,NA,NA
exp6_frontier,entangled_high_naive_baseline_1.25_posted_price_edf,tokens_admitted,mechanism,99.5875,NA,10,NA,NA
exp6_frontier,entangled_high_naive_baseline_1.25_posted_price_edf,median_latency,mechanism,413.3202782300297,NA,10,NA,NA
exp6_frontier,entangled_high_naive_baseline_1.25_posted_price_edf,alloc_ratio,mechanism,0.9389538854028152,NA,10,NA,NA
exp6_frontier,entangled_high_naive_baseline_1.25_posted_price_edf,welfare_vs_posted_at_matched_volume,mechanism,1.0490371378017977,NA,10,NA,NA
exp6_frontier,entangled_high_naive_baseline_1.25_posted_price_edf,welfare_vs_posted_at_matched_latency,mechanism,0.7417557527446091,NA,10,NA,NA
exp6_frontier,entangled_high_naive_baseline_1.25_posted_price_fcfs,welfare,mechanism,4.499476684389208,NA,10,NA,NA
exp6_frontier,entangled_high_naive_baseline_1.25_posted_price_fcfs,tokens_admitted,mechanism,99.64150000000001,NA,10,NA,NA
exp6_frontier,entangled_high_naive_baseline_1.25_posted_price_fcfs,median_latency,mechanism,419.248832672866,NA,10,NA,NA
exp6_frontier,entangled_high_naive_baseline_1.25_posted_price_fcfs,alloc_ratio,mechanism,0.9385800345822968,NA,10,NA,NA
exp6_frontier,entangled_high_naive_baseline_1.25_posted_price_fcfs,welfare_vs_posted_at_matched_volume,mechanism,1.0318257660544417,NA,10,NA,NA
exp6_frontier,entangled_high_naive_baseline_1.25_posted_price_fcfs,welfare_vs_posted_at_matched_latency,mechanism,0.7590893669566146,NA,10,NA,NA
exp6_frontier,entangled_high_naive_baseline_1.5_posted_price,welfare,mechanism,8.900623656656721,NA,10,NA,NA
exp6_frontier,entangled_high_naive_baseline_1.5_posted_price,tokens_admitted,mechanism,97.9705,NA,10,NA,NA
exp6_frontier,entangled_high_naive_baseline_1.5_posted_price,median_latency,mechanism,380.61928398250075,NA,10,NA,NA
exp6_frontier,entangled_high_naive_baseline_1.5_posted_price,alloc_ratio,mechanism,0.9778311349441894,NA,10,NA,NA
exp6_frontier,entangled_high_naive_baseline_1.5_posted_price,welfare_vs_posted_at_matched_volume,mechanism,NA,NA,10,NA,NA
exp6_frontier,entangled_high_naive_baseline_1.5_posted_price,welfare_vs_posted_at_matched_latency,mechanism,NA,NA,10,NA,NA
exp6_frontier,entangled_high_naive_baseline_1.5_posted_price_edf,welfare,mechanism,8.237190177586632,NA,10,NA,NA
exp6_frontier,entangled_high_naive_baseline_1.5_posted_price_edf,tokens_admitted,mechanism,98.312,NA,10,NA,NA
exp6_frontier,entangled_high_naive_baseline_1.5_posted_price_edf,median_latency,mechanism,368.08675859829805,NA,10,NA,NA
exp6_frontier,entangled_high_naive_baseline_1.5_posted_price_edf,alloc_ratio,mechanism,0.9471424623712138,NA,10,NA,NA
exp6_frontier,entangled_high_naive_baseline_1.5_posted_price_edf,welfare_vs_posted_at_matched_volume,mechanism,1.0312074686083608,NA,10,NA,NA
exp6_frontier,entangled_high_naive_baseline_1.5_posted_price_edf,welfare_vs_posted_at_matched_latency,mechanism,0.7783135440280453,NA,10,NA,NA
exp6_frontier,entangled_high_naive_baseline_1.5_posted_price_fcfs,welfare,mechanism,7.8999882222869875,NA,10,NA,NA
exp6_frontier,entangled_high_naive_baseline_1.5_posted_price_fcfs,tokens_admitted,mechanism,98.4275,NA,10,NA,NA
exp6_frontier,entangled_high_naive_baseline_1.5_posted_price_fcfs,median_latency,mechanism,372.2767622310669,NA,10,NA,NA
exp6_frontier,entangled_high_naive_baseline_1.5_posted_price_fcfs,alloc_ratio,mechanism,0.9469041341053382,NA,10,NA,NA
exp6_frontier,entangled_high_naive_baseline_1.5_posted_price_fcfs,welfare_vs_posted_at_matched_volume,mechanism,1.0293892793824964,NA,10,NA,NA
exp6_frontier,entangled_high_naive_baseline_1.5_posted_price_fcfs,welfare_vs_posted_at_matched_latency,mechanism,0.7885134048402851,NA,10,NA,NA
exp6_frontier,entangled_high_naive_baseline_1.75_posted_price,welfare,mechanism,26.331536824165706,NA,10,NA,NA
exp6_frontier,entangled_high_naive_baseline_1.75_posted_price,tokens_admitted,mechanism,91.7145,NA,10,NA,NA
exp6_frontier,entangled_high_naive_baseline_1.75_posted_price,median_latency,mechanism,252.23135023233556,NA,10,NA,NA
exp6_frontier,entangled_high_naive_baseline_1.75_posted_price,alloc_ratio,mechanism,0.9222242158868378,NA,10,NA,NA
exp6_frontier,entangled_high_naive_baseline_1.75_posted_price,welfare_vs_posted_at_matched_volume,mechanism,NA,NA,10,NA,NA
exp6_frontier,entangled_high_naive_baseline_1.75_posted_price,welfare_vs_posted_at_matched_latency,mechanism,NA,NA,10,NA,NA
exp6_frontier,entangled_high_naive_baseline_1.75_posted_price_edf,welfare,mechanism,25.77453865895362,NA,10,NA,NA
exp6_frontier,entangled_high_naive_baseline_1.75_posted_price_edf,tokens_admitted,mechanism,92.10900000000001,NA,10,NA,NA
exp6_frontier,entangled_high_naive_baseline_1.75_posted_price_edf,median_latency,mechanism,250.32519056783144,NA,10,NA,NA
exp6_frontier,entangled_high_naive_baseline_1.75_posted_price_edf,alloc_ratio,mechanism,0.9165203910569368,NA,10,NA,NA
exp6_frontier,entangled_high_naive_baseline_1.75_posted_price_edf,welfare_vs_posted_at_matched_volume,mechanism,1.0213587980646426,NA,10,NA,NA
exp6_frontier,entangled_high_naive_baseline_1.75_posted_price_edf,welfare_vs_posted_at_matched_latency,mechanism,0.9680338136194427,NA,10,NA,NA
exp6_frontier,entangled_high_naive_baseline_1.75_posted_price_fcfs,welfare,mechanism,25.49774734407197,NA,10,NA,NA
exp6_frontier,entangled_high_naive_baseline_1.75_posted_price_fcfs,tokens_admitted,mechanism,92.2565,NA,10,NA,NA
exp6_frontier,entangled_high_naive_baseline_1.75_posted_price_fcfs,median_latency,mechanism,252.54539623052264,NA,10,NA,NA
exp6_frontier,entangled_high_naive_baseline_1.75_posted_price_fcfs,alloc_ratio,mechanism,0.9177309138010662,NA,10,NA,NA
exp6_frontier,entangled_high_naive_baseline_1.75_posted_price_fcfs,welfare_vs_posted_at_matched_volume,mechanism,1.0267484968586078,NA,10,NA,NA
exp6_frontier,entangled_high_naive_baseline_1.75_posted_price_fcfs,welfare_vs_posted_at_matched_latency,mechanism,0.9691646878627758,NA,10,NA,NA
exp6_frontier,entangled_high_naive_baseline_2_posted_price,welfare,mechanism,41.1824729711318,NA,10,NA,NA
exp6_frontier,entangled_high_naive_baseline_2_posted_price,tokens_admitted,mechanism,80.4815,NA,10,NA,NA
exp6_frontier,entangled_high_naive_baseline_2_posted_price,median_latency,mechanism,154.3829205439836,NA,10,NA,NA
exp6_frontier,entangled_high_naive_baseline_2_posted_price,alloc_ratio,mechanism,0.8233341093799256,NA,10,NA,NA
exp6_frontier,entangled_high_naive_baseline_2_posted_price,welfare_vs_posted_at_matched_volume,mechanism,NA,NA,10,NA,NA
exp6_frontier,entangled_high_naive_baseline_2_posted_price,welfare_vs_posted_at_matched_latency,mechanism,NA,NA,10,NA,NA
exp6_frontier,entangled_high_naive_baseline_2_posted_price_edf,welfare,mechanism,41.560650420788704,NA,10,NA,NA
exp6_frontier,entangled_high_naive_baseline_2_posted_price_edf,tokens_admitted,mechanism,80.776,NA,10,NA,NA
exp6_frontier,entangled_high_naive_baseline_2_posted_price_edf,median_latency,mechanism,151.62287000690446,NA,10,NA,NA
exp6_frontier,entangled_high_naive_baseline_2_posted_price_edf,alloc_ratio,mechanism,0.8234330067957524,NA,10,NA,NA
exp6_frontier,entangled_high_naive_baseline_2_posted_price_edf,welfare_vs_posted_at_matched_volume,mechanism,1.0199021604363918,NA,10,NA,NA
exp6_frontier,entangled_high_naive_baseline_2_posted_price_edf,welfare_vs_posted_at_matched_latency,mechanism,1.003721931053965,NA,10,NA,NA
exp6_frontier,entangled_high_naive_baseline_2_posted_price_fcfs,welfare,mechanism,41.71828080803688,NA,10,NA,NA
exp6_frontier,entangled_high_naive_baseline_2_posted_price_fcfs,tokens_admitted,mechanism,80.8955,NA,10,NA,NA
exp6_frontier,entangled_high_naive_baseline_2_posted_price_fcfs,median_latency,mechanism,150.9018962673316,NA,10,NA,NA
exp6_frontier,entangled_high_naive_baseline_2_posted_price_fcfs,alloc_ratio,mechanism,0.8246534493808167,NA,10,NA,NA
exp6_frontier,entangled_high_naive_baseline_2_posted_price_fcfs,welfare_vs_posted_at_matched_volume,mechanism,1.0265438368676358,NA,10,NA,NA
exp6_frontier,entangled_high_naive_baseline_2_posted_price_fcfs,welfare_vs_posted_at_matched_latency,mechanism,1.0046520910890895,NA,10,NA,NA
exp6_frontier,entangled_high_naive_baseline_2_posted_price_matched,welfare,mechanism,33.23210208901187,NA,10,NA,NA
exp6_frontier,entangled_high_naive_baseline_2_posted_price_matched,tokens_admitted,mechanism,85.0925,NA,10,NA,NA
exp6_frontier,entangled_high_naive_baseline_2_posted_price_matched,median_latency,mechanism,219.19470855304309,NA,10,NA,NA
exp6_frontier,entangled_high_naive_baseline_2_posted_price_matched,alloc_ratio,mechanism,0.8745237013800331,NA,10,NA,NA
exp6_frontier,entangled_high_naive_baseline_2_posted_price_matched,welfare_vs_posted_at_matched_volume,mechanism,0.9482224716090711,NA,10,NA,NA
exp6_frontier,entangled_high_naive_baseline_2_posted_price_matched,welfare_vs_posted_at_matched_latency,mechanism,1.0598222008179303,NA,10,NA,NA
exp6_frontier,entangled_high_naive_baseline_2.25_posted_price,welfare,mechanism,46.43185531790348,NA,10,NA,NA
exp6_frontier,entangled_high_naive_baseline_2.25_posted_price,tokens_admitted,mechanism,68.625,NA,10,NA,NA
exp6_frontier,entangled_high_naive_baseline_2.25_posted_price,median_latency,mechanism,101.52678805763958,NA,10,NA,NA
exp6_frontier,entangled_high_naive_baseline_2.25_posted_price,alloc_ratio,mechanism,0.7153548863952646,NA,10,NA,NA
exp6_frontier,entangled_high_naive_baseline_2.25_posted_price,welfare_vs_posted_at_matched_volume,mechanism,NA,NA,10,NA,NA
exp6_frontier,entangled_high_naive_baseline_2.25_posted_price,welfare_vs_posted_at_matched_latency,mechanism,NA,NA,10,NA,NA
exp6_frontier,entangled_high_naive_baseline_2.25_posted_price_edf,welfare,mechanism,46.483222709856946,NA,10,NA,NA
exp6_frontier,entangled_high_naive_baseline_2.25_posted_price_edf,tokens_admitted,mechanism,68.638,NA,10,NA,NA
exp6_frontier,entangled_high_naive_baseline_2.25_posted_price_edf,median_latency,mechanism,101.3683262877334,NA,10,NA,NA
exp6_frontier,entangled_high_naive_baseline_2.25_posted_price_edf,alloc_ratio,mechanism,0.7150757608511142,NA,10,NA,NA
exp6_frontier,entangled_high_naive_baseline_2.25_posted_price_edf,welfare_vs_posted_at_matched_volume,mechanism,1.0014179220503037,NA,10,NA,NA
exp6_frontier,entangled_high_naive_baseline_2.25_posted_price_edf,welfare_vs_posted_at_matched_latency,mechanism,1.0014950852542097,NA,10,NA,NA
exp6_frontier,entangled_high_naive_baseline_2.25_posted_price_fcfs,welfare,mechanism,46.458379530476925,NA,10,NA,NA
exp6_frontier,entangled_high_naive_baseline_2.25_posted_price_fcfs,tokens_admitted,mechanism,68.63,NA,10,NA,NA
exp6_frontier,entangled_high_naive_baseline_2.25_posted_price_fcfs,median_latency,mechanism,101.32243783185312,NA,10,NA,NA
exp6_frontier,entangled_high_naive_baseline_2.25_posted_price_fcfs,alloc_ratio,mechanism,0.7149667321184937,NA,10,NA,NA
exp6_frontier,entangled_high_naive_baseline_2.25_posted_price_fcfs,welfare_vs_posted_at_matched_volume,mechanism,1.0007962744324,NA,10,NA,NA
exp6_frontier,entangled_high_naive_baseline_2.25_posted_price_fcfs,welfare_vs_posted_at_matched_latency,mechanism,1.0009675531735636,NA,10,NA,NA
exp6_frontier,entangled_high_naive_baseline_2.5_posted_price,welfare,mechanism,45.953166082675125,NA,10,NA,NA
exp6_frontier,entangled_high_naive_baseline_2.5_posted_price,tokens_admitted,mechanism,57.423,NA,10,NA,NA
exp6_frontier,entangled_high_naive_baseline_2.5_posted_price,median_latency,mechanism,79.55217988190903,NA,10,NA,NA
exp6_frontier,entangled_high_naive_baseline_2.5_posted_price,alloc_ratio,mechanism,0.6126021318398653,NA,10,NA,NA
exp6_frontier,entangled_high_naive_baseline_2.5_posted_price,welfare_vs_posted_at_matched_volume,mechanism,NA,NA,10,NA,NA
exp6_frontier,entangled_high_naive_baseline_2.5_posted_price,welfare_vs_posted_at_matched_latency,mechanism,NA,NA,10,NA,NA
exp6_frontier,entangled_high_naive_baseline_2.5_posted_price_edf,welfare,mechanism,45.951826226596566,NA,10,NA,NA
exp6_frontier,entangled_high_naive_baseline_2.5_posted_price_edf,tokens_admitted,mechanism,57.4235,NA,10,NA,NA
exp6_frontier,entangled_high_naive_baseline_2.5_posted_price_edf,median_latency,mechanism,79.5589753797499,NA,10,NA,NA
exp6_frontier,entangled_high_naive_baseline_2.5_posted_price_edf,alloc_ratio,mechanism,0.6125993411678471,NA,10,NA,NA
exp6_frontier,entangled_high_naive_baseline_2.5_posted_price_edf,welfare_vs_posted_at_matched_volume,mechanism,0.9999671287785433,NA,10,NA,NA
exp6_frontier,entangled_high_naive_baseline_2.5_posted_price_edf,welfare_vs_posted_at_matched_latency,mechanism,1.0005970443430168,NA,10,NA,NA
exp6_frontier,entangled_high_naive_baseline_2.5_posted_price_fcfs,welfare,mechanism,45.953164006196005,NA,10,NA,NA
exp6_frontier,entangled_high_naive_baseline_2.5_posted_price_fcfs,tokens_admitted,mechanism,57.4235,NA,10,NA,NA
exp6_frontier,entangled_high_naive_baseline_2.5_posted_price_fcfs,median_latency,mechanism,79.53413833207654,NA,10,NA,NA
exp6_frontier,entangled_high_naive_baseline_2.5_posted_price_fcfs,alloc_ratio,mechanism,0.612600709909891,NA,10,NA,NA
exp6_frontier,entangled_high_naive_baseline_2.5_posted_price_fcfs,welfare_vs_posted_at_matched_volume,mechanism,0.9999968018454968,NA,10,NA,NA
exp6_frontier,entangled_high_naive_baseline_2.5_posted_price_fcfs,welfare_vs_posted_at_matched_latency,mechanism,1.0012650437049833,NA,10,NA,NA
exp6_frontier,entangled_high_naive_baseline_3_posted_price,welfare,mechanism,32.84017731586814,NA,10,NA,NA
exp6_frontier,entangled_high_naive_baseline_3_posted_price,tokens_admitted,mechanism,36.951,NA,10,NA,NA
exp6_frontier,entangled_high_naive_baseline_3_posted_price,median_latency,mechanism,73.77748528583828,NA,10,NA,NA
exp6_frontier,entangled_high_naive_baseline_3_posted_price,alloc_ratio,mechanism,0.4113721470453723,NA,10,NA,NA
exp6_frontier,entangled_high_naive_baseline_3_posted_price,welfare_vs_posted_at_matched_volume,mechanism,NA,NA,10,NA,NA
exp6_frontier,entangled_high_naive_baseline_3_posted_price,welfare_vs_posted_at_matched_latency,mechanism,NA,NA,10,NA,NA
exp6_frontier,entangled_high_naive_baseline_3_posted_price_edf,welfare,mechanism,32.841061438441336,NA,10,NA,NA
exp6_frontier,entangled_high_naive_baseline_3_posted_price_edf,tokens_admitted,mechanism,36.951,NA,10,NA,NA
exp6_frontier,entangled_high_naive_baseline_3_posted_price_edf,median_latency,mechanism,73.75941496195279,NA,10,NA,NA
exp6_frontier,entangled_high_naive_baseline_3_posted_price_edf,alloc_ratio,mechanism,0.4113721470453723,NA,10,NA,NA
exp6_frontier,entangled_high_naive_baseline_3_posted_price_edf,welfare_vs_posted_at_matched_volume,mechanism,1.0000269667720647,NA,10,NA,NA
exp6_frontier,entangled_high_naive_baseline_3_posted_price_edf,welfare_vs_posted_at_matched_latency,mechanism,0.9995145526433207,NA,10,NA,NA
exp6_frontier,entangled_high_naive_baseline_3_posted_price_fcfs,welfare,mechanism,32.840783169424675,NA,10,NA,NA
exp6_frontier,entangled_high_naive_baseline_3_posted_price_fcfs,tokens_admitted,mechanism,36.951,NA,10,NA,NA
exp6_frontier,entangled_high_naive_baseline_3_posted_price_fcfs,median_latency,mechanism,73.7566321108664,NA,10,NA,NA
exp6_frontier,entangled_high_naive_baseline_3_posted_price_fcfs,alloc_ratio,mechanism,0.4113721470453723,NA,10,NA,NA
exp6_frontier,entangled_high_naive_baseline_3_posted_price_fcfs,welfare_vs_posted_at_matched_volume,mechanism,1.000018502410708,NA,10,NA,NA
exp6_frontier,entangled_high_naive_baseline_3_posted_price_fcfs,welfare_vs_posted_at_matched_latency,mechanism,0.998646709908525,NA,10,NA,NA
exp6_frontier,entangled_high_naive_baseline_4_posted_price,welfare,mechanism,0,NA,10,NA,NA
exp6_frontier,entangled_high_naive_baseline_4_posted_price,tokens_admitted,mechanism,0,NA,10,NA,NA
exp6_frontier,entangled_high_naive_baseline_4_posted_price,median_latency,mechanism,NA,NA,10,NA,NA
exp6_frontier,entangled_high_naive_baseline_4_posted_price,alloc_ratio,mechanism,0,NA,10,NA,NA
exp6_frontier,entangled_high_naive_baseline_4_posted_price,welfare_vs_posted_at_matched_volume,mechanism,NA,NA,10,NA,NA
exp6_frontier,entangled_high_naive_baseline_4_posted_price,welfare_vs_posted_at_matched_latency,mechanism,NA,NA,10,NA,NA
exp6_frontier,entangled_high_naive_baseline_4_posted_price_edf,welfare,mechanism,0,NA,10,NA,NA
exp6_frontier,entangled_high_naive_baseline_4_posted_price_edf,tokens_admitted,mechanism,0,NA,10,NA,NA
exp6_frontier,entangled_high_naive_baseline_4_posted_price_edf,median_latency,mechanism,NA,NA,10,NA,NA
exp6_frontier,entangled_high_naive_baseline_4_posted_price_edf,alloc_ratio,mechanism,0,NA,10,NA,NA
exp6_frontier,entangled_high_naive_baseline_4_posted_price_edf,welfare_vs_posted_at_matched_volume,mechanism,NA,NA,10,NA,NA
exp6_frontier,entangled_high_naive_baseline_4_posted_price_edf,welfare_vs_posted_at_matched_latency,mechanism,NA,NA,10,NA,NA
exp6_frontier,entangled_high_naive_baseline_4_posted_price_fcfs,welfare,mechanism,0,NA,10,NA,NA
exp6_frontier,entangled_high_naive_baseline_4_posted_price_fcfs,tokens_admitted,mechanism,0,NA,10,NA,NA
exp6_frontier,entangled_high_naive_baseline_4_posted_price_fcfs,median_latency,mechanism,NA,NA,10,NA,NA
exp6_frontier,entangled_high_naive_baseline_4_posted_price_fcfs,alloc_ratio,mechanism,0,NA,10,NA,NA
exp6_frontier,entangled_high_naive_baseline_4_posted_price_fcfs,welfare_vs_posted_at_matched_volume,mechanism,NA,NA,10,NA,NA
exp6_frontier,entangled_high_naive_baseline_4_posted_price_fcfs,welfare_vs_posted_at_matched_latency,mechanism,NA,NA,10,NA,NA
exp6_frontier,entangled_high_naive_baseline_4_posted_price_matched,welfare,mechanism,0,NA,10,NA,NA
exp6_frontier,entangled_high_naive_baseline_4_posted_price_matched,tokens_admitted,mechanism,0,NA,10,NA,NA
exp6_frontier,entangled_high_naive_baseline_4_posted_price_matched,median_latency,mechanism,NA,NA,10,NA,NA
exp6_frontier,entangled_high_naive_baseline_4_posted_price_matched,alloc_ratio,mechanism,0,NA,10,NA,NA
exp6_frontier,entangled_high_naive_baseline_4_posted_price_matched,welfare_vs_posted_at_matched_volume,mechanism,NA,NA,10,NA,NA
exp6_frontier,entangled_high_naive_baseline_4_posted_price_matched,welfare_vs_posted_at_matched_latency,mechanism,NA,NA,10,NA,NA
exp6_frontier,entangled_high_naive_calibrated_1_edf,welfare,mechanism,54.42263830519866,NA,10,NA,NA
exp6_frontier,entangled_high_naive_calibrated_1_edf,tokens_admitted,mechanism,99.836,NA,10,NA,NA
exp6_frontier,entangled_high_naive_calibrated_1_edf,median_latency,mechanism,105.93932097403128,NA,10,NA,NA
exp6_frontier,entangled_high_naive_calibrated_1_edf,alloc_ratio,mechanism,0.9234503587068871,NA,10,NA,NA
exp6_frontier,entangled_high_naive_calibrated_1_edf,welfare_vs_posted_at_matched_volume,mechanism,0.9164892737406989,NA,10,NA,NA
exp6_frontier,entangled_high_naive_calibrated_1_edf,welfare_vs_posted_at_matched_latency,mechanism,NA,NA,10,NA,NA
exp6_frontier,entangled_high_naive_calibrated_1_greedy_ev,welfare,mechanism,59.365875646607165,NA,10,NA,NA
exp6_frontier,entangled_high_naive_calibrated_1_greedy_ev,tokens_admitted,mechanism,99.8735,NA,10,NA,NA
exp6_frontier,entangled_high_naive_calibrated_1_greedy_ev,median_latency,mechanism,104.83419874998599,NA,10,NA,NA
exp6_frontier,entangled_high_naive_calibrated_1_greedy_ev,alloc_ratio,mechanism,0.9990455754164659,NA,10,NA,NA
exp6_frontier,entangled_high_naive_calibrated_1_greedy_ev,welfare_vs_posted_at_matched_volume,mechanism,0.9999313503452674,NA,10,NA,NA
exp6_frontier,entangled_high_naive_calibrated_1_greedy_ev,welfare_vs_posted_at_matched_latency,mechanism,1.000000781569927,NA,10,NA,NA
exp6_frontier,entangled_high_naive_calibrated_1_k8s,welfare,mechanism,54.39770031471781,NA,10,NA,NA
exp6_frontier,entangled_high_naive_calibrated_1_k8s,tokens_admitted,mechanism,99.8895,NA,10,NA,NA
exp6_frontier,entangled_high_naive_calibrated_1_k8s,median_latency,mechanism,106.1492395628008,NA,10,NA,NA
exp6_frontier,entangled_high_naive_calibrated_1_k8s,alloc_ratio,mechanism,0.9242214688385548,NA,10,NA,NA
exp6_frontier,entangled_high_naive_calibrated_1_k8s,welfare_vs_posted_at_matched_volume,mechanism,0.9148394353104887,NA,10,NA,NA
exp6_frontier,entangled_high_naive_calibrated_1_k8s,welfare_vs_posted_at_matched_latency,mechanism,NA,NA,10,NA,NA
exp6_frontier,entangled_high_naive_calibrated_1_market,welfare,mechanism,58.88730651183393,NA,10,NA,NA
exp6_frontier,entangled_high_naive_calibrated_1_market,tokens_admitted,mechanism,92.4355,NA,10,NA,NA
exp6_frontier,entangled_high_naive_calibrated_1_market,median_latency,mechanism,96.31796468486077,NA,10,NA,NA
exp6_frontier,entangled_high_naive_calibrated_1_market,alloc_ratio,mechanism,0.9252948080981264,NA,10,NA,NA
exp6_frontier,entangled_high_naive_calibrated_1_market,welfare_vs_posted_at_matched_volume,mechanism,0.9662733680121552,NA,10,NA,NA
exp6_frontier,entangled_high_naive_calibrated_1_market,welfare_vs_posted_at_matched_latency,mechanism,0.9690226640884413,NA,10,NA,NA
exp6_frontier,entangled_high_naive_calibrated_1_market_asc,welfare,mechanism,62.153951828190465,NA,10,NA,NA
exp6_frontier,entangled_high_naive_calibrated_1_market_asc,tokens_admitted,mechanism,99.1125,NA,10,NA,NA
exp6_frontier,entangled_high_naive_calibrated_1_market_asc,median_latency,mechanism,97.36877303708742,NA,10,NA,NA
exp6_frontier,entangled_high_naive_calibrated_1_market_asc,alloc_ratio,mechanism,0.9765218278821524,NA,10,NA,NA
exp6_frontier,entangled_high_naive_calibrated_1_market_asc,welfare_vs_posted_at_matched_volume,mechanism,1.040135083861921,NA,10,NA,NA
exp6_frontier,entangled_high_naive_calibrated_1_market_asc,welfare_vs_posted_at_matched_latency,mechanism,1.025183244720268,NA,10,NA,NA
exp6_frontier,entangled_high_naive_calibrated_1_market_cc,welfare,mechanism,34.01823434522962,NA,10,NA,NA
exp6_frontier,entangled_high_naive_calibrated_1_market_cc,tokens_admitted,mechanism,54.8635,NA,10,NA,NA
exp6_frontier,entangled_high_naive_calibrated_1_market_cc,median_latency,mechanism,99.06811050201932,NA,10,NA,NA
exp6_frontier,entangled_high_naive_calibrated_1_market_cc,alloc_ratio,mechanism,0.548920536558875,NA,10,NA,NA
exp6_frontier,entangled_high_naive_calibrated_1_market_cc,welfare_vs_posted_at_matched_volume,mechanism,0.7237343206361868,NA,10,NA,NA
exp6_frontier,entangled_high_naive_calibrated_1_market_cc,welfare_vs_posted_at_matched_latency,mechanism,0.56330344382968,NA,10,NA,NA
exp6_frontier,entangled_high_naive_calibrated_1_posted_price,welfare,mechanism,59.374789247373684,NA,10,NA,NA
exp6_frontier,entangled_high_naive_calibrated_1_posted_price,tokens_admitted,mechanism,99.863,NA,10,NA,NA
exp6_frontier,entangled_high_naive_calibrated_1_posted_price,median_latency,mechanism,104.80274575539724,NA,10,NA,NA
exp6_frontier,entangled_high_naive_calibrated_1_posted_price,alloc_ratio,mechanism,0.9989161843213683,NA,10,NA,NA
exp6_frontier,entangled_high_naive_calibrated_1_posted_price,welfare_vs_posted_at_matched_volume,mechanism,NA,NA,10,NA,NA
exp6_frontier,entangled_high_naive_calibrated_1_posted_price,welfare_vs_posted_at_matched_latency,mechanism,NA,NA,10,NA,NA
exp6_frontier,entangled_high_naive_calibrated_1_posted_price_edf,welfare,mechanism,54.57623778996929,NA,10,NA,NA
exp6_frontier,entangled_high_naive_calibrated_1_posted_price_edf,tokens_admitted,mechanism,99.8235,NA,10,NA,NA
exp6_frontier,entangled_high_naive_calibrated_1_posted_price_edf,median_latency,mechanism,105.71829460468216,NA,10,NA,NA
exp6_frontier,entangled_high_naive_calibrated_1_posted_price_edf,alloc_ratio,mechanism,0.9247024053672519,NA,10,NA,NA
exp6_frontier,entangled_high_naive_calibrated_1_posted_price_edf,welfare_vs_posted_at_matched_volume,mechanism,0.9188094612096493,NA,10,NA,NA
exp6_frontier,entangled_high_naive_calibrated_1_posted_price_edf,welfare_vs_posted_at_matched_latency,mechanism,NA,NA,10,NA,NA
exp6_frontier,entangled_high_naive_calibrated_1_posted_price_fcfs,welfare,mechanism,54.5852286219685,NA,10,NA,NA
exp6_frontier,entangled_high_naive_calibrated_1_posted_price_fcfs,tokens_admitted,mechanism,99.8085,NA,10,NA,NA
exp6_frontier,entangled_high_naive_calibrated_1_posted_price_fcfs,median_latency,mechanism,105.7001559837328,NA,10,NA,NA
exp6_frontier,entangled_high_naive_calibrated_1_posted_price_fcfs,alloc_ratio,mechanism,0.9243830303921183,NA,10,NA,NA
exp6_frontier,entangled_high_naive_calibrated_1_posted_price_fcfs,welfare_vs_posted_at_matched_volume,mechanism,0.9191648756637307,NA,10,NA,NA
exp6_frontier,entangled_high_naive_calibrated_1_posted_price_fcfs,welfare_vs_posted_at_matched_latency,mechanism,NA,NA,10,NA,NA
exp6_frontier,entangled_high_naive_calibrated_1_posted_price_matched,welfare,mechanism,59.36754852829075,NA,10,NA,NA
exp6_frontier,entangled_high_naive_calibrated_1_posted_price_matched,tokens_admitted,mechanism,99.87100000000001,NA,10,NA,NA
exp6_frontier,entangled_high_naive_calibrated_1_posted_price_matched,median_latency,mechanism,104.8278335592619,NA,10,NA,NA
exp6_frontier,entangled_high_naive_calibrated_1_posted_price_matched,alloc_ratio,mechanism,0.999027338351709,NA,10,NA,NA
exp6_frontier,entangled_high_naive_calibrated_1_posted_price_matched,welfare_vs_posted_at_matched_volume,mechanism,0.9999313503452674,NA,10,NA,NA
exp6_frontier,entangled_high_naive_calibrated_1_posted_price_matched,welfare_vs_posted_at_matched_latency,mechanism,1.000072360886072,NA,10,NA,NA
exp6_frontier,entangled_high_naive_calibrated_1_random,welfare,mechanism,54.42795736986828,NA,10,NA,NA
exp6_frontier,entangled_high_naive_calibrated_1_random,tokens_admitted,mechanism,99.815,NA,10,NA,NA
exp6_frontier,entangled_high_naive_calibrated_1_random,median_latency,mechanism,105.95228917318117,NA,10,NA,NA
exp6_frontier,entangled_high_naive_calibrated_1_random,alloc_ratio,mechanism,0.9234440473438951,NA,10,NA,NA
exp6_frontier,entangled_high_naive_calibrated_1_random,welfare_vs_posted_at_matched_volume,mechanism,0.9165224995947749,NA,10,NA,NA
exp6_frontier,entangled_high_naive_calibrated_1_random,welfare_vs_posted_at_matched_latency,mechanism,NA,NA,10,NA,NA
exp6_frontier,entangled_high_naive_calibrated_1.25_posted_price,welfare,mechanism,59.41096021581561,NA,10,NA,NA
exp6_frontier,entangled_high_naive_calibrated_1.25_posted_price,tokens_admitted,mechanism,99.661,NA,10,NA,NA
exp6_frontier,entangled_high_naive_calibrated_1.25_posted_price,median_latency,mechanism,104.4934278177508,NA,10,NA,NA
exp6_frontier,entangled_high_naive_calibrated_1.25_posted_price,alloc_ratio,mechanism,0.9967719595264338,NA,10,NA,NA
exp6_frontier,entangled_high_naive_calibrated_1.25_posted_price,welfare_vs_posted_at_matched_volume,mechanism,NA,NA,10,NA,NA
exp6_frontier,entangled_high_naive_calibrated_1.25_posted_price,welfare_vs_posted_at_matched_latency,mechanism,NA,NA,10,NA,NA
exp6_frontier,entangled_high_naive_calibrated_1.25_posted_price_edf,welfare,mechanism,56.02709481500972,NA,10,NA,NA
exp6_frontier,entangled_high_naive_calibrated_1.25_posted_price_edf,tokens_admitted,mechanism,99.7,NA,10,NA,NA
exp6_frontier,entangled_high_naive_calibrated_1.25_posted_price_edf,median_latency,mechanism,103.93601662888994,NA,10,NA,NA
exp6_frontier,entangled_high_naive_calibrated_1.25_posted_price_edf,alloc_ratio,mechanism,0.9351813645025661,NA,10,NA,NA
exp6_frontier,entangled_high_naive_calibrated_1.25_posted_price_edf,welfare_vs_posted_at_matched_volume,mechanism,0.943177980455394,NA,10,NA,NA
exp6_frontier,entangled_high_naive_calibrated_1.25_posted_price_edf,welfare_vs_posted_at_matched_latency,mechanism,0.9409632279731315,NA,10,NA,NA
exp6_frontier,entangled_high_naive_calibrated_1.25_posted_price_fcfs,welfare,mechanism,56.00922519777924,NA,10,NA,NA
exp6_frontier,entangled_high_naive_calibrated_1.25_posted_price_fcfs,tokens_admitted,mechanism,99.7075,NA,10,NA,NA
exp6_frontier,entangled_high_naive_calibrated_1.25_posted_price_fcfs,median_latency,mechanism,103.96665862525741,NA,10,NA,NA
exp6_frontier,entangled_high_naive_calibrated_1.25_posted_price_fcfs,alloc_ratio,mechanism,0.9352703937188149,NA,10,NA,NA
exp6_frontier,entangled_high_naive_calibrated_1.25_posted_price_fcfs,welfare_vs_posted_at_matched_volume,mechanism,0.9429246001885049,NA,10,NA,NA
exp6_frontier,entangled_high_naive_calibrated_1.25_posted_price_fcfs,welfare_vs_posted_at_matched_latency,mechanism,0.9407372150774249,NA,10,NA,NA
exp6_frontier,entangled_high_naive_calibrated_1.5_posted_price,welfare,mechanism,59.98335343809298,NA,10,NA,NA
exp6_frontier,entangled_high_naive_calibrated_1.5_posted_price,tokens_admitted,mechanism,98.7015,NA,10,NA,NA
exp6_frontier,entangled_high_naive_calibrated_1.5_posted_price,median_latency,mechanism,102.04711926601212,NA,10,NA,NA
exp6_frontier,entangled_high_naive_calibrated_1.5_posted_price,alloc_ratio,mechanism,0.9859187585430366,NA,10,NA,NA
exp6_frontier,entangled_high_naive_calibrated_1.5_posted_price,welfare_vs_posted_at_matched_volume,mechanism,NA,NA,10,NA,NA
exp6_frontier,entangled_high_naive_calibrated_1.5_posted_price,welfare_vs_posted_at_matched_latency,mechanism,NA,NA,10,NA,NA
exp6_frontier,entangled_high_naive_calibrated_1.5_posted_price_edf,welfare,mechanism,58.01822560922373,NA,10,NA,NA
exp6_frontier,entangled_high_naive_calibrated_1.5_posted_price_edf,tokens_admitted,mechanism,98.7815,NA,10,NA,NA
exp6_frontier,entangled_high_naive_calibrated_1.5_posted_price_edf,median_latency,mechanism,100.70098837058273,NA,10,NA,NA
exp6_frontier,entangled_high_naive_calibrated_1.5_posted_price_edf,alloc_ratio,mechanism,0.9423589217209862,NA,10,NA,NA
exp6_frontier,entangled_high_naive_calibrated_1.5_posted_price_edf,welfare_vs_posted_at_matched_volume,mechanism,0.967966498191583,NA,10,NA,NA
exp6_frontier,entangled_high_naive_calibrated_1.5_posted_price_edf,welfare_vs_posted_at_matched_latency,mechanism,0.964259731397271,NA,10,NA,NA
exp6_frontier,entangled_high_naive_calibrated_1.5_posted_price_fcfs,welfare,mechanism,58.004704688805084,NA,10,NA,NA
exp6_frontier,entangled_high_naive_calibrated_1.5_posted_price_fcfs,tokens_admitted,mechanism,98.801,NA,10,NA,NA
exp6_frontier,entangled_high_naive_calibrated_1.5_posted_price_fcfs,median_latency,mechanism,100.71458895341055,NA,10,NA,NA
exp6_frontier,entangled_high_naive_calibrated_1.5_posted_price_fcfs,alloc_ratio,mechanism,0.9424170368424899,NA,10,NA,NA
exp6_frontier,entangled_high_naive_calibrated_1.5_posted_price_fcfs,welfare_vs_posted_at_matched_volume,mechanism,0.9679447256844734,NA,10,NA,NA
exp6_frontier,entangled_high_naive_calibrated_1.5_posted_price_fcfs,welfare_vs_posted_at_matched_latency,mechanism,0.9640703436047173,NA,10,NA,NA
exp6_frontier,entangled_high_naive_calibrated_1.75_posted_price,welfare,mechanism,61.07413587144462,NA,10,NA,NA
exp6_frontier,entangled_high_naive_calibrated_1.75_posted_price,tokens_admitted,mechanism,93.0555,NA,10,NA,NA
exp6_frontier,entangled_high_naive_calibrated_1.75_posted_price,median_latency,mechanism,94.12022916688919,NA,10,NA,NA
exp6_frontier,entangled_high_naive_calibrated_1.75_posted_price,alloc_ratio,mechanism,0.9340497493921457,NA,10,NA,NA
exp6_frontier,entangled_high_naive_calibrated_1.75_posted_price,welfare_vs_posted_at_matched_volume,mechanism,NA,NA,10,NA,NA
exp6_frontier,entangled_high_naive_calibrated_1.75_posted_price,welfare_vs_posted_at_matched_latency,mechanism,NA,NA,10,NA,NA
exp6_frontier,entangled_high_naive_calibrated_1.75_posted_price_edf,welfare,mechanism,60.68460082435538,NA,10,NA,NA
exp6_frontier,entangled_high_naive_calibrated_1.75_posted_price_edf,tokens_admitted,mechanism,93.1375,NA,10,NA,NA
exp6_frontier,entangled_high_naive_calibrated_1.75_posted_price_edf,median_latency,mechanism,93.69702510074512,NA,10,NA,NA
exp6_frontier,entangled_high_naive_calibrated_1.75_posted_price_edf,alloc_ratio,mechanism,0.9245608363215387,NA,10,NA,NA
exp6_frontier,entangled_high_naive_calibrated_1.75_posted_price_edf,welfare_vs_posted_at_matched_volume,mechanism,0.9938889461673132,NA,10,NA,NA
exp6_frontier,entangled_high_naive_calibrated_1.75_posted_price_edf,welfare_vs_posted_at_matched_latency,mechanism,0.9946725726261202,NA,10,NA,NA
exp6_frontier,entangled_high_naive_calibrated_1.75_posted_price_fcfs,welfare,mechanism,60.696969087782236,NA,10,NA,NA
exp6_frontier,entangled_high_naive_calibrated_1.75_posted_price_fcfs,tokens_admitted,mechanism,93.1775,NA,10,NA,NA
exp6_frontier,entangled_high_naive_calibrated_1.75_posted_price_fcfs,median_latency,mechanism,93.75098600031646,NA,10,NA,NA
exp6_frontier,entangled_high_naive_calibrated_1.75_posted_price_fcfs,alloc_ratio,mechanism,0.9248945393663899,NA,10,NA,NA
exp6_frontier,entangled_high_naive_calibrated_1.75_posted_price_fcfs,welfare_vs_posted_at_matched_volume,mechanism,0.9942100959200904,NA,10,NA,NA
exp6_frontier,entangled_high_naive_calibrated_1.75_posted_price_fcfs,welfare_vs_posted_at_matched_latency,mechanism,0.994738435222709,NA,10,NA,NA
exp6_frontier,entangled_high_naive_calibrated_2_posted_price,welfare,mechanism,59.5745726629107,NA,10,NA,NA
exp6_frontier,entangled_high_naive_calibrated_2_posted_price,tokens_admitted,mechanism,81.245,NA,10,NA,NA
exp6_frontier,entangled_high_naive_calibrated_2_posted_price,median_latency,mechanism,83.98925038547459,NA,10,NA,NA
exp6_frontier,entangled_high_naive_calibrated_2_posted_price,alloc_ratio,mechanism,0.8306932853893364,NA,10,NA,NA
exp6_frontier,entangled_high_naive_calibrated_2_posted_price,welfare_vs_posted_at_matched_volume,mechanism,NA,NA,10,NA,NA
exp6_frontier,entangled_high_naive_calibrated_2_posted_price,welfare_vs_posted_at_matched_latency,mechanism,NA,NA,10,NA,NA
exp6_frontier,entangled_high_naive_calibrated_2_posted_price_edf,welfare,mechanism,59.52447273287168,NA,10,NA,NA
exp6_frontier,entangled_high_naive_calibrated_2_posted_price_edf,tokens_admitted,mechanism,81.282,NA,10,NA,NA
exp6_frontier,entangled_high_naive_calibrated_2_posted_price_edf,median_latency,mechanism,83.83443839996849,NA,10,NA,NA
exp6_frontier,entangled_high_naive_calibrated_2_posted_price_edf,alloc_ratio,mechanism,0.8282309500986966,NA,10,NA,NA
exp6_frontier,entangled_high_naive_calibrated_2_posted_price_edf,welfare_vs_posted_at_matched_volume,mechanism,0.999216086337517,NA,10,NA,NA
exp6_frontier,entangled_high_naive_calibrated_2_posted_price_edf,welfare_vs_posted_at_matched_latency,mechanism,1.0012651980741374,NA,10,NA,NA
exp6_frontier,entangled_high_naive_calibrated_2_posted_price_fcfs,welfare,mechanism,59.550114768615394,NA,10,NA,NA
exp6_frontier,entangled_high_naive_calibrated_2_posted_price_fcfs,tokens_admitted,mechanism,81.326,NA,10,NA,NA
exp6_frontier,entangled_high_naive_calibrated_2_posted_price_fcfs,median_latency,mechanism,83.85075592009709,NA,10,NA,NA
exp6_frontier,entangled_high_naive_calibrated_2_posted_price_fcfs,alloc_ratio,mechanism,0.8287281466632405,NA,10,NA,NA
exp6_frontier,entangled_high_naive_calibrated_2_posted_price_fcfs,welfare_vs_posted_at_matched_volume,mechanism,0.9995453356767182,NA,10,NA,NA
exp6_frontier,entangled_high_naive_calibrated_2_posted_price_fcfs,welfare_vs_posted_at_matched_latency,mechanism,1.0014280928447894,NA,10,NA,NA
exp6_frontier,entangled_high_naive_calibrated_2_posted_price_matched,welfare,mechanism,59.763488023965216,NA,10,NA,NA
exp6_frontier,entangled_high_naive_calibrated_2_posted_price_matched,tokens_admitted,mechanism,86.9255,NA,10,NA,NA
exp6_frontier,entangled_high_naive_calibrated_2_posted_price_matched,median_latency,mechanism,91.42161657049563,NA,10,NA,NA
exp6_frontier,entangled_high_naive_calibrated_2_posted_price_matched,alloc_ratio,mechanism,0.8920005101882498,NA,10,NA,NA
exp6_frontier,entangled_high_naive_calibrated_2_posted_price_matched,welfare_vs_posted_at_matched_volume,mechanism,0.9911196904429391,NA,10,NA,NA
exp6_frontier,entangled_high_naive_calibrated_2_posted_price_matched,welfare_vs_posted_at_matched_latency,mechanism,0.984890761336086,NA,10,NA,NA
exp6_frontier,entangled_high_naive_calibrated_2.25_posted_price,welfare,mechanism,54.67527453967107,NA,10,NA,NA
exp6_frontier,entangled_high_naive_calibrated_2.25_posted_price,tokens_admitted,mechanism,68.7245,NA,10,NA,NA
exp6_frontier,entangled_high_naive_calibrated_2.25_posted_price,median_latency,mechanism,77.56563482140572,NA,10,NA,NA
exp6_frontier,entangled_high_naive_calibrated_2.25_posted_price,alloc_ratio,mechanism,0.716404828339347,NA,10,NA,NA
exp6_frontier,entangled_high_naive_calibrated_2.25_posted_price,welfare_vs_posted_at_matched_volume,mechanism,NA,NA,10,NA,NA
exp6_frontier,entangled_high_naive_calibrated_2.25_posted_price,welfare_vs_posted_at_matched_latency,mechanism,NA,NA,10,NA,NA
exp6_frontier,entangled_high_naive_calibrated_2.25_posted_price_edf,welfare,mechanism,54.6625939673867,NA,10,NA,NA
exp6_frontier,entangled_high_naive_calibrated_2.25_posted_price_edf,tokens_admitted,mechanism,68.7125,NA,10,NA,NA
exp6_frontier,entangled_high_naive_calibrated_2.25_posted_price_edf,median_latency,mechanism,77.53274169630996,NA,10,NA,NA
exp6_frontier,entangled_high_naive_calibrated_2.25_posted_price_edf,alloc_ratio,mechanism,0.7158835975208652,NA,10,NA,NA
exp6_frontier,entangled_high_naive_calibrated_2.25_posted_price_edf,welfare_vs_posted_at_matched_volume,mechanism,0.9998898728551645,NA,10,NA,NA
exp6_frontier,entangled_high_naive_calibrated_2.25_posted_price_edf,welfare_vs_posted_at_matched_latency,mechanism,1.0006962755462652,NA,10,NA,NA
exp6_frontier,entangled_high_naive_calibrated_2.25_posted_price_fcfs,welfare,mechanism,54.676476690924076,NA,10,NA,NA
exp6_frontier,entangled_high_naive_calibrated_2.25_posted_price_fcfs,tokens_admitted,mechanism,68.7225,NA,10,NA,NA
exp6_frontier,entangled_high_naive_calibrated_2.25_posted_price_fcfs,median_latency,mechanism,77.53756760291766,NA,10,NA,NA
exp6_frontier,entangled_high_naive_calibrated_2.25_posted_price_fcfs,alloc_ratio,mechanism,0.7159866291466925,NA,10,NA,NA
exp6_frontier,entangled_high_naive_calibrated_2.25_posted_price_fcfs,welfare_vs_posted_at_matched_volume,mechanism,1.0000581362405432,NA,10,NA,NA
exp6_frontier,entangled_high_naive_calibrated_2.25_posted_price_fcfs,welfare_vs_posted_at_matched_latency,mechanism,1.000854109093104,NA,10,NA,NA
exp6_frontier,entangled_high_naive_calibrated_2.5_posted_price,welfare,mechanism,48.92569407889735,NA,10,NA,NA
exp6_frontier,entangled_high_naive_calibrated_2.5_posted_price,tokens_admitted,mechanism,57.423,NA,10,NA,NA
exp6_frontier,entangled_high_naive_calibrated_2.5_posted_price,median_latency,mechanism,73.49507026175966,NA,10,NA,NA
exp6_frontier,entangled_high_naive_calibrated_2.5_posted_price,alloc_ratio,mechanism,0.6126021318398653,NA,10,NA,NA
exp6_frontier,entangled_high_naive_calibrated_2.5_posted_price,welfare_vs_posted_at_matched_volume,mechanism,NA,NA,10,NA,NA
exp6_frontier,entangled_high_naive_calibrated_2.5_posted_price,welfare_vs_posted_at_matched_latency,mechanism,NA,NA,10,NA,NA
exp6_frontier,entangled_high_naive_calibrated_2.5_posted_price_edf,welfare,mechanism,48.92397867506994,NA,10,NA,NA
exp6_frontier,entangled_high_naive_calibrated_2.5_posted_price_edf,tokens_admitted,mechanism,57.4235,NA,10,NA,NA
exp6_frontier,entangled_high_naive_calibrated_2.5_posted_price_edf,median_latency,mechanism,73.4935241752168,NA,10,NA,NA
exp6_frontier,entangled_high_naive_calibrated_2.5_posted_price_edf,alloc_ratio,mechanism,0.6125993411678471,NA,10,NA,NA
exp6_frontier,entangled_high_naive_calibrated_2.5_posted_price_edf,welfare_vs_posted_at_matched_volume,mechanism,0.9999589714049613,NA,10,NA,NA
exp6_frontier,entangled_high_naive_calibrated_2.5_posted_price_edf,welfare_vs_posted_at_matched_latency,mechanism,1.0013452174041926,NA,10,NA,NA
exp6_frontier,entangled_high_naive_calibrated_2.5_posted_price_fcfs,welfare,mechanism,48.925394188247,NA,10,NA,NA
exp6_frontier,entangled_high_naive_calibrated_2.5_posted_price_fcfs,tokens_admitted,mechanism,57.4235,NA,10,NA,NA
exp6_frontier,entangled_high_naive_calibrated_2.5_posted_price_fcfs,median_latency,mechanism,73.49492198974552,NA,10,NA,NA
exp6_frontier,entangled_high_naive_calibrated_2.5_posted_price_fcfs,alloc_ratio,mechanism,0.612600709909891,NA,10,NA,NA
exp6_frontier,entangled_high_naive_calibrated_2.5_posted_price_fcfs,welfare_vs_posted_at_matched_volume,mechanism,0.9999881923015882,NA,10,NA,NA
exp6_frontier,entangled_high_naive_calibrated_2.5_posted_price_fcfs,welfare_vs_posted_at_matched_latency,mechanism,1.0008924126310177,NA,10,NA,NA
exp6_frontier,entangled_high_naive_calibrated_3_posted_price,welfare,mechanism,33.64499215044208,NA,10,NA,NA
exp6_frontier,entangled_high_naive_calibrated_3_posted_price,tokens_admitted,mechanism,36.951,NA,10,NA,NA
exp6_frontier,entangled_high_naive_calibrated_3_posted_price,median_latency,mechanism,71.41804627835772,NA,10,NA,NA
exp6_frontier,entangled_high_naive_calibrated_3_posted_price,alloc_ratio,mechanism,0.4113721470453723,NA,10,NA,NA
exp6_frontier,entangled_high_naive_calibrated_3_posted_price,welfare_vs_posted_at_matched_volume,mechanism,NA,NA,10,NA,NA
exp6_frontier,entangled_high_naive_calibrated_3_posted_price,welfare_vs_posted_at_matched_latency,mechanism,NA,NA,10,NA,NA
exp6_frontier,entangled_high_naive_calibrated_3_posted_price_edf,welfare,mechanism,33.64587251370148,NA,10,NA,NA
exp6_frontier,entangled_high_naive_calibrated_3_posted_price_edf,tokens_admitted,mechanism,36.951,NA,10,NA,NA
exp6_frontier,entangled_high_naive_calibrated_3_posted_price_edf,median_latency,mechanism,71.40880521570092,NA,10,NA,NA
exp6_frontier,entangled_high_naive_calibrated_3_posted_price_edf,alloc_ratio,mechanism,0.4113721470453723,NA,10,NA,NA
exp6_frontier,entangled_high_naive_calibrated_3_posted_price_edf,welfare_vs_posted_at_matched_volume,mechanism,1.0000262171431644,NA,10,NA,NA
exp6_frontier,entangled_high_naive_calibrated_3_posted_price_edf,welfare_vs_posted_at_matched_latency,mechanism,0.998275554945796,NA,10,NA,NA
exp6_frontier,entangled_high_naive_calibrated_3_posted_price_fcfs,welfare,mechanism,33.64559011897324,NA,10,NA,NA
exp6_frontier,entangled_high_naive_calibrated_3_posted_price_fcfs,tokens_admitted,mechanism,36.951,NA,10,NA,NA
exp6_frontier,entangled_high_naive_calibrated_3_posted_price_fcfs,median_latency,mechanism,71.41143514420015,NA,10,NA,NA
exp6_frontier,entangled_high_naive_calibrated_3_posted_price_fcfs,alloc_ratio,mechanism,0.4113721470453723,NA,10,NA,NA
exp6_frontier,entangled_high_naive_calibrated_3_posted_price_fcfs,welfare_vs_posted_at_matched_volume,mechanism,1.0000178391525474,NA,10,NA,NA
exp6_frontier,entangled_high_naive_calibrated_3_posted_price_fcfs,welfare_vs_posted_at_matched_latency,mechanism,0.9979480255305885,NA,10,NA,NA
exp6_frontier,entangled_high_naive_calibrated_4_posted_price,welfare,mechanism,0,NA,10,NA,NA
exp6_frontier,entangled_high_naive_calibrated_4_posted_price,tokens_admitted,mechanism,0,NA,10,NA,NA
exp6_frontier,entangled_high_naive_calibrated_4_posted_price,median_latency,mechanism,NA,NA,10,NA,NA
exp6_frontier,entangled_high_naive_calibrated_4_posted_price,alloc_ratio,mechanism,0,NA,10,NA,NA
exp6_frontier,entangled_high_naive_calibrated_4_posted_price,welfare_vs_posted_at_matched_volume,mechanism,NA,NA,10,NA,NA
exp6_frontier,entangled_high_naive_calibrated_4_posted_price,welfare_vs_posted_at_matched_latency,mechanism,NA,NA,10,NA,NA
exp6_frontier,entangled_high_naive_calibrated_4_posted_price_edf,welfare,mechanism,0,NA,10,NA,NA
exp6_frontier,entangled_high_naive_calibrated_4_posted_price_edf,tokens_admitted,mechanism,0,NA,10,NA,NA
exp6_frontier,entangled_high_naive_calibrated_4_posted_price_edf,median_latency,mechanism,NA,NA,10,NA,NA
exp6_frontier,entangled_high_naive_calibrated_4_posted_price_edf,alloc_ratio,mechanism,0,NA,10,NA,NA
exp6_frontier,entangled_high_naive_calibrated_4_posted_price_edf,welfare_vs_posted_at_matched_volume,mechanism,NA,NA,10,NA,NA
exp6_frontier,entangled_high_naive_calibrated_4_posted_price_edf,welfare_vs_posted_at_matched_latency,mechanism,NA,NA,10,NA,NA
exp6_frontier,entangled_high_naive_calibrated_4_posted_price_fcfs,welfare,mechanism,0,NA,10,NA,NA
exp6_frontier,entangled_high_naive_calibrated_4_posted_price_fcfs,tokens_admitted,mechanism,0,NA,10,NA,NA
exp6_frontier,entangled_high_naive_calibrated_4_posted_price_fcfs,median_latency,mechanism,NA,NA,10,NA,NA
exp6_frontier,entangled_high_naive_calibrated_4_posted_price_fcfs,alloc_ratio,mechanism,0,NA,10,NA,NA
exp6_frontier,entangled_high_naive_calibrated_4_posted_price_fcfs,welfare_vs_posted_at_matched_volume,mechanism,NA,NA,10,NA,NA
exp6_frontier,entangled_high_naive_calibrated_4_posted_price_fcfs,welfare_vs_posted_at_matched_latency,mechanism,NA,NA,10,NA,NA
exp6_frontier,entangled_high_naive_calibrated_4_posted_price_matched,welfare,mechanism,0,NA,10,NA,NA
exp6_frontier,entangled_high_naive_calibrated_4_posted_price_matched,tokens_admitted,mechanism,0,NA,10,NA,NA
exp6_frontier,entangled_high_naive_calibrated_4_posted_price_matched,median_latency,mechanism,NA,NA,10,NA,NA
exp6_frontier,entangled_high_naive_calibrated_4_posted_price_matched,alloc_ratio,mechanism,0,NA,10,NA,NA
exp6_frontier,entangled_high_naive_calibrated_4_posted_price_matched,welfare_vs_posted_at_matched_volume,mechanism,NA,NA,10,NA,NA
exp6_frontier,entangled_high_naive_calibrated_4_posted_price_matched,welfare_vs_posted_at_matched_latency,mechanism,NA,NA,10,NA,NA
exp6_frontier,entangled_medium_hybrid_noema_baseline_1_edf,welfare,mechanism,50.225595588650265,NA,10,NA,NA
exp6_frontier,entangled_medium_hybrid_noema_baseline_1_edf,tokens_admitted,mechanism,72.562,NA,10,NA,NA
exp6_frontier,entangled_medium_hybrid_noema_baseline_1_edf,median_latency,mechanism,80.42027557273835,NA,10,NA,NA
exp6_frontier,entangled_medium_hybrid_noema_baseline_1_edf,alloc_ratio,mechanism,0.8204967780581971,NA,10,NA,NA
exp6_frontier,entangled_medium_hybrid_noema_baseline_1_edf,welfare_vs_posted_at_matched_volume,mechanism,0.9465846537671216,NA,10,NA,NA
exp6_frontier,entangled_medium_hybrid_noema_baseline_1_edf,welfare_vs_posted_at_matched_latency,mechanism,0.948025663661697,NA,10,NA,NA
exp6_frontier,entangled_medium_hybrid_noema_baseline_1_greedy_ev,welfare,mechanism,53.05962849817605,NA,10,NA,NA
exp6_frontier,entangled_medium_hybrid_noema_baseline_1_greedy_ev,tokens_admitted,mechanism,72.562,NA,10,NA,NA
exp6_frontier,entangled_medium_hybrid_noema_baseline_1_greedy_ev,median_latency,mechanism,80.39278332979458,NA,10,NA,NA
exp6_frontier,entangled_medium_hybrid_noema_baseline_1_greedy_ev,alloc_ratio,mechanism,0.8654957439324449,NA,10,NA,NA
exp6_frontier,entangled_medium_hybrid_noema_baseline_1_greedy_ev,welfare_vs_posted_at_matched_volume,mechanism,1,NA,10,NA,NA
exp6_frontier,entangled_medium_hybrid_noema_baseline_1_greedy_ev,welfare_vs_posted_at_matched_latency,mechanism,1,NA,10,NA,NA
exp6_frontier,entangled_medium_hybrid_noema_baseline_1_k8s,welfare,mechanism,50.377661102900184,NA,10,NA,NA
exp6_frontier,entangled_medium_hybrid_noema_baseline_1_k8s,tokens_admitted,mechanism,72.562,NA,10,NA,NA
exp6_frontier,entangled_medium_hybrid_noema_baseline_1_k8s,median_latency,mechanism,80.0953066546718,NA,10,NA,NA
exp6_frontier,entangled_medium_hybrid_noema_baseline_1_k8s,alloc_ratio,mechanism,0.8204256954105872,NA,10,NA,NA
exp6_frontier,entangled_medium_hybrid_noema_baseline_1_k8s,welfare_vs_posted_at_matched_volume,mechanism,0.9494532370942579,NA,10,NA,NA
exp6_frontier,entangled_medium_hybrid_noema_baseline_1_k8s,welfare_vs_posted_at_matched_latency,mechanism,0.9555379923949496,NA,10,NA,NA
exp6_frontier,entangled_medium_hybrid_noema_baseline_1_market,welfare,mechanism,52.786863945153435,NA,10,NA,NA
exp6_frontier,entangled_medium_hybrid_noema_baseline_1_market,tokens_admitted,mechanism,71.85,NA,10,NA,NA
exp6_frontier,entangled_medium_hybrid_noema_baseline_1_market,median_latency,mechanism,80.06783278941124,NA,10,NA,NA
exp6_frontier,entangled_medium_hybrid_noema_baseline_1_market,alloc_ratio,mechanism,0.8587285800787816,NA,10,NA,NA
exp6_frontier,entangled_medium_hybrid_noema_baseline_1_market,welfare_vs_posted_at_matched_volume,mechanism,0.9998801186079443,NA,10,NA,NA
exp6_frontier,entangled_medium_hybrid_noema_baseline_1_market,welfare_vs_posted_at_matched_latency,mechanism,1.001792557351766,NA,10,NA,NA
exp6_frontier,entangled_medium_hybrid_noema_baseline_1_market_asc,welfare,mechanism,53.050501057143045,NA,10,NA,NA
exp6_frontier,entangled_medium_hybrid_noema_baseline_1_market_asc,tokens_admitted,mechanism,72.531,NA,10,NA,NA
exp6_frontier,entangled_medium_hybrid_noema_baseline_1_market_asc,median_latency,mechanism,80.38207386397825,NA,10,NA,NA
exp6_frontier,entangled_medium_hybrid_noema_baseline_1_market_asc,alloc_ratio,mechanism,0.8652070733284797,NA,10,NA,NA
exp6_frontier,entangled_medium_hybrid_noema_baseline_1_market_asc,welfare_vs_posted_at_matched_volume,mechanism,1.000021788364088,NA,10,NA,NA
exp6_frontier,entangled_medium_hybrid_noema_baseline_1_market_asc,welfare_vs_posted_at_matched_latency,mechanism,1.000373886432172,NA,10,NA,NA
exp6_frontier,entangled_medium_hybrid_noema_baseline_1_market_cc,welfare,mechanism,37.13692317189567,NA,10,NA,NA
exp6_frontier,entangled_medium_hybrid_noema_baseline_1_market_cc,tokens_admitted,mechanism,50.517,NA,10,NA,NA
exp6_frontier,entangled_medium_hybrid_noema_baseline_1_market_cc,median_latency,mechanism,77.53934042345911,NA,10,NA,NA
exp6_frontier,entangled_medium_hybrid_noema_baseline_1_market_cc,alloc_ratio,mechanism,0.5978172108056966,NA,10,NA,NA
exp6_frontier,entangled_medium_hybrid_noema_baseline_1_market_cc,welfare_vs_posted_at_matched_volume,mechanism,0.8868927564045935,NA,10,NA,NA
exp6_frontier,entangled_medium_hybrid_noema_baseline_1_market_cc,welfare_vs_posted_at_matched_latency,mechanism,0.7583972472477989,NA,10,NA,NA
exp6_frontier,entangled_medium_hybrid_noema_baseline_1_market_posted_slice,welfare,mechanism,53.05599621300675,NA,10,NA,NA
exp6_frontier,entangled_medium_hybrid_noema_baseline_1_market_posted_slice,tokens_admitted,mechanism,72.4915,NA,10,NA,NA
exp6_frontier,entangled_medium_hybrid_noema_baseline_1_market_posted_slice,median_latency,mechanism,80.34427762325319,NA,10,NA,NA
exp6_frontier,entangled_medium_hybrid_noema_baseline_1_market_posted_slice,alloc_ratio,mechanism,0.865022267670001,NA,10,NA,NA
exp6_frontier,entangled_medium_hybrid_noema_baseline_1_market_posted_slice,welfare_vs_posted_at_matched_volume,mechanism,1.0004100653058585,NA,10,NA,NA
exp6_frontier,entangled_medium_hybrid_noema_baseline_1_market_posted_slice,welfare_vs_posted_at_matched_latency,mechanism,1.000940673061761,NA,10,NA,NA
exp6_frontier,entangled_medium_hybrid_noema_baseline_1_posted_price,welfare,mechanism,53.05962849817605,NA,10,NA,NA
exp6_frontier,entangled_medium_hybrid_noema_baseline_1_posted_price,tokens_admitted,mechanism,72.562,NA,10,NA,NA
exp6_frontier,entangled_medium_hybrid_noema_baseline_1_posted_price,median_latency,mechanism,80.39278332979458,NA,10,NA,NA
exp6_frontier,entangled_medium_hybrid_noema_baseline_1_posted_price,alloc_ratio,mechanism,0.8654957439324449,NA,10,NA,NA
exp6_frontier,entangled_medium_hybrid_noema_baseline_1_posted_price,welfare_vs_posted_at_matched_volume,mechanism,NA,NA,10,NA,NA
exp6_frontier,entangled_medium_hybrid_noema_baseline_1_posted_price,welfare_vs_posted_at_matched_latency,mechanism,NA,NA,10,NA,NA
exp6_frontier,entangled_medium_hybrid_noema_baseline_1_posted_price_edf,welfare,mechanism,50.22110830685295,NA,10,NA,NA
exp6_frontier,entangled_medium_hybrid_noema_baseline_1_posted_price_edf,tokens_admitted,mechanism,72.562,NA,10,NA,NA
exp6_frontier,entangled_medium_hybrid_noema_baseline_1_posted_price_edf,median_latency,mechanism,80.43694989799134,NA,10,NA,NA
exp6_frontier,entangled_medium_hybrid_noema_baseline_1_posted_price_edf,alloc_ratio,mechanism,0.8205721851810299,NA,10,NA,NA
exp6_frontier,entangled_medium_hybrid_noema_baseline_1_posted_price_edf,welfare_vs_posted_at_matched_volume,mechanism,0.9465019349237267,NA,10,NA,NA
exp6_frontier,entangled_medium_hybrid_noema_baseline_1_posted_price_edf,welfare_vs_posted_at_matched_latency,mechanism,0.947156653035764,NA,10,NA,NA
exp6_frontier,entangled_medium_hybrid_noema_baseline_1_posted_price_fcfs,welfare,mechanism,50.20838436383704,NA,10,NA,NA
exp6_frontier,entangled_medium_hybrid_noema_baseline_1_posted_price_fcfs,tokens_admitted,mechanism,72.562,NA,10,NA,NA
exp6_frontier,entangled_medium_hybrid_noema_baseline_1_posted_price_fcfs,median_latency,mechanism,80.41936826051739,NA,10,NA,NA
exp6_frontier,entangled_medium_hybrid_noema_baseline_1_posted_price_fcfs,alloc_ratio,mechanism,0.8203217691655732,NA,10,NA,NA
exp6_frontier,entangled_medium_hybrid_noema_baseline_1_posted_price_fcfs,welfare_vs_posted_at_matched_volume,mechanism,0.9462628845019841,NA,10,NA,NA
exp6_frontier,entangled_medium_hybrid_noema_baseline_1_posted_price_fcfs,welfare_vs_posted_at_matched_latency,mechanism,0.9472067947650241,NA,10,NA,NA
exp6_frontier,entangled_medium_hybrid_noema_baseline_1_posted_price_matched,welfare,mechanism,53.05962849817605,NA,10,NA,NA
exp6_frontier,entangled_medium_hybrid_noema_baseline_1_posted_price_matched,tokens_admitted,mechanism,72.562,NA,10,NA,NA
exp6_frontier,entangled_medium_hybrid_noema_baseline_1_posted_price_matched,median_latency,mechanism,80.39278332979458,NA,10,NA,NA
exp6_frontier,entangled_medium_hybrid_noema_baseline_1_posted_price_matched,alloc_ratio,mechanism,0.8654957439324449,NA,10,NA,NA
exp6_frontier,entangled_medium_hybrid_noema_baseline_1_posted_price_matched,welfare_vs_posted_at_matched_volume,mechanism,1,NA,10,NA,NA
exp6_frontier,entangled_medium_hybrid_noema_baseline_1_posted_price_matched,welfare_vs_posted_at_matched_latency,mechanism,1,NA,10,NA,NA
exp6_frontier,entangled_medium_hybrid_noema_baseline_1_random,welfare,mechanism,50.22875565259135,NA,10,NA,NA
exp6_frontier,entangled_medium_hybrid_noema_baseline_1_random,tokens_admitted,mechanism,72.562,NA,10,NA,NA
exp6_frontier,entangled_medium_hybrid_noema_baseline_1_random,median_latency,mechanism,80.4335422319288,NA,10,NA,NA
exp6_frontier,entangled_medium_hybrid_noema_baseline_1_random,alloc_ratio,mechanism,0.820577722529264,NA,10,NA,NA
exp6_frontier,entangled_medium_hybrid_noema_baseline_1_random,welfare_vs_posted_at_matched_volume,mechanism,0.9466458517724573,NA,10,NA,NA
exp6_frontier,entangled_medium_hybrid_noema_baseline_1_random,welfare_vs_posted_at_matched_latency,mechanism,0.9480455241556186,NA,10,NA,NA
exp6_frontier,entangled_medium_hybrid_noema_baseline_1.25_posted_price,welfare,mechanism,53.05546105415511,NA,10,NA,NA
exp6_frontier,entangled_medium_hybrid_noema_baseline_1.25_posted_price,tokens_admitted,mechanism,72.545,NA,10,NA,NA
exp6_frontier,entangled_medium_hybrid_noema_baseline_1.25_posted_price,median_latency,mechanism,80.38333750283253,NA,10,NA,NA
exp6_frontier,entangled_medium_hybrid_noema_baseline_1.25_posted_price,alloc_ratio,mechanism,0.8653494557711184,NA,10,NA,NA
exp6_frontier,entangled_medium_hybrid_noema_baseline_1.25_posted_price,welfare_vs_posted_at_matched_volume,mechanism,NA,NA,10,NA,NA
exp6_frontier,entangled_medium_hybrid_noema_baseline_1.25_posted_price,welfare_vs_posted_at_matched_latency,mechanism,NA,NA,10,NA,NA
exp6_frontier,entangled_medium_hybrid_noema_baseline_1.25_posted_price_edf,welfare,mechanism,50.244476892457506,NA,10,NA,NA
exp6_frontier,entangled_medium_hybrid_noema_baseline_1.25_posted_price_edf,tokens_admitted,mechanism,72.5445,NA,10,NA,NA
exp6_frontier,entangled_medium_hybrid_noema_baseline_1.25_posted_price_edf,median_latency,mechanism,80.42408542809058,NA,10,NA,NA
exp6_frontier,entangled_medium_hybrid_noema_baseline_1.25_posted_price_edf,alloc_ratio,mechanism,0.8208593680951133,NA,10,NA,NA
exp6_frontier,entangled_medium_hybrid_noema_baseline_1.25_posted_price_edf,welfare_vs_posted_at_matched_volume,mechanism,0.9470203044531957,NA,10,NA,NA
exp6_frontier,entangled_medium_hybrid_noema_baseline_1.25_posted_price_edf,welfare_vs_posted_at_matched_latency,mechanism,0.9480725322034376,NA,10,NA,NA
exp6_frontier,entangled_medium_hybrid_noema_baseline_1.25_posted_price_fcfs,welfare,mechanism,50.23260071805631,NA,10,NA,NA
exp6_frontier,entangled_medium_hybrid_noema_baseline_1.25_posted_price_fcfs,tokens_admitted,mechanism,72.5445,NA,10,NA,NA
exp6_frontier,entangled_medium_hybrid_noema_baseline_1.25_posted_price_fcfs,median_latency,mechanism,80.40586510769616,NA,10,NA,NA
exp6_frontier,entangled_medium_hybrid_noema_baseline_1.25_posted_price_fcfs,alloc_ratio,mechanism,0.8206196210710364,NA,10,NA,NA
exp6_frontier,entangled_medium_hybrid_noema_baseline_1.25_posted_price_fcfs,welfare_vs_posted_at_matched_volume,mechanism,0.9467973855026397,NA,10,NA,NA
exp6_frontier,entangled_medium_hybrid_noema_baseline_1.25_posted_price_fcfs,welfare_vs_posted_at_matched_latency,mechanism,0.9475455623620163,NA,10,NA,NA
exp6_frontier,entangled_medium_hybrid_noema_baseline_1.5_posted_price,welfare,mechanism,52.93766334045496,NA,10,NA,NA
exp6_frontier,entangled_medium_hybrid_noema_baseline_1.5_posted_price,tokens_admitted,mechanism,72.2465,NA,10,NA,NA
exp6_frontier,entangled_medium_hybrid_noema_baseline_1.5_posted_price,median_latency,mechanism,80.28854426945384,NA,10,NA,NA
exp6_frontier,entangled_medium_hybrid_noema_baseline_1.5_posted_price,alloc_ratio,mechanism,0.8625762146502283,NA,10,NA,NA
exp6_frontier,entangled_medium_hybrid_noema_baseline_1.5_posted_price,welfare_vs_posted_at_matched_volume,mechanism,NA,NA,10,NA,NA
exp6_frontier,entangled_medium_hybrid_noema_baseline_1.5_posted_price,welfare_vs_posted_at_matched_latency,mechanism,NA,NA,10,NA,NA
exp6_frontier,entangled_medium_hybrid_noema_baseline_1.5_posted_price_edf,welfare,mechanism,50.28954202522949,NA,10,NA,NA
exp6_frontier,entangled_medium_hybrid_noema_baseline_1.5_posted_price_edf,tokens_admitted,mechanism,72.246,NA,10,NA,NA
exp6_frontier,entangled_medium_hybrid_noema_baseline_1.5_posted_price_edf,median_latency,mechanism,80.3235819610801,NA,10,NA,NA
exp6_frontier,entangled_medium_hybrid_noema_baseline_1.5_posted_price_edf,alloc_ratio,mechanism,0.8206342858099368,NA,10,NA,NA
exp6_frontier,entangled_medium_hybrid_noema_baseline_1.5_posted_price_edf,welfare_vs_posted_at_matched_volume,mechanism,0.9499775608585912,NA,10,NA,NA
exp6_frontier,entangled_medium_hybrid_noema_baseline_1.5_posted_price_edf,welfare_vs_posted_at_matched_latency,mechanism,0.9500198320799532,NA,10,NA,NA
exp6_frontier,entangled_medium_hybrid_noema_baseline_1.5_posted_price_fcfs,welfare,mechanism,50.27690706864947,NA,10,NA,NA
exp6_frontier,entangled_medium_hybrid_noema_baseline_1.5_posted_price_fcfs,tokens_admitted,mechanism,72.2455,NA,10,NA,NA
exp6_frontier,entangled_medium_hybrid_noema_baseline_1.5_posted_price_fcfs,median_latency,mechanism,80.31085027621012,NA,10,NA,NA
exp6_frontier,entangled_medium_hybrid_noema_baseline_1.5_posted_price_fcfs,alloc_ratio,mechanism,0.8204262607935393,NA,10,NA,NA
exp6_frontier,entangled_medium_hybrid_noema_baseline_1.5_posted_price_fcfs,welfare_vs_posted_at_matched_volume,mechanism,0.9497422775720807,NA,10,NA,NA
exp6_frontier,entangled_medium_hybrid_noema_baseline_1.5_posted_price_fcfs,welfare_vs_posted_at_matched_latency,mechanism,0.9495257547528464,NA,10,NA,NA
exp6_frontier,entangled_medium_hybrid_noema_baseline_1.75_posted_price,welfare,mechanism,52.08744706569791,NA,10,NA,NA
exp6_frontier,entangled_medium_hybrid_noema_baseline_1.75_posted_price,tokens_admitted,mechanism,69.907,NA,10,NA,NA
exp6_frontier,entangled_medium_hybrid_noema_baseline_1.75_posted_price,median_latency,mechanism,79.52201583873705,NA,10,NA,NA
exp6_frontier,entangled_medium_hybrid_noema_baseline_1.75_posted_price,alloc_ratio,mechanism,0.8419045359164274,NA,10,NA,NA
exp6_frontier,entangled_medium_hybrid_noema_baseline_1.75_posted_price,welfare_vs_posted_at_matched_volume,mechanism,NA,NA,10,NA,NA
exp6_frontier,entangled_medium_hybrid_noema_baseline_1.75_posted_price,welfare_vs_posted_at_matched_latency,mechanism,NA,NA,10,NA,NA
exp6_frontier,entangled_medium_hybrid_noema_baseline_1.75_posted_price_edf,welfare,mechanism,50.777915738316736,NA,10,NA,NA
exp6_frontier,entangled_medium_hybrid_noema_baseline_1.75_posted_price_edf,tokens_admitted,mechanism,69.904,NA,10,NA,NA
exp6_frontier,entangled_medium_hybrid_noema_baseline_1.75_posted_price_edf,median_latency,mechanism,79.5331384850412,NA,10,NA,NA
exp6_frontier,entangled_medium_hybrid_noema_baseline_1.75_posted_price_edf,alloc_ratio,mechanism,0.8215982648272315,NA,10,NA,NA
exp6_frontier,entangled_medium_hybrid_noema_baseline_1.75_posted_price_edf,welfare_vs_posted_at_matched_volume,mechanism,0.9748883047958046,NA,10,NA,NA
exp6_frontier,entangled_medium_hybrid_noema_baseline_1.75_posted_price_edf,welfare_vs_posted_at_matched_latency,mechanism,0.9747324231224718,NA,10,NA,NA
exp6_frontier,entangled_medium_hybrid_noema_baseline_1.75_posted_price_fcfs,welfare,mechanism,50.763485979455545,NA,10,NA,NA
exp6_frontier,entangled_medium_hybrid_noema_baseline_1.75_posted_price_fcfs,tokens_admitted,mechanism,69.9095,NA,10,NA,NA
exp6_frontier,entangled_medium_hybrid_noema_baseline_1.75_posted_price_fcfs,median_latency,mechanism,79.55790913458554,NA,10,NA,NA
exp6_frontier,entangled_medium_hybrid_noema_baseline_1.75_posted_price_fcfs,alloc_ratio,mechanism,0.8215038595457913,NA,10,NA,NA
exp6_frontier,entangled_medium_hybrid_noema_baseline_1.75_posted_price_fcfs,welfare_vs_posted_at_matched_volume,mechanism,0.9745710543454809,NA,10,NA,NA
exp6_frontier,entangled_medium_hybrid_noema_baseline_1.75_posted_price_fcfs,welfare_vs_posted_at_matched_latency,mechanism,0.9739411061895462,NA,10,NA,NA
exp6_frontier,entangled_medium_hybrid_noema_baseline_2_market_posted_slice,welfare,mechanism,53.05161663913276,NA,10,NA,NA
exp6_frontier,entangled_medium_hybrid_noema_baseline_2_market_posted_slice,tokens_admitted,mechanism,72.5345,NA,10,NA,NA
exp6_frontier,entangled_medium_hybrid_noema_baseline_2_market_posted_slice,median_latency,mechanism,80.38252923274476,NA,10,NA,NA
exp6_frontier,entangled_medium_hybrid_noema_baseline_2_market_posted_slice,alloc_ratio,mechanism,0.8652288776023711,NA,10,NA,NA
exp6_frontier,entangled_medium_hybrid_noema_baseline_2_market_posted_slice,welfare_vs_posted_at_matched_volume,mechanism,1.0000116581845508,NA,10,NA,NA
exp6_frontier,entangled_medium_hybrid_noema_baseline_2_market_posted_slice,welfare_vs_posted_at_matched_latency,mechanism,1.0008810786008504,NA,10,NA,NA
exp6_frontier,entangled_medium_hybrid_noema_baseline_2_posted_price,welfare,mechanism,49.519273886445745,NA,10,NA,NA
exp6_frontier,entangled_medium_hybrid_noema_baseline_2_posted_price,tokens_admitted,mechanism,63.976,NA,10,NA,NA
exp6_frontier,entangled_medium_hybrid_noema_baseline_2_posted_price,median_latency,mechanism,77.79455179272476,NA,10,NA,NA
exp6_frontier,entangled_medium_hybrid_noema_baseline_2_posted_price,alloc_ratio,mechanism,0.785713521488566,NA,10,NA,NA
exp6_frontier,entangled_medium_hybrid_noema_baseline_2_posted_price,welfare_vs_posted_at_matched_volume,mechanism,NA,NA,10,NA,NA
exp6_frontier,entangled_medium_hybrid_noema_baseline_2_posted_price,welfare_vs_posted_at_matched_latency,mechanism,NA,NA,10,NA,NA
exp6_frontier,entangled_medium_hybrid_noema_baseline_2_posted_price_edf,welfare,mechanism,49.130237564063336,NA,10,NA,NA
exp6_frontier,entangled_medium_hybrid_noema_baseline_2_posted_price_edf,tokens_admitted,mechanism,63.978500000000004,NA,10,NA,NA
exp6_frontier,entangled_medium_hybrid_noema_baseline_2_posted_price_edf,median_latency,mechanism,77.7734576910479,NA,10,NA,NA
exp6_frontier,entangled_medium_hybrid_noema_baseline_2_posted_price_edf,alloc_ratio,mechanism,0.7798448990646989,NA,10,NA,NA
exp6_frontier,entangled_medium_hybrid_noema_baseline_2_posted_price_edf,welfare_vs_posted_at_matched_volume,mechanism,0.9921308710795691,NA,10,NA,NA
exp6_frontier,entangled_medium_hybrid_noema_baseline_2_posted_price_edf,welfare_vs_posted_at_matched_latency,mechanism,0.9931116866743014,NA,10,NA,NA
exp6_frontier,entangled_medium_hybrid_noema_baseline_2_posted_price_fcfs,welfare,mechanism,49.12720805433911,NA,10,NA,NA
exp6_frontier,entangled_medium_hybrid_noema_baseline_2_posted_price_fcfs,tokens_admitted,mechanism,63.980000000000004,NA,10,NA,NA
exp6_frontier,entangled_medium_hybrid_noema_baseline_2_posted_price_fcfs,median_latency,mechanism,77.76791408744049,NA,10,NA,NA
exp6_frontier,entangled_medium_hybrid_noema_baseline_2_posted_price_fcfs,alloc_ratio,mechanism,0.7798946535703523,NA,10,NA,NA
exp6_frontier,entangled_medium_hybrid_noema_baseline_2_posted_price_fcfs,welfare_vs_posted_at_matched_volume,mechanism,0.9920565195037333,NA,10,NA,NA
exp6_frontier,entangled_medium_hybrid_noema_baseline_2_posted_price_fcfs,welfare_vs_posted_at_matched_latency,mechanism,0.9933779006839188,NA,10,NA,NA
exp6_frontier,entangled_medium_hybrid_noema_baseline_2_posted_price_matched,welfare,mechanism,49.519273886445745,NA,10,NA,NA
exp6_frontier,entangled_medium_hybrid_noema_baseline_2_posted_price_matched,tokens_admitted,mechanism,63.976,NA,10,NA,NA
exp6_frontier,entangled_medium_hybrid_noema_baseline_2_posted_price_matched,median_latency,mechanism,77.79455179272476,NA,10,NA,NA
exp6_frontier,entangled_medium_hybrid_noema_baseline_2_posted_price_matched,alloc_ratio,mechanism,0.785713521488566,NA,10,NA,NA
exp6_frontier,entangled_medium_hybrid_noema_baseline_2_posted_price_matched,welfare_vs_posted_at_matched_volume,mechanism,1,NA,10,NA,NA
exp6_frontier,entangled_medium_hybrid_noema_baseline_2_posted_price_matched,welfare_vs_posted_at_matched_latency,mechanism,1,NA,10,NA,NA
exp6_frontier,entangled_medium_hybrid_noema_baseline_2.25_posted_price,welfare,mechanism,45.347947606968475,NA,10,NA,NA
exp6_frontier,entangled_medium_hybrid_noema_baseline_2.25_posted_price,tokens_admitted,mechanism,56.153999999999996,NA,10,NA,NA
exp6_frontier,entangled_medium_hybrid_noema_baseline_2.25_posted_price,median_latency,mechanism,75.88788679740125,NA,10,NA,NA
exp6_frontier,entangled_medium_hybrid_noema_baseline_2.25_posted_price,alloc_ratio,mechanism,0.7060202098990787,NA,10,NA,NA
exp6_frontier,entangled_medium_hybrid_noema_baseline_2.25_posted_price,welfare_vs_posted_at_matched_volume,mechanism,NA,NA,10,NA,NA
exp6_frontier,entangled_medium_hybrid_noema_baseline_2.25_posted_price,welfare_vs_posted_at_matched_latency,mechanism,NA,NA,10,NA,NA
exp6_frontier,entangled_medium_hybrid_noema_baseline_2.25_posted_price_edf,welfare,mechanism,45.252623164465064,NA,10,NA,NA
exp6_frontier,entangled_medium_hybrid_noema_baseline_2.25_posted_price_edf,tokens_admitted,mechanism,56.153,NA,10,NA,NA
exp6_frontier,entangled_medium_hybrid_noema_baseline_2.25_posted_price_edf,median_latency,mechanism,75.88936309927588,NA,10,NA,NA
exp6_frontier,entangled_medium_hybrid_noema_baseline_2.25_posted_price_edf,alloc_ratio,mechanism,0.7046129430676265,NA,10,NA,NA
exp6_frontier,entangled_medium_hybrid_noema_baseline_2.25_posted_price_edf,welfare_vs_posted_at_matched_volume,mechanism,0.9979146250957677,NA,10,NA,NA
exp6_frontier,entangled_medium_hybrid_noema_baseline_2.25_posted_price_edf,welfare_vs_posted_at_matched_latency,mechanism,0.9981866841228567,NA,10,NA,NA
exp6_frontier,entangled_medium_hybrid_noema_baseline_2.25_posted_price_fcfs,welfare,mechanism,45.2475004671596,NA,10,NA,NA
exp6_frontier,entangled_medium_hybrid_noema_baseline_2.25_posted_price_fcfs,tokens_admitted,mechanism,56.1495,NA,10,NA,NA
exp6_frontier,entangled_medium_hybrid_noema_baseline_2.25_posted_price_fcfs,median_latency,mechanism,75.89347047664589,NA,10,NA,NA
exp6_frontier,entangled_medium_hybrid_noema_baseline_2.25_posted_price_fcfs,alloc_ratio,mechanism,0.7045475157696948,NA,10,NA,NA
exp6_frontier,entangled_medium_hybrid_noema_baseline_2.25_posted_price_fcfs,welfare_vs_posted_at_matched_volume,mechanism,0.9978464801534547,NA,10,NA,NA
exp6_frontier,entangled_medium_hybrid_noema_baseline_2.25_posted_price_fcfs,welfare_vs_posted_at_matched_latency,mechanism,0.9979584939893561,NA,10,NA,NA
exp6_frontier,entangled_medium_hybrid_noema_baseline_2.5_posted_price,welfare,mechanism,40.25465552423377,NA,10,NA,NA
exp6_frontier,entangled_medium_hybrid_noema_baseline_2.5_posted_price,tokens_admitted,mechanism,47.891,NA,10,NA,NA
exp6_frontier,entangled_medium_hybrid_noema_baseline_2.5_posted_price,median_latency,mechanism,74.3479262221179,NA,10,NA,NA
exp6_frontier,entangled_medium_hybrid_noema_baseline_2.5_posted_price,alloc_ratio,mechanism,0.6169898656810725,NA,10,NA,NA
exp6_frontier,entangled_medium_hybrid_noema_baseline_2.5_posted_price,welfare_vs_posted_at_matched_volume,mechanism,NA,NA,10,NA,NA
exp6_frontier,entangled_medium_hybrid_noema_baseline_2.5_posted_price,welfare_vs_posted_at_matched_latency,mechanism,NA,NA,10,NA,NA
exp6_frontier,entangled_medium_hybrid_noema_baseline_2.5_posted_price_edf,welfare,mechanism,40.239389566797286,NA,10,NA,NA
exp6_frontier,entangled_medium_hybrid_noema_baseline_2.5_posted_price_edf,tokens_admitted,mechanism,47.89,NA,10,NA,NA
exp6_frontier,entangled_medium_hybrid_noema_baseline_2.5_posted_price_edf,median_latency,mechanism,74.34371578470007,NA,10,NA,NA
exp6_frontier,entangled_medium_hybrid_noema_baseline_2.5_posted_price_edf,alloc_ratio,mechanism,0.6167732906432131,NA,10,NA,NA
exp6_frontier,entangled_medium_hybrid_noema_baseline_2.5_posted_price_edf,welfare_vs_posted_at_matched_volume,mechanism,0.999643290912862,NA,10,NA,NA
exp6_frontier,entangled_medium_hybrid_noema_baseline_2.5_posted_price_edf,welfare_vs_posted_at_matched_latency,mechanism,1.0008445030659252,NA,10,NA,NA
exp6_frontier,entangled_medium_hybrid_noema_baseline_2.5_posted_price_fcfs,welfare,mechanism,40.23489695573537,NA,10,NA,NA
exp6_frontier,entangled_medium_hybrid_noema_baseline_2.5_posted_price_fcfs,tokens_admitted,mechanism,47.888,NA,10,NA,NA
exp6_frontier,entangled_medium_hybrid_noema_baseline_2.5_posted_price_fcfs,median_latency,mechanism,74.33735149790716,NA,10,NA,NA
exp6_frontier,entangled_medium_hybrid_noema_baseline_2.5_posted_price_fcfs,alloc_ratio,mechanism,0.6167384406974878,NA,10,NA,NA
exp6_frontier,entangled_medium_hybrid_noema_baseline_2.5_posted_price_fcfs,welfare_vs_posted_at_matched_volume,mechanism,0.9995661410268932,NA,10,NA,NA
exp6_frontier,entangled_medium_hybrid_noema_baseline_2.5_posted_price_fcfs,welfare_vs_posted_at_matched_latency,mechanism,1.0015702807164126,NA,10,NA,NA
exp6_frontier,entangled_medium_hybrid_noema_baseline_3_posted_price,welfare,mechanism,28.877841283815748,NA,10,NA,NA
exp6_frontier,entangled_medium_hybrid_noema_baseline_3_posted_price,tokens_admitted,mechanism,31.985500000000002,NA,10,NA,NA
exp6_frontier,entangled_medium_hybrid_noema_baseline_3_posted_price,median_latency,mechanism,72.24018262076225,NA,10,NA,NA
exp6_frontier,entangled_medium_hybrid_noema_baseline_3_posted_price,alloc_ratio,mechanism,0.43291034673034384,NA,10,NA,NA
exp6_frontier,entangled_medium_hybrid_noema_baseline_3_posted_price,welfare_vs_posted_at_matched_volume,mechanism,NA,NA,10,NA,NA
exp6_frontier,entangled_medium_hybrid_noema_baseline_3_posted_price,welfare_vs_posted_at_matched_latency,mechanism,NA,NA,10,NA,NA
exp6_frontier,entangled_medium_hybrid_noema_baseline_3_posted_price_edf,welfare,mechanism,28.876792816553746,NA,10,NA,NA
exp6_frontier,entangled_medium_hybrid_noema_baseline_3_posted_price_edf,tokens_admitted,mechanism,31.985500000000002,NA,10,NA,NA
exp6_frontier,entangled_medium_hybrid_noema_baseline_3_posted_price_edf,median_latency,mechanism,72.23056500262246,NA,10,NA,NA
exp6_frontier,entangled_medium_hybrid_noema_baseline_3_posted_price_edf,alloc_ratio,mechanism,0.43291034673034384,NA,10,NA,NA
exp6_frontier,entangled_medium_hybrid_noema_baseline_3_posted_price_edf,welfare_vs_posted_at_matched_volume,mechanism,0.999963433590496,NA,10,NA,NA
exp6_frontier,entangled_medium_hybrid_noema_baseline_3_posted_price_edf,welfare_vs_posted_at_matched_latency,mechanism,0.9960965665609116,NA,10,NA,NA
exp6_frontier,entangled_medium_hybrid_noema_baseline_3_posted_price_fcfs,welfare,mechanism,28.877490945299073,NA,10,NA,NA
exp6_frontier,entangled_medium_hybrid_noema_baseline_3_posted_price_fcfs,tokens_admitted,mechanism,31.985500000000002,NA,10,NA,NA
exp6_frontier,entangled_medium_hybrid_noema_baseline_3_posted_price_fcfs,median_latency,mechanism,72.24283186565191,NA,10,NA,NA
exp6_frontier,entangled_medium_hybrid_noema_baseline_3_posted_price_fcfs,alloc_ratio,mechanism,0.43291034673034384,NA,10,NA,NA
exp6_frontier,entangled_medium_hybrid_noema_baseline_3_posted_price_fcfs,welfare_vs_posted_at_matched_volume,mechanism,0.9999874689302393,NA,10,NA,NA
exp6_frontier,entangled_medium_hybrid_noema_baseline_3_posted_price_fcfs,welfare_vs_posted_at_matched_latency,mechanism,0.9965937899140627,NA,10,NA,NA
exp6_frontier,entangled_medium_hybrid_noema_baseline_4_posted_price,welfare,mechanism,0,NA,10,NA,NA
exp6_frontier,entangled_medium_hybrid_noema_baseline_4_posted_price,tokens_admitted,mechanism,0,NA,10,NA,NA
exp6_frontier,entangled_medium_hybrid_noema_baseline_4_posted_price,median_latency,mechanism,NA,NA,10,NA,NA
exp6_frontier,entangled_medium_hybrid_noema_baseline_4_posted_price,alloc_ratio,mechanism,0,NA,10,NA,NA
exp6_frontier,entangled_medium_hybrid_noema_baseline_4_posted_price,welfare_vs_posted_at_matched_volume,mechanism,NA,NA,10,NA,NA
exp6_frontier,entangled_medium_hybrid_noema_baseline_4_posted_price,welfare_vs_posted_at_matched_latency,mechanism,NA,NA,10,NA,NA
exp6_frontier,entangled_medium_hybrid_noema_baseline_4_posted_price_edf,welfare,mechanism,0,NA,10,NA,NA
exp6_frontier,entangled_medium_hybrid_noema_baseline_4_posted_price_edf,tokens_admitted,mechanism,0,NA,10,NA,NA
exp6_frontier,entangled_medium_hybrid_noema_baseline_4_posted_price_edf,median_latency,mechanism,NA,NA,10,NA,NA
exp6_frontier,entangled_medium_hybrid_noema_baseline_4_posted_price_edf,alloc_ratio,mechanism,0,NA,10,NA,NA
exp6_frontier,entangled_medium_hybrid_noema_baseline_4_posted_price_edf,welfare_vs_posted_at_matched_volume,mechanism,NA,NA,10,NA,NA
exp6_frontier,entangled_medium_hybrid_noema_baseline_4_posted_price_edf,welfare_vs_posted_at_matched_latency,mechanism,NA,NA,10,NA,NA
exp6_frontier,entangled_medium_hybrid_noema_baseline_4_posted_price_fcfs,welfare,mechanism,0,NA,10,NA,NA
exp6_frontier,entangled_medium_hybrid_noema_baseline_4_posted_price_fcfs,tokens_admitted,mechanism,0,NA,10,NA,NA
exp6_frontier,entangled_medium_hybrid_noema_baseline_4_posted_price_fcfs,median_latency,mechanism,NA,NA,10,NA,NA
exp6_frontier,entangled_medium_hybrid_noema_baseline_4_posted_price_fcfs,alloc_ratio,mechanism,0,NA,10,NA,NA
exp6_frontier,entangled_medium_hybrid_noema_baseline_4_posted_price_fcfs,welfare_vs_posted_at_matched_volume,mechanism,NA,NA,10,NA,NA
exp6_frontier,entangled_medium_hybrid_noema_baseline_4_posted_price_fcfs,welfare_vs_posted_at_matched_latency,mechanism,NA,NA,10,NA,NA
exp6_frontier,entangled_medium_hybrid_noema_baseline_4_posted_price_matched,welfare,mechanism,0,NA,10,NA,NA
exp6_frontier,entangled_medium_hybrid_noema_baseline_4_posted_price_matched,tokens_admitted,mechanism,0,NA,10,NA,NA
exp6_frontier,entangled_medium_hybrid_noema_baseline_4_posted_price_matched,median_latency,mechanism,NA,NA,10,NA,NA
exp6_frontier,entangled_medium_hybrid_noema_baseline_4_posted_price_matched,alloc_ratio,mechanism,0,NA,10,NA,NA
exp6_frontier,entangled_medium_hybrid_noema_baseline_4_posted_price_matched,welfare_vs_posted_at_matched_volume,mechanism,NA,NA,10,NA,NA
exp6_frontier,entangled_medium_hybrid_noema_baseline_4_posted_price_matched,welfare_vs_posted_at_matched_latency,mechanism,NA,NA,10,NA,NA
exp6_frontier,entangled_medium_hybrid_noema_calibrated_1_edf,welfare,mechanism,53.48605172411716,NA,10,NA,NA
exp6_frontier,entangled_medium_hybrid_noema_calibrated_1_edf,tokens_admitted,mechanism,72.562,NA,10,NA,NA
exp6_frontier,entangled_medium_hybrid_noema_calibrated_1_edf,median_latency,mechanism,73.92425915061186,NA,10,NA,NA
exp6_frontier,entangled_medium_hybrid_noema_calibrated_1_edf,alloc_ratio,mechanism,0.8204967780581971,NA,10,NA,NA
exp6_frontier,entangled_medium_hybrid_noema_calibrated_1_edf,welfare_vs_posted_at_matched_volume,mechanism,0.946664384607134,NA,10,NA,NA
exp6_frontier,entangled_medium_hybrid_noema_calibrated_1_edf,welfare_vs_posted_at_matched_latency,mechanism,0.9482255442694603,NA,10,NA,NA
exp6_frontier,entangled_medium_hybrid_noema_calibrated_1_greedy_ev,welfare,mechanism,56.499231377794715,NA,10,NA,NA
exp6_frontier,entangled_medium_hybrid_noema_calibrated_1_greedy_ev,tokens_admitted,mechanism,72.562,NA,10,NA,NA
exp6_frontier,entangled_medium_hybrid_noema_calibrated_1_greedy_ev,median_latency,mechanism,73.9182802193493,NA,10,NA,NA
exp6_frontier,entangled_medium_hybrid_noema_calibrated_1_greedy_ev,alloc_ratio,mechanism,0.8654957439324449,NA,10,NA,NA
exp6_frontier,entangled_medium_hybrid_noema_calibrated_1_greedy_ev,welfare_vs_posted_at_matched_volume,mechanism,1,NA,10,NA,NA
exp6_frontier,entangled_medium_hybrid_noema_calibrated_1_greedy_ev,welfare_vs_posted_at_matched_latency,mechanism,1,NA,10,NA,NA
exp6_frontier,entangled_medium_hybrid_noema_calibrated_1_k8s,welfare,mechanism,53.544057222103405,NA,10,NA,NA
exp6_frontier,entangled_medium_hybrid_noema_calibrated_1_k8s,tokens_admitted,mechanism,72.562,NA,10,NA,NA
exp6_frontier,entangled_medium_hybrid_noema_calibrated_1_k8s,median_latency,mechanism,73.79776151950762,NA,10,NA,NA
exp6_frontier,entangled_medium_hybrid_noema_calibrated_1_k8s,alloc_ratio,mechanism,0.8204256954105872,NA,10,NA,NA
exp6_frontier,entangled_medium_hybrid_noema_calibrated_1_k8s,welfare_vs_posted_at_matched_volume,mechanism,0.947694355925835,NA,10,NA,NA
exp6_frontier,entangled_medium_hybrid_noema_calibrated_1_k8s,welfare_vs_posted_at_matched_latency,mechanism,0.9559586373442933,NA,10,NA,NA
exp6_frontier,entangled_medium_hybrid_noema_calibrated_1_market,welfare,mechanism,56.10376350844342,NA,10,NA,NA
exp6_frontier,entangled_medium_hybrid_noema_calibrated_1_market,tokens_admitted,mechanism,71.85,NA,10,NA,NA
exp6_frontier,entangled_medium_hybrid_noema_calibrated_1_market,median_latency,mechanism,73.78990917851166,NA,10,NA,NA
exp6_frontier,entangled_medium_hybrid_noema_calibrated_1_market,alloc_ratio,mechanism,0.8587285800787816,NA,10,NA,NA
exp6_frontier,entangled_medium_hybrid_noema_calibrated_1_market,welfare_vs_posted_at_matched_volume,mechanism,0.9992784817947661,NA,10,NA,NA
exp6_frontier,entangled_medium_hybrid_noema_calibrated_1_market,welfare_vs_posted_at_matched_latency,mechanism,1.0022632488413818,NA,10,NA,NA
exp6_frontier,entangled_medium_hybrid_noema_calibrated_1_market_asc,welfare,mechanism,56.48392927157561,NA,10,NA,NA
exp6_frontier,entangled_medium_hybrid_noema_calibrated_1_market_asc,tokens_admitted,mechanism,72.531,NA,10,NA,NA
exp6_frontier,entangled_medium_hybrid_noema_calibrated_1_market_asc,median_latency,mechanism,73.90011659847832,NA,10,NA,NA
exp6_frontier,entangled_medium_hybrid_noema_calibrated_1_market_asc,alloc_ratio,mechanism,0.8652070733284797,NA,10,NA,NA
exp6_frontier,entangled_medium_hybrid_noema_calibrated_1_market_asc,welfare_vs_posted_at_matched_volume,mechanism,0.9999887472467058,NA,10,NA,NA
exp6_frontier,entangled_medium_hybrid_noema_calibrated_1_market_asc,welfare_vs_posted_at_matched_latency,mechanism,1.001869098840541,NA,10,NA,NA
exp6_frontier,entangled_medium_hybrid_noema_calibrated_1_market_cc,welfare,mechanism,38.56441658829312,NA,10,NA,NA
exp6_frontier,entangled_medium_hybrid_noema_calibrated_1_market_cc,tokens_admitted,mechanism,49.849000000000004,NA,10,NA,NA
exp6_frontier,entangled_medium_hybrid_noema_calibrated_1_market_cc,median_latency,mechanism,72.84544812160841,NA,10,NA,NA
exp6_frontier,entangled_medium_hybrid_noema_calibrated_1_market_cc,alloc_ratio,mechanism,0.5878840104153507,NA,10,NA,NA
exp6_frontier,entangled_medium_hybrid_noema_calibrated_1_market_cc,welfare_vs_posted_at_matched_volume,mechanism,0.9022243659469368,NA,10,NA,NA
exp6_frontier,entangled_medium_hybrid_noema_calibrated_1_market_cc,welfare_vs_posted_at_matched_latency,mechanism,0.751970953479153,NA,10,NA,NA
exp6_frontier,entangled_medium_hybrid_noema_calibrated_1_market_posted_slice,welfare,mechanism,56.47582986244048,NA,10,NA,NA
exp6_frontier,entangled_medium_hybrid_noema_calibrated_1_market_posted_slice,tokens_admitted,mechanism,72.4915,NA,10,NA,NA
exp6_frontier,entangled_medium_hybrid_noema_calibrated_1_market_posted_slice,median_latency,mechanism,73.90087708568663,NA,10,NA,NA
exp6_frontier,entangled_medium_hybrid_noema_calibrated_1_market_posted_slice,alloc_ratio,mechanism,0.865022267670001,NA,10,NA,NA
exp6_frontier,entangled_medium_hybrid_noema_calibrated_1_market_posted_slice,welfare_vs_posted_at_matched_volume,mechanism,1.0001964245989587,NA,10,NA,NA
exp6_frontier,entangled_medium_hybrid_noema_calibrated_1_market_posted_slice,welfare_vs_posted_at_matched_latency,mechanism,1.001145849210781,NA,10,NA,NA
exp6_frontier,entangled_medium_hybrid_noema_calibrated_1_posted_price,welfare,mechanism,56.499231377794715,NA,10,NA,NA
exp6_frontier,entangled_medium_hybrid_noema_calibrated_1_posted_price,tokens_admitted,mechanism,72.562,NA,10,NA,NA
exp6_frontier,entangled_medium_hybrid_noema_calibrated_1_posted_price,median_latency,mechanism,73.9182802193493,NA,10,NA,NA
exp6_frontier,entangled_medium_hybrid_noema_calibrated_1_posted_price,alloc_ratio,mechanism,0.8654957439324449,NA,10,NA,NA
exp6_frontier,entangled_medium_hybrid_noema_calibrated_1_posted_price,welfare_vs_posted_at_matched_volume,mechanism,NA,NA,10,NA,NA
exp6_frontier,entangled_medium_hybrid_noema_calibrated_1_posted_price,welfare_vs_posted_at_matched_latency,mechanism,NA,NA,10,NA,NA
exp6_frontier,entangled_medium_hybrid_noema_calibrated_1_posted_price_edf,welfare,mechanism,53.48578324112626,NA,10,NA,NA
exp6_frontier,entangled_medium_hybrid_noema_calibrated_1_posted_price_edf,tokens_admitted,mechanism,72.562,NA,10,NA,NA
exp6_frontier,entangled_medium_hybrid_noema_calibrated_1_posted_price_edf,median_latency,mechanism,73.92120799251812,NA,10,NA,NA
exp6_frontier,entangled_medium_hybrid_noema_calibrated_1_posted_price_edf,alloc_ratio,mechanism,0.8205721851810299,NA,10,NA,NA
exp6_frontier,entangled_medium_hybrid_noema_calibrated_1_posted_price_edf,welfare_vs_posted_at_matched_volume,mechanism,0.9466619927851274,NA,10,NA,NA
exp6_frontier,entangled_medium_hybrid_noema_calibrated_1_posted_price_edf,welfare_vs_posted_at_matched_latency,mechanism,0.9477978821013068,NA,10,NA,NA
exp6_frontier,entangled_medium_hybrid_noema_calibrated_1_posted_price_fcfs,welfare,mechanism,53.471019941486766,NA,10,NA,NA
exp6_frontier,entangled_medium_hybrid_noema_calibrated_1_posted_price_fcfs,tokens_admitted,mechanism,72.562,NA,10,NA,NA
exp6_frontier,entangled_medium_hybrid_noema_calibrated_1_posted_price_fcfs,median_latency,mechanism,73.91524568770353,NA,10,NA,NA
exp6_frontier,entangled_medium_hybrid_noema_calibrated_1_posted_price_fcfs,alloc_ratio,mechanism,0.8203217691655732,NA,10,NA,NA
exp6_frontier,entangled_medium_hybrid_noema_calibrated_1_posted_price_fcfs,welfare_vs_posted_at_matched_volume,mechanism,0.9464013225720653,NA,10,NA,NA
exp6_frontier,entangled_medium_hybrid_noema_calibrated_1_posted_price_fcfs,welfare_vs_posted_at_matched_latency,mechanism,0.9483985533176796,NA,10,NA,NA
exp6_frontier,entangled_medium_hybrid_noema_calibrated_1_posted_price_matched,welfare,mechanism,56.499231377794715,NA,10,NA,NA
exp6_frontier,entangled_medium_hybrid_noema_calibrated_1_posted_price_matched,tokens_admitted,mechanism,72.562,NA,10,NA,NA
exp6_frontier,entangled_medium_hybrid_noema_calibrated_1_posted_price_matched,median_latency,mechanism,73.9182802193493,NA,10,NA,NA
exp6_frontier,entangled_medium_hybrid_noema_calibrated_1_posted_price_matched,alloc_ratio,mechanism,0.8654957439324449,NA,10,NA,NA
exp6_frontier,entangled_medium_hybrid_noema_calibrated_1_posted_price_matched,welfare_vs_posted_at_matched_volume,mechanism,1,NA,10,NA,NA
exp6_frontier,entangled_medium_hybrid_noema_calibrated_1_posted_price_matched,welfare_vs_posted_at_matched_latency,mechanism,1,NA,10,NA,NA
exp6_frontier,entangled_medium_hybrid_noema_calibrated_1_random,welfare,mechanism,53.49320092457296,NA,10,NA,NA
exp6_frontier,entangled_medium_hybrid_noema_calibrated_1_random,tokens_admitted,mechanism,72.562,NA,10,NA,NA
exp6_frontier,entangled_medium_hybrid_noema_calibrated_1_random,median_latency,mechanism,73.92754703918143,NA,10,NA,NA
exp6_frontier,entangled_medium_hybrid_noema_calibrated_1_random,alloc_ratio,mechanism,0.820577722529264,NA,10,NA,NA
exp6_frontier,entangled_medium_hybrid_noema_calibrated_1_random,welfare_vs_posted_at_matched_volume,mechanism,0.9467930727486695,NA,10,NA,NA
exp6_frontier,entangled_medium_hybrid_noema_calibrated_1_random,welfare_vs_posted_at_matched_latency,mechanism,0.9517830383162363,NA,10,NA,NA
exp6_frontier,entangled_medium_hybrid_noema_calibrated_1.25_posted_price,welfare,mechanism,56.49210395039665,NA,10,NA,NA
exp6_frontier,entangled_medium_hybrid_noema_calibrated_1.25_posted_price,tokens_admitted,mechanism,72.545,NA,10,NA,NA
exp6_frontier,entangled_medium_hybrid_noema_calibrated_1.25_posted_price,median_latency,mechanism,73.91534097980522,NA,10,NA,NA
exp6_frontier,entangled_medium_hybrid_noema_calibrated_1.25_posted_price,alloc_ratio,mechanism,0.8653494557711184,NA,10,NA,NA
exp6_frontier,entangled_medium_hybrid_noema_calibrated_1.25_posted_price,welfare_vs_posted_at_matched_volume,mechanism,NA,NA,10,NA,NA
exp6_frontier,entangled_medium_hybrid_noema_calibrated_1.25_posted_price,welfare_vs_posted_at_matched_latency,mechanism,NA,NA,10,NA,NA
exp6_frontier,entangled_medium_hybrid_noema_calibrated_1.25_posted_price_edf,welfare,mechanism,53.507202656388145,NA,10,NA,NA
exp6_frontier,entangled_medium_hybrid_noema_calibrated_1.25_posted_price_edf,tokens_admitted,mechanism,72.5445,NA,10,NA,NA
exp6_frontier,entangled_medium_hybrid_noema_calibrated_1.25_posted_price_edf,median_latency,mechanism,73.91757826434248,NA,10,NA,NA
exp6_frontier,entangled_medium_hybrid_noema_calibrated_1.25_posted_price_edf,alloc_ratio,mechanism,0.8208593680951133,NA,10,NA,NA
exp6_frontier,entangled_medium_hybrid_noema_calibrated_1.25_posted_price_edf,welfare_vs_posted_at_matched_volume,mechanism,0.9471648416415945,NA,10,NA,NA
exp6_frontier,entangled_medium_hybrid_noema_calibrated_1.25_posted_price_edf,welfare_vs_posted_at_matched_latency,mechanism,0.9484619909446093,NA,10,NA,NA
exp6_frontier,entangled_medium_hybrid_noema_calibrated_1.25_posted_price_fcfs,welfare,mechanism,53.492874416418786,NA,10,NA,NA
exp6_frontier,entangled_medium_hybrid_noema_calibrated_1.25_posted_price_fcfs,tokens_admitted,mechanism,72.5445,NA,10,NA,NA
exp6_frontier,entangled_medium_hybrid_noema_calibrated_1.25_posted_price_fcfs,median_latency,mechanism,73.90987689535902,NA,10,NA,NA
exp6_frontier,entangled_medium_hybrid_noema_calibrated_1.25_posted_price_fcfs,alloc_ratio,mechanism,0.8206196210710364,NA,10,NA,NA
exp6_frontier,entangled_medium_hybrid_noema_calibrated_1.25_posted_price_fcfs,welfare_vs_posted_at_matched_volume,mechanism,0.9469118848434057,NA,10,NA,NA
exp6_frontier,entangled_medium_hybrid_noema_calibrated_1.25_posted_price_fcfs,welfare_vs_posted_at_matched_latency,mechanism,0.9491561144976924,NA,10,NA,NA
exp6_frontier,entangled_medium_hybrid_noema_calibrated_1.5_posted_price,welfare,mechanism,56.339233325796215,NA,10,NA,NA
exp6_frontier,entangled_medium_hybrid_noema_calibrated_1.5_posted_price,tokens_admitted,mechanism,72.2465,NA,10,NA,NA
exp6_frontier,entangled_medium_hybrid_noema_calibrated_1.5_posted_price,median_latency,mechanism,73.87942043253797,NA,10,NA,NA
exp6_frontier,entangled_medium_hybrid_noema_calibrated_1.5_posted_price,alloc_ratio,mechanism,0.8625762146502283,NA,10,NA,NA
exp6_frontier,entangled_medium_hybrid_noema_calibrated_1.5_posted_price,welfare_vs_posted_at_matched_volume,mechanism,NA,NA,10,NA,NA
exp6_frontier,entangled_medium_hybrid_noema_calibrated_1.5_posted_price,welfare_vs_posted_at_matched_latency,mechanism,NA,NA,10,NA,NA
exp6_frontier,entangled_medium_hybrid_noema_calibrated_1.5_posted_price_edf,welfare,mechanism,53.52411575499367,NA,10,NA,NA
exp6_frontier,entangled_medium_hybrid_noema_calibrated_1.5_posted_price_edf,tokens_admitted,mechanism,72.246,NA,10,NA,NA
exp6_frontier,entangled_medium_hybrid_noema_calibrated_1.5_posted_price_edf,median_latency,mechanism,73.88164643431446,NA,10,NA,NA
exp6_frontier,entangled_medium_hybrid_noema_calibrated_1.5_posted_price_edf,alloc_ratio,mechanism,0.8206342858099368,NA,10,NA,NA
exp6_frontier,entangled_medium_hybrid_noema_calibrated_1.5_posted_price_edf,welfare_vs_posted_at_matched_volume,mechanism,0.9500347409001292,NA,10,NA,NA
exp6_frontier,entangled_medium_hybrid_noema_calibrated_1.5_posted_price_edf,welfare_vs_posted_at_matched_latency,mechanism,0.9505131797711737,NA,10,NA,NA
exp6_frontier,entangled_medium_hybrid_noema_calibrated_1.5_posted_price_fcfs,welfare,mechanism,53.509673354072675,NA,10,NA,NA
exp6_frontier,entangled_medium_hybrid_noema_calibrated_1.5_posted_price_fcfs,tokens_admitted,mechanism,72.2455,NA,10,NA,NA
exp6_frontier,entangled_medium_hybrid_noema_calibrated_1.5_posted_price_fcfs,median_latency,mechanism,73.8773759984117,NA,10,NA,NA
exp6_frontier,entangled_medium_hybrid_noema_calibrated_1.5_posted_price_fcfs,alloc_ratio,mechanism,0.8204262607935393,NA,10,NA,NA
exp6_frontier,entangled_medium_hybrid_noema_calibrated_1.5_posted_price_fcfs,welfare_vs_posted_at_matched_volume,mechanism,0.9497826486016838,NA,10,NA,NA
exp6_frontier,entangled_medium_hybrid_noema_calibrated_1.5_posted_price_fcfs,welfare_vs_posted_at_matched_latency,mechanism,0.9509211950919255,NA,10,NA,NA
exp6_frontier,entangled_medium_hybrid_noema_calibrated_1.75_posted_price,welfare,mechanism,55.19012380243185,NA,10,NA,NA
exp6_frontier,entangled_medium_hybrid_noema_calibrated_1.75_posted_price,tokens_admitted,mechanism,69.907,NA,10,NA,NA
exp6_frontier,entangled_medium_hybrid_noema_calibrated_1.75_posted_price,median_latency,mechanism,73.5974618000479,NA,10,NA,NA
exp6_frontier,entangled_medium_hybrid_noema_calibrated_1.75_posted_price,alloc_ratio,mechanism,0.8419045359164274,NA,10,NA,NA
exp6_frontier,entangled_medium_hybrid_noema_calibrated_1.75_posted_price,welfare_vs_posted_at_matched_volume,mechanism,NA,NA,10,NA,NA
exp6_frontier,entangled_medium_hybrid_noema_calibrated_1.75_posted_price,welfare_vs_posted_at_matched_latency,mechanism,NA,NA,10,NA,NA
exp6_frontier,entangled_medium_hybrid_noema_calibrated_1.75_posted_price_edf,welfare,mechanism,53.799751527218724,NA,10,NA,NA
exp6_frontier,entangled_medium_hybrid_noema_calibrated_1.75_posted_price_edf,tokens_admitted,mechanism,69.904,NA,10,NA,NA
exp6_frontier,entangled_medium_hybrid_noema_calibrated_1.75_posted_price_edf,median_latency,mechanism,73.60469746461291,NA,10,NA,NA
exp6_frontier,entangled_medium_hybrid_noema_calibrated_1.75_posted_price_edf,alloc_ratio,mechanism,0.8215982648272315,NA,10,NA,NA
exp6_frontier,entangled_medium_hybrid_noema_calibrated_1.75_posted_price_edf,welfare_vs_posted_at_matched_volume,mechanism,0.9748401911002893,NA,10,NA,NA
exp6_frontier,entangled_medium_hybrid_noema_calibrated_1.75_posted_price_edf,welfare_vs_posted_at_matched_latency,mechanism,0.9743279085882608,NA,10,NA,NA
exp6_frontier,entangled_medium_hybrid_noema_calibrated_1.75_posted_price_fcfs,welfare,mechanism,53.78776381047004,NA,10,NA,NA
exp6_frontier,entangled_medium_hybrid_noema_calibrated_1.75_posted_price_fcfs,tokens_admitted,mechanism,69.9095,NA,10,NA,NA
exp6_frontier,entangled_medium_hybrid_noema_calibrated_1.75_posted_price_fcfs,median_latency,mechanism,73.60211767623858,NA,10,NA,NA
exp6_frontier,entangled_medium_hybrid_noema_calibrated_1.75_posted_price_fcfs,alloc_ratio,mechanism,0.8215038595457913,NA,10,NA,NA
exp6_frontier,entangled_medium_hybrid_noema_calibrated_1.75_posted_price_fcfs,welfare_vs_posted_at_matched_volume,mechanism,0.9745725931516013,NA,10,NA,NA
exp6_frontier,entangled_medium_hybrid_noema_calibrated_1.75_posted_price_fcfs,welfare_vs_posted_at_matched_latency,mechanism,0.974325769903295,NA,10,NA,NA
exp6_frontier,entangled_medium_hybrid_noema_calibrated_2_market_posted_slice,welfare,mechanism,56.48666860354495,NA,10,NA,NA
exp6_frontier,entangled_medium_hybrid_noema_calibrated_2_market_posted_slice,tokens_admitted,mechanism,72.5345,NA,10,NA,NA
exp6_frontier,entangled_medium_hybrid_noema_calibrated_2_market_posted_slice,median_latency,mechanism,73.90334069861917,NA,10,NA,NA
exp6_frontier,entangled_medium_hybrid_noema_calibrated_2_market_posted_slice,alloc_ratio,mechanism,0.8652288776023711,NA,10,NA,NA
exp6_frontier,entangled_medium_hybrid_noema_calibrated_2_market_posted_slice,welfare_vs_posted_at_matched_volume,mechanism,1.0000016510219574,NA,10,NA,NA
exp6_frontier,entangled_medium_hybrid_noema_calibrated_2_market_posted_slice,welfare_vs_posted_at_matched_latency,mechanism,1.0015210550827354,NA,10,NA,NA
exp6_frontier,entangled_medium_hybrid_noema_calibrated_2_posted_price,welfare,mechanism,51.946517345150475,NA,10,NA,NA
exp6_frontier,entangled_medium_hybrid_noema_calibrated_2_posted_price,tokens_admitted,mechanism,63.976,NA,10,NA,NA
exp6_frontier,entangled_medium_hybrid_noema_calibrated_2_posted_price,median_latency,mechanism,72.94303735101802,NA,10,NA,NA
exp6_frontier,entangled_medium_hybrid_noema_calibrated_2_posted_price,alloc_ratio,mechanism,0.785713521488566,NA,10,NA,NA
exp6_frontier,entangled_medium_hybrid_noema_calibrated_2_posted_price,welfare_vs_posted_at_matched_volume,mechanism,NA,NA,10,NA,NA
exp6_frontier,entangled_medium_hybrid_noema_calibrated_2_posted_price,welfare_vs_posted_at_matched_latency,mechanism,NA,NA,10,NA,NA
exp6_frontier,entangled_medium_hybrid_noema_calibrated_2_posted_price_edf,welfare,mechanism,51.53425253482554,NA,10,NA,NA
exp6_frontier,entangled_medium_hybrid_noema_calibrated_2_posted_price_edf,tokens_admitted,mechanism,63.978500000000004,NA,10,NA,NA
exp6_frontier,entangled_medium_hybrid_noema_calibrated_2_posted_price_edf,median_latency,mechanism,72.93280246324727,NA,10,NA,NA
exp6_frontier,entangled_medium_hybrid_noema_calibrated_2_posted_price_edf,alloc_ratio,mechanism,0.7798448990646989,NA,10,NA,NA
exp6_frontier,entangled_medium_hybrid_noema_calibrated_2_posted_price_edf,welfare_vs_posted_at_matched_volume,mechanism,0.9920435894403723,NA,10,NA,NA
exp6_frontier,entangled_medium_hybrid_noema_calibrated_2_posted_price_edf,welfare_vs_posted_at_matched_latency,mechanism,0.9936322130480998,NA,10,NA,NA
exp6_frontier,entangled_medium_hybrid_noema_calibrated_2_posted_price_fcfs,welfare,mechanism,51.53409027900494,NA,10,NA,NA
exp6_frontier,entangled_medium_hybrid_noema_calibrated_2_posted_price_fcfs,tokens_admitted,mechanism,63.980000000000004,NA,10,NA,NA
exp6_frontier,entangled_medium_hybrid_noema_calibrated_2_posted_price_fcfs,median_latency,mechanism,72.93754657427425,NA,10,NA,NA
exp6_frontier,entangled_medium_hybrid_noema_calibrated_2_posted_price_fcfs,alloc_ratio,mechanism,0.7798946535703523,NA,10,NA,NA
exp6_frontier,entangled_medium_hybrid_noema_calibrated_2_posted_price_fcfs,welfare_vs_posted_at_matched_volume,mechanism,0.9920244358663683,NA,10,NA,NA
exp6_frontier,entangled_medium_hybrid_noema_calibrated_2_posted_price_fcfs,welfare_vs_posted_at_matched_latency,mechanism,0.9930470750698311,NA,10,NA,NA
exp6_frontier,entangled_medium_hybrid_noema_calibrated_2_posted_price_matched,welfare,mechanism,51.946517345150475,NA,10,NA,NA
exp6_frontier,entangled_medium_hybrid_noema_calibrated_2_posted_price_matched,tokens_admitted,mechanism,63.976,NA,10,NA,NA
exp6_frontier,entangled_medium_hybrid_noema_calibrated_2_posted_price_matched,median_latency,mechanism,72.94303735101802,NA,10,NA,NA
exp6_frontier,entangled_medium_hybrid_noema_calibrated_2_posted_price_matched,alloc_ratio,mechanism,0.785713521488566,NA,10,NA,NA
exp6_frontier,entangled_medium_hybrid_noema_calibrated_2_posted_price_matched,welfare_vs_posted_at_matched_volume,mechanism,1,NA,10,NA,NA
exp6_frontier,entangled_medium_hybrid_noema_calibrated_2_posted_price_matched,welfare_vs_posted_at_matched_latency,mechanism,1,NA,10,NA,NA
exp6_frontier,entangled_medium_hybrid_noema_calibrated_2.25_posted_price,welfare,mechanism,47.06413065339468,NA,10,NA,NA
exp6_frontier,entangled_medium_hybrid_noema_calibrated_2.25_posted_price,tokens_admitted,mechanism,56.153999999999996,NA,10,NA,NA
exp6_frontier,entangled_medium_hybrid_noema_calibrated_2.25_posted_price,median_latency,mechanism,72.21603700403814,NA,10,NA,NA
exp6_frontier,entangled_medium_hybrid_noema_calibrated_2.25_posted_price,alloc_ratio,mechanism,0.7060202098990787,NA,10,NA,NA
exp6_frontier,entangled_medium_hybrid_noema_calibrated_2.25_posted_price,welfare_vs_posted_at_matched_volume,mechanism,NA,NA,10,NA,NA
exp6_frontier,entangled_medium_hybrid_noema_calibrated_2.25_posted_price,welfare_vs_posted_at_matched_latency,mechanism,NA,NA,10,NA,NA
exp6_frontier,entangled_medium_hybrid_noema_calibrated_2.25_posted_price_edf,welfare,mechanism,46.96321477910292,NA,10,NA,NA
exp6_frontier,entangled_medium_hybrid_noema_calibrated_2.25_posted_price_edf,tokens_admitted,mechanism,56.153,NA,10,NA,NA
exp6_frontier,entangled_medium_hybrid_noema_calibrated_2.25_posted_price_edf,median_latency,mechanism,72.21017901455964,NA,10,NA,NA
exp6_frontier,entangled_medium_hybrid_noema_calibrated_2.25_posted_price_edf,alloc_ratio,mechanism,0.7046129430676265,NA,10,NA,NA
exp6_frontier,entangled_medium_hybrid_noema_calibrated_2.25_posted_price_edf,welfare_vs_posted_at_matched_volume,mechanism,0.9978720097947803,NA,10,NA,NA
exp6_frontier,entangled_medium_hybrid_noema_calibrated_2.25_posted_price_edf,welfare_vs_posted_at_matched_latency,mechanism,0.9993591524987501,NA,10,NA,NA
exp6_frontier,entangled_medium_hybrid_noema_calibrated_2.25_posted_price_fcfs,welfare,mechanism,46.95853963132498,NA,10,NA,NA
exp6_frontier,entangled_medium_hybrid_noema_calibrated_2.25_posted_price_fcfs,tokens_admitted,mechanism,56.1495,NA,10,NA,NA
exp6_frontier,entangled_medium_hybrid_noema_calibrated_2.25_posted_price_fcfs,median_latency,mechanism,72.21354095929843,NA,10,NA,NA
exp6_frontier,entangled_medium_hybrid_noema_calibrated_2.25_posted_price_fcfs,alloc_ratio,mechanism,0.7045475157696948,NA,10,NA,NA
exp6_frontier,entangled_medium_hybrid_noema_calibrated_2.25_posted_price_fcfs,welfare_vs_posted_at_matched_volume,mechanism,0.9978217057067016,NA,10,NA,NA
exp6_frontier,entangled_medium_hybrid_noema_calibrated_2.25_posted_price_fcfs,welfare_vs_posted_at_matched_latency,mechanism,0.9987974485396881,NA,10,NA,NA
exp6_frontier,entangled_medium_hybrid_noema_calibrated_2.5_posted_price,welfare,mechanism,41.404077668307195,NA,10,NA,NA
exp6_frontier,entangled_medium_hybrid_noema_calibrated_2.5_posted_price,tokens_admitted,mechanism,47.891,NA,10,NA,NA
exp6_frontier,entangled_medium_hybrid_noema_calibrated_2.5_posted_price,median_latency,mechanism,71.6204975243092,NA,10,NA,NA
exp6_frontier,entangled_medium_hybrid_noema_calibrated_2.5_posted_price,alloc_ratio,mechanism,0.6169898656810725,NA,10,NA,NA
exp6_frontier,entangled_medium_hybrid_noema_calibrated_2.5_posted_price,welfare_vs_posted_at_matched_volume,mechanism,NA,NA,10,NA,NA
exp6_frontier,entangled_medium_hybrid_noema_calibrated_2.5_posted_price,welfare_vs_posted_at_matched_latency,mechanism,NA,NA,10,NA,NA
exp6_frontier,entangled_medium_hybrid_noema_calibrated_2.5_posted_price_edf,welfare,mechanism,41.388202818220186,NA,10,NA,NA
exp6_frontier,entangled_medium_hybrid_noema_calibrated_2.5_posted_price_edf,tokens_admitted,mechanism,47.89,NA,10,NA,NA
exp6_frontier,entangled_medium_hybrid_noema_calibrated_2.5_posted_price_edf,median_latency,mechanism,71.6131639053247,NA,10,NA,NA
exp6_frontier,entangled_medium_hybrid_noema_calibrated_2.5_posted_price_edf,alloc_ratio,mechanism,0.6167732906432131,NA,10,NA,NA
exp6_frontier,entangled_medium_hybrid_noema_calibrated_2.5_posted_price_edf,welfare_vs_posted_at_matched_volume,mechanism,0.9996383836173321,NA,10,NA,NA
exp6_frontier,entangled_medium_hybrid_noema_calibrated_2.5_posted_price_edf,welfare_vs_posted_at_matched_latency,mechanism,1.003048319827264,NA,10,NA,NA
exp6_frontier,entangled_medium_hybrid_noema_calibrated_2.5_posted_price_fcfs,welfare,mechanism,41.384126482434624,NA,10,NA,NA
exp6_frontier,entangled_medium_hybrid_noema_calibrated_2.5_posted_price_fcfs,tokens_admitted,mechanism,47.888,NA,10,NA,NA
exp6_frontier,entangled_medium_hybrid_noema_calibrated_2.5_posted_price_fcfs,median_latency,mechanism,71.61757379171483,NA,10,NA,NA
exp6_frontier,entangled_medium_hybrid_noema_calibrated_2.5_posted_price_fcfs,alloc_ratio,mechanism,0.6167384406974878,NA,10,NA,NA
exp6_frontier,entangled_medium_hybrid_noema_calibrated_2.5_posted_price_fcfs,welfare_vs_posted_at_matched_volume,mechanism,0.9995759851421321,NA,10,NA,NA
exp6_frontier,entangled_medium_hybrid_noema_calibrated_2.5_posted_price_fcfs,welfare_vs_posted_at_matched_latency,mechanism,1.0018466507299502,NA,10,NA,NA
exp6_frontier,entangled_medium_hybrid_noema_calibrated_3_posted_price,welfare,mechanism,29.311197128829356,NA,10,NA,NA
exp6_frontier,entangled_medium_hybrid_noema_calibrated_3_posted_price,tokens_admitted,mechanism,31.985500000000002,NA,10,NA,NA
exp6_frontier,entangled_medium_hybrid_noema_calibrated_3_posted_price,median_latency,mechanism,70.82665138942542,NA,10,NA,NA
exp6_frontier,entangled_medium_hybrid_noema_calibrated_3_posted_price,alloc_ratio,mechanism,0.43291034673034384,NA,10,NA,NA
exp6_frontier,entangled_medium_hybrid_noema_calibrated_3_posted_price,welfare_vs_posted_at_matched_volume,mechanism,NA,NA,10,NA,NA
exp6_frontier,entangled_medium_hybrid_noema_calibrated_3_posted_price,welfare_vs_posted_at_matched_latency,mechanism,NA,NA,10,NA,NA
exp6_frontier,entangled_medium_hybrid_noema_calibrated_3_posted_price_edf,welfare,mechanism,29.310166569534843,NA,10,NA,NA
exp6_frontier,entangled_medium_hybrid_noema_calibrated_3_posted_price_edf,tokens_admitted,mechanism,31.985500000000002,NA,10,NA,NA
exp6_frontier,entangled_medium_hybrid_noema_calibrated_3_posted_price_edf,median_latency,mechanism,70.82365689827463,NA,10,NA,NA
exp6_frontier,entangled_medium_hybrid_noema_calibrated_3_posted_price_edf,alloc_ratio,mechanism,0.43291034673034384,NA,10,NA,NA
exp6_frontier,entangled_medium_hybrid_noema_calibrated_3_posted_price_edf,welfare_vs_posted_at_matched_volume,mechanism,0.9999645907397781,NA,10,NA,NA
exp6_frontier,entangled_medium_hybrid_noema_calibrated_3_posted_price_edf,welfare_vs_posted_at_matched_latency,mechanism,0.9935165845174485,NA,10,NA,NA
exp6_frontier,entangled_medium_hybrid_noema_calibrated_3_posted_price_fcfs,welfare,mechanism,29.31088524315766,NA,10,NA,NA
exp6_frontier,entangled_medium_hybrid_noema_calibrated_3_posted_price_fcfs,tokens_admitted,mechanism,31.985500000000002,NA,10,NA,NA
exp6_frontier,entangled_medium_hybrid_noema_calibrated_3_posted_price_fcfs,median_latency,mechanism,70.82783880953521,NA,10,NA,NA
exp6_frontier,entangled_medium_hybrid_noema_calibrated_3_posted_price_fcfs,alloc_ratio,mechanism,0.43291034673034384,NA,10,NA,NA
exp6_frontier,entangled_medium_hybrid_noema_calibrated_3_posted_price_fcfs,welfare_vs_posted_at_matched_volume,mechanism,0.9999889742756634,NA,10,NA,NA
exp6_frontier,entangled_medium_hybrid_noema_calibrated_3_posted_price_fcfs,welfare_vs_posted_at_matched_latency,mechanism,0.9956030299506802,NA,10,NA,NA
exp6_frontier,entangled_medium_hybrid_noema_calibrated_4_posted_price,welfare,mechanism,0,NA,10,NA,NA
exp6_frontier,entangled_medium_hybrid_noema_calibrated_4_posted_price,tokens_admitted,mechanism,0,NA,10,NA,NA
exp6_frontier,entangled_medium_hybrid_noema_calibrated_4_posted_price,median_latency,mechanism,NA,NA,10,NA,NA
exp6_frontier,entangled_medium_hybrid_noema_calibrated_4_posted_price,alloc_ratio,mechanism,0,NA,10,NA,NA
exp6_frontier,entangled_medium_hybrid_noema_calibrated_4_posted_price,welfare_vs_posted_at_matched_volume,mechanism,NA,NA,10,NA,NA
exp6_frontier,entangled_medium_hybrid_noema_calibrated_4_posted_price,welfare_vs_posted_at_matched_latency,mechanism,NA,NA,10,NA,NA
exp6_frontier,entangled_medium_hybrid_noema_calibrated_4_posted_price_edf,welfare,mechanism,0,NA,10,NA,NA
exp6_frontier,entangled_medium_hybrid_noema_calibrated_4_posted_price_edf,tokens_admitted,mechanism,0,NA,10,NA,NA
exp6_frontier,entangled_medium_hybrid_noema_calibrated_4_posted_price_edf,median_latency,mechanism,NA,NA,10,NA,NA
exp6_frontier,entangled_medium_hybrid_noema_calibrated_4_posted_price_edf,alloc_ratio,mechanism,0,NA,10,NA,NA
exp6_frontier,entangled_medium_hybrid_noema_calibrated_4_posted_price_edf,welfare_vs_posted_at_matched_volume,mechanism,NA,NA,10,NA,NA
exp6_frontier,entangled_medium_hybrid_noema_calibrated_4_posted_price_edf,welfare_vs_posted_at_matched_latency,mechanism,NA,NA,10,NA,NA
exp6_frontier,entangled_medium_hybrid_noema_calibrated_4_posted_price_fcfs,welfare,mechanism,0,NA,10,NA,NA
exp6_frontier,entangled_medium_hybrid_noema_calibrated_4_posted_price_fcfs,tokens_admitted,mechanism,0,NA,10,NA,NA
exp6_frontier,entangled_medium_hybrid_noema_calibrated_4_posted_price_fcfs,median_latency,mechanism,NA,NA,10,NA,NA
exp6_frontier,entangled_medium_hybrid_noema_calibrated_4_posted_price_fcfs,alloc_ratio,mechanism,0,NA,10,NA,NA
exp6_frontier,entangled_medium_hybrid_noema_calibrated_4_posted_price_fcfs,welfare_vs_posted_at_matched_volume,mechanism,NA,NA,10,NA,NA
exp6_frontier,entangled_medium_hybrid_noema_calibrated_4_posted_price_fcfs,welfare_vs_posted_at_matched_latency,mechanism,NA,NA,10,NA,NA
exp6_frontier,entangled_medium_hybrid_noema_calibrated_4_posted_price_matched,welfare,mechanism,0,NA,10,NA,NA
exp6_frontier,entangled_medium_hybrid_noema_calibrated_4_posted_price_matched,tokens_admitted,mechanism,0,NA,10,NA,NA
exp6_frontier,entangled_medium_hybrid_noema_calibrated_4_posted_price_matched,median_latency,mechanism,NA,NA,10,NA,NA
exp6_frontier,entangled_medium_hybrid_noema_calibrated_4_posted_price_matched,alloc_ratio,mechanism,0,NA,10,NA,NA
exp6_frontier,entangled_medium_hybrid_noema_calibrated_4_posted_price_matched,welfare_vs_posted_at_matched_volume,mechanism,NA,NA,10,NA,NA
exp6_frontier,entangled_medium_hybrid_noema_calibrated_4_posted_price_matched,welfare_vs_posted_at_matched_latency,mechanism,NA,NA,10,NA,NA
exp6_frontier,entangled_medium_naive_baseline_1_edf,welfare,mechanism,37.42485667010308,NA,10,NA,NA
exp6_frontier,entangled_medium_naive_baseline_1_edf,tokens_admitted,mechanism,88.3555,NA,10,NA,NA
exp6_frontier,entangled_medium_naive_baseline_1_edf,median_latency,mechanism,168.07611956517533,NA,10,NA,NA
exp6_frontier,entangled_medium_naive_baseline_1_edf,alloc_ratio,mechanism,0.9944540742917252,NA,10,NA,NA
exp6_frontier,entangled_medium_naive_baseline_1_edf,welfare_vs_posted_at_matched_volume,mechanism,NA,NA,10,NA,NA
exp6_frontier,entangled_medium_naive_baseline_1_edf,welfare_vs_posted_at_matched_latency,mechanism,NA,NA,10,NA,NA
exp6_frontier,entangled_medium_naive_baseline_1_greedy_ev,welfare,mechanism,37.58159824223921,NA,10,NA,NA
exp6_frontier,entangled_medium_naive_baseline_1_greedy_ev,tokens_admitted,mechanism,88.373,NA,10,NA,NA
exp6_frontier,entangled_medium_naive_baseline_1_greedy_ev,median_latency,mechanism,166.99602949238079,NA,10,NA,NA
exp6_frontier,entangled_medium_naive_baseline_1_greedy_ev,alloc_ratio,mechanism,0.999805779321568,NA,10,NA,NA
exp6_frontier,entangled_medium_naive_baseline_1_greedy_ev,welfare_vs_posted_at_matched_volume,mechanism,NA,NA,10,NA,NA
exp6_frontier,entangled_medium_naive_baseline_1_greedy_ev,welfare_vs_posted_at_matched_latency,mechanism,NA,NA,10,NA,NA
exp6_frontier,entangled_medium_naive_baseline_1_k8s,welfare,mechanism,37.78750673413765,NA,10,NA,NA
exp6_frontier,entangled_medium_naive_baseline_1_k8s,tokens_admitted,mechanism,88.39150000000001,NA,10,NA,NA
exp6_frontier,entangled_medium_naive_baseline_1_k8s,median_latency,mechanism,165.33255841358022,NA,10,NA,NA
exp6_frontier,entangled_medium_naive_baseline_1_k8s,alloc_ratio,mechanism,0.9948746367882533,NA,10,NA,NA
exp6_frontier,entangled_medium_naive_baseline_1_k8s,welfare_vs_posted_at_matched_volume,mechanism,NA,NA,10,NA,NA
exp6_frontier,entangled_medium_naive_baseline_1_k8s,welfare_vs_posted_at_matched_latency,mechanism,0.9993071613043781,NA,10,NA,NA
exp6_frontier,entangled_medium_naive_baseline_1_market,welfare,mechanism,38.90046180477066,NA,10,NA,NA
exp6_frontier,entangled_medium_naive_baseline_1_market,tokens_admitted,mechanism,88.103,NA,10,NA,NA
exp6_frontier,entangled_medium_naive_baseline_1_market,median_latency,mechanism,157.94960630771342,NA,10,NA,NA
exp6_frontier,entangled_medium_naive_baseline_1_market,alloc_ratio,mechanism,0.9969076779773762,NA,10,NA,NA
exp6_frontier,entangled_medium_naive_baseline_1_market,welfare_vs_posted_at_matched_volume,mechanism,1.0182662980089974,NA,10,NA,NA
exp6_frontier,entangled_medium_naive_baseline_1_market,welfare_vs_posted_at_matched_latency,mechanism,0.9908248432739777,NA,10,NA,NA
exp6_frontier,entangled_medium_naive_baseline_1_market_asc,welfare,mechanism,39.19034138439711,NA,10,NA,NA
exp6_frontier,entangled_medium_naive_baseline_1_market_asc,tokens_admitted,mechanism,88.0925,NA,10,NA,NA
exp6_frontier,entangled_medium_naive_baseline_1_market_asc,median_latency,mechanism,154.91853955332917,NA,10,NA,NA
exp6_frontier,entangled_medium_naive_baseline_1_market_asc,alloc_ratio,mechanism,0.9967450102854081,NA,10,NA,NA
exp6_frontier,entangled_medium_naive_baseline_1_market_asc,welfare_vs_posted_at_matched_volume,mechanism,1.0248190779310438,NA,10,NA,NA
exp6_frontier,entangled_medium_naive_baseline_1_market_asc,welfare_vs_posted_at_matched_latency,mechanism,0.9839337370242389,NA,10,NA,NA
exp6_frontier,entangled_medium_naive_baseline_1_market_cc,welfare,mechanism,35.33503774477346,NA,10,NA,NA
exp6_frontier,entangled_medium_naive_baseline_1_market_cc,tokens_admitted,mechanism,71.96,NA,10,NA,NA
exp6_frontier,entangled_medium_naive_baseline_1_market_cc,median_latency,mechanism,135.9045169709119,NA,10,NA,NA
exp6_frontier,entangled_medium_naive_baseline_1_market_cc,alloc_ratio,mechanism,0.8148503420879002,NA,10,NA,NA
exp6_frontier,entangled_medium_naive_baseline_1_market_cc,welfare_vs_posted_at_matched_volume,mechanism,0.6954423798515461,NA,10,NA,NA
exp6_frontier,entangled_medium_naive_baseline_1_market_cc,welfare_vs_posted_at_matched_latency,mechanism,0.8140428435222083,NA,10,NA,NA
exp6_frontier,entangled_medium_naive_baseline_1_posted_price,welfare,mechanism,38.07683028923698,NA,10,NA,NA
exp6_frontier,entangled_medium_naive_baseline_1_posted_price,tokens_admitted,mechanism,88.1655,NA,10,NA,NA
exp6_frontier,entangled_medium_naive_baseline_1_posted_price,median_latency,mechanism,164.2490397112666,NA,10,NA,NA
exp6_frontier,entangled_medium_naive_baseline_1_posted_price,alloc_ratio,mechanism,0.9979907479101787,NA,10,NA,NA
exp6_frontier,entangled_medium_naive_baseline_1_posted_price,welfare_vs_posted_at_matched_volume,mechanism,NA,NA,10,NA,NA
exp6_frontier,entangled_medium_naive_baseline_1_posted_price,welfare_vs_posted_at_matched_latency,mechanism,NA,NA,10,NA,NA
exp6_frontier,entangled_medium_naive_baseline_1_posted_price_edf,welfare,mechanism,37.94377551878019,NA,10,NA,NA
exp6_frontier,entangled_medium_naive_baseline_1_posted_price_edf,tokens_admitted,mechanism,88.1455,NA,10,NA,NA
exp6_frontier,entangled_medium_naive_baseline_1_posted_price_edf,median_latency,mechanism,165.4255155653893,NA,10,NA,NA
exp6_frontier,entangled_medium_naive_baseline_1_posted_price_edf,alloc_ratio,mechanism,0.9927463743494087,NA,10,NA,NA
exp6_frontier,entangled_medium_naive_baseline_1_posted_price_edf,welfare_vs_posted_at_matched_volume,mechanism,0.9954656560542036,NA,10,NA,NA
exp6_frontier,entangled_medium_naive_baseline_1_posted_price_edf,welfare_vs_posted_at_matched_latency,mechanism,NA,NA,10,NA,NA
exp6_frontier,entangled_medium_naive_baseline_1_posted_price_fcfs,welfare,mechanism,37.94096000733715,NA,10,NA,NA
exp6_frontier,entangled_medium_naive_baseline_1_posted_price_fcfs,tokens_admitted,mechanism,88.146,NA,10,NA,NA
exp6_frontier,entangled_medium_naive_baseline_1_posted_price_fcfs,median_latency,mechanism,165.34100778746776,NA,10,NA,NA
exp6_frontier,entangled_medium_naive_baseline_1_posted_price_fcfs,alloc_ratio,mechanism,0.9927776668648742,NA,10,NA,NA
exp6_frontier,entangled_medium_naive_baseline_1_posted_price_fcfs,welfare_vs_posted_at_matched_volume,mechanism,0.9951974304541967,NA,10,NA,NA
exp6_frontier,entangled_medium_naive_baseline_1_posted_price_fcfs,welfare_vs_posted_at_matched_latency,mechanism,0.9954720086257736,NA,10,NA,NA
exp6_frontier,entangled_medium_naive_baseline_1_posted_price_matched,welfare,mechanism,37.616103310087524,NA,10,NA,NA
exp6_frontier,entangled_medium_naive_baseline_1_posted_price_matched,tokens_admitted,mechanism,88.357,NA,10,NA,NA
exp6_frontier,entangled_medium_naive_baseline_1_posted_price_matched,median_latency,mechanism,166.82405127771298,NA,10,NA,NA
exp6_frontier,entangled_medium_naive_baseline_1_posted_price_matched,alloc_ratio,mechanism,0.9996710585688686,NA,10,NA,NA
exp6_frontier,entangled_medium_naive_baseline_1_posted_price_matched,welfare_vs_posted_at_matched_volume,mechanism,NA,NA,10,NA,NA
exp6_frontier,entangled_medium_naive_baseline_1_posted_price_matched,welfare_vs_posted_at_matched_latency,mechanism,NA,NA,10,NA,NA
exp6_frontier,entangled_medium_naive_baseline_1_random,welfare,mechanism,37.45227651485625,NA,10,NA,NA
exp6_frontier,entangled_medium_naive_baseline_1_random,tokens_admitted,mechanism,88.351,NA,10,NA,NA
exp6_frontier,entangled_medium_naive_baseline_1_random,median_latency,mechanism,168.13569050819152,NA,10,NA,NA
exp6_frontier,entangled_medium_naive_baseline_1_random,alloc_ratio,mechanism,0.9945271188045022,NA,10,NA,NA
exp6_frontier,entangled_medium_naive_baseline_1_random,welfare_vs_posted_at_matched_volume,mechanism,NA,NA,10,NA,NA
exp6_frontier,entangled_medium_naive_baseline_1_random,welfare_vs_posted_at_matched_latency,mechanism,NA,NA,10,NA,NA
exp6_frontier,entangled_medium_naive_baseline_1.25_posted_price,welfare,mechanism,43.21996784941917,NA,10,NA,NA
exp6_frontier,entangled_medium_naive_baseline_1.25_posted_price,tokens_admitted,mechanism,85.856,NA,10,NA,NA
exp6_frontier,entangled_medium_naive_baseline_1.25_posted_price,median_latency,mechanism,136.90372844836756,NA,10,NA,NA
exp6_frontier,entangled_medium_naive_baseline_1.25_posted_price,alloc_ratio,mechanism,0.9781104562990475,NA,10,NA,NA
exp6_frontier,entangled_medium_naive_baseline_1.25_posted_price,welfare_vs_posted_at_matched_volume,mechanism,NA,NA,10,NA,NA
exp6_frontier,entangled_medium_naive_baseline_1.25_posted_price,welfare_vs_posted_at_matched_latency,mechanism,NA,NA,10,NA,NA
exp6_frontier,entangled_medium_naive_baseline_1.25_posted_price_edf,welfare,mechanism,43.23645697801648,NA,10,NA,NA
exp6_frontier,entangled_medium_naive_baseline_1.25_posted_price_edf,tokens_admitted,mechanism,85.8745,NA,10,NA,NA
exp6_frontier,entangled_medium_naive_baseline_1.25_posted_price_edf,median_latency,mechanism,136.66789748022825,NA,10,NA,NA
exp6_frontier,entangled_medium_naive_baseline_1.25_posted_price_edf,alloc_ratio,mechanism,0.9757067650881489,NA,10,NA,NA
exp6_frontier,entangled_medium_naive_baseline_1.25_posted_price_edf,welfare_vs_posted_at_matched_volume,mechanism,1.0013657141872003,NA,10,NA,NA
exp6_frontier,entangled_medium_naive_baseline_1.25_posted_price_edf,welfare_vs_posted_at_matched_latency,mechanism,0.9994379854596686,NA,10,NA,NA
exp6_frontier,entangled_medium_naive_baseline_1.25_posted_price_fcfs,welfare,mechanism,43.21803710397927,NA,10,NA,NA
exp6_frontier,entangled_medium_naive_baseline_1.25_posted_price_fcfs,tokens_admitted,mechanism,85.873,NA,10,NA,NA
exp6_frontier,entangled_medium_naive_baseline_1.25_posted_price_fcfs,median_latency,mechanism,136.49279423555691,NA,10,NA,NA
exp6_frontier,entangled_medium_naive_baseline_1.25_posted_price_fcfs,alloc_ratio,mechanism,0.9756975126221765,NA,10,NA,NA
exp6_frontier,entangled_medium_naive_baseline_1.25_posted_price_fcfs,welfare_vs_posted_at_matched_volume,mechanism,1.0008165695363587,NA,10,NA,NA
exp6_frontier,entangled_medium_naive_baseline_1.25_posted_price_fcfs,welfare_vs_posted_at_matched_latency,mechanism,0.9982518922132684,NA,10,NA,NA
exp6_frontier,entangled_medium_naive_baseline_1.5_posted_price,welfare,mechanism,48.68728478106475,NA,10,NA,NA
exp6_frontier,entangled_medium_naive_baseline_1.5_posted_price,tokens_admitted,mechanism,81.761,NA,10,NA,NA
exp6_frontier,entangled_medium_naive_baseline_1.5_posted_price,median_latency,mechanism,106.74386444445088,NA,10,NA,NA
exp6_frontier,entangled_medium_naive_baseline_1.5_posted_price,alloc_ratio,mechanism,0.9395666486617363,NA,10,NA,NA
exp6_frontier,entangled_medium_naive_baseline_1.5_posted_price,welfare_vs_posted_at_matched_volume,mechanism,NA,NA,10,NA,NA
exp6_frontier,entangled_medium_naive_baseline_1.5_posted_price,welfare_vs_posted_at_matched_latency,mechanism,NA,NA,10,NA,NA
exp6_frontier,entangled_medium_naive_baseline_1.5_posted_price_edf,welfare,mechanism,48.71667466062034,NA,10,NA,NA
exp6_frontier,entangled_medium_naive_baseline_1.5_posted_price_edf,tokens_admitted,mechanism,81.77,NA,10,NA,NA
exp6_frontier,entangled_medium_naive_baseline_1.5_posted_price_edf,median_latency,mechanism,106.50297605050157,NA,10,NA,NA
exp6_frontier,entangled_medium_naive_baseline_1.5_posted_price_edf,alloc_ratio,mechanism,0.9388514157139336,NA,10,NA,NA
exp6_frontier,entangled_medium_naive_baseline_1.5_posted_price_edf,welfare_vs_posted_at_matched_volume,mechanism,1.0009049992069603,NA,10,NA,NA
exp6_frontier,entangled_medium_naive_baseline_1.5_posted_price_edf,welfare_vs_posted_at_matched_latency,mechanism,1.000068561268837,NA,10,NA,NA
exp6_frontier,entangled_medium_naive_baseline_1.5_posted_price_fcfs,welfare,mechanism,48.69340187377439,NA,10,NA,NA
exp6_frontier,entangled_medium_naive_baseline_1.5_posted_price_fcfs,tokens_admitted,mechanism,81.765,NA,10,NA,NA
exp6_frontier,entangled_medium_naive_baseline_1.5_posted_price_fcfs,median_latency,mechanism,106.62343301658993,NA,10,NA,NA
exp6_frontier,entangled_medium_naive_baseline_1.5_posted_price_fcfs,alloc_ratio,mechanism,0.9387905047989823,NA,10,NA,NA
exp6_frontier,entangled_medium_naive_baseline_1.5_posted_price_fcfs,welfare_vs_posted_at_matched_volume,mechanism,1.0003114656638616,NA,10,NA,NA
exp6_frontier,entangled_medium_naive_baseline_1.5_posted_price_fcfs,welfare_vs_posted_at_matched_latency,mechanism,0.9999250465287477,NA,10,NA,NA
exp6_frontier,entangled_medium_naive_baseline_1.75_posted_price,welfare,mechanism,51.26005468072946,NA,10,NA,NA
exp6_frontier,entangled_medium_naive_baseline_1.75_posted_price,tokens_admitted,mechanism,73.3255,NA,10,NA,NA
exp6_frontier,entangled_medium_naive_baseline_1.75_posted_price,median_latency,mechanism,84.97235969621389,NA,10,NA,NA
exp6_frontier,entangled_medium_naive_baseline_1.75_posted_price,alloc_ratio,mechanism,0.8630192885883124,NA,10,NA,NA
exp6_frontier,entangled_medium_naive_baseline_1.75_posted_price,welfare_vs_posted_at_matched_volume,mechanism,NA,NA,10,NA,NA
exp6_frontier,entangled_medium_naive_baseline_1.75_posted_price,welfare_vs_posted_at_matched_latency,mechanism,NA,NA,10,NA,NA
exp6_frontier,entangled_medium_naive_baseline_1.75_posted_price_edf,welfare,mechanism,51.26291824739922,NA,10,NA,NA
exp6_frontier,entangled_medium_naive_baseline_1.75_posted_price_edf,tokens_admitted,mechanism,73.3275,NA,10,NA,NA
exp6_frontier,entangled_medium_naive_baseline_1.75_posted_price_edf,median_latency,mechanism,84.96465180121243,NA,10,NA,NA
exp6_frontier,entangled_medium_naive_baseline_1.75_posted_price_edf,alloc_ratio,mechanism,0.8629623132960371,NA,10,NA,NA
exp6_frontier,entangled_medium_naive_baseline_1.75_posted_price_edf,welfare_vs_posted_at_matched_volume,mechanism,1.0000740039445268,NA,10,NA,NA
exp6_frontier,entangled_medium_naive_baseline_1.75_posted_price_edf,welfare_vs_posted_at_matched_latency,mechanism,1.0004149673096725,NA,10,NA,NA
exp6_frontier,entangled_medium_naive_baseline_1.75_posted_price_fcfs,welfare,mechanism,51.26047871285911,NA,10,NA,NA
exp6_frontier,entangled_medium_naive_baseline_1.75_posted_price_fcfs,tokens_admitted,mechanism,73.3255,NA,10,NA,NA
exp6_frontier,entangled_medium_naive_baseline_1.75_posted_price_fcfs,median_latency,mechanism,84.92870846231004,NA,10,NA,NA
exp6_frontier,entangled_medium_naive_baseline_1.75_posted_price_fcfs,alloc_ratio,mechanism,0.8629409194032506,NA,10,NA,NA
exp6_frontier,entangled_medium_naive_baseline_1.75_posted_price_fcfs,welfare_vs_posted_at_matched_volume,mechanism,1.0000190628721561,NA,10,NA,NA
exp6_frontier,entangled_medium_naive_baseline_1.75_posted_price_fcfs,welfare_vs_posted_at_matched_latency,mechanism,1.0003933112518142,NA,10,NA,NA
exp6_frontier,entangled_medium_naive_baseline_2_posted_price,welfare,mechanism,48.48707309776972,NA,10,NA,NA
exp6_frontier,entangled_medium_naive_baseline_2_posted_price,tokens_admitted,mechanism,63.1425,NA,10,NA,NA
exp6_frontier,entangled_medium_naive_baseline_2_posted_price,median_latency,mechanism,77.53840760008296,NA,10,NA,NA
exp6_frontier,entangled_medium_naive_baseline_2_posted_price,alloc_ratio,mechanism,0.7667847889317368,NA,10,NA,NA
exp6_frontier,entangled_medium_naive_baseline_2_posted_price,welfare_vs_posted_at_matched_volume,mechanism,NA,NA,10,NA,NA
exp6_frontier,entangled_medium_naive_baseline_2_posted_price,welfare_vs_posted_at_matched_latency,mechanism,NA,NA,10,NA,NA
exp6_frontier,entangled_medium_naive_baseline_2_posted_price_edf,welfare,mechanism,48.48219253334592,NA,10,NA,NA
exp6_frontier,entangled_medium_naive_baseline_2_posted_price_edf,tokens_admitted,mechanism,63.1425,NA,10,NA,NA
exp6_frontier,entangled_medium_naive_baseline_2_posted_price_edf,median_latency,mechanism,77.53838533091056,NA,10,NA,NA
exp6_frontier,entangled_medium_naive_baseline_2_posted_price_edf,alloc_ratio,mechanism,0.7667847889317368,NA,10,NA,NA
exp6_frontier,entangled_medium_naive_baseline_2_posted_price_edf,welfare_vs_posted_at_matched_volume,mechanism,0.9998988585927036,NA,10,NA,NA
exp6_frontier,entangled_medium_naive_baseline_2_posted_price_edf,welfare_vs_posted_at_matched_latency,mechanism,1.0001550552506997,NA,10,NA,NA
exp6_frontier,entangled_medium_naive_baseline_2_posted_price_fcfs,welfare,mechanism,48.48268142022535,NA,10,NA,NA
exp6_frontier,entangled_medium_naive_baseline_2_posted_price_fcfs,tokens_admitted,mechanism,63.1425,NA,10,NA,NA
exp6_frontier,entangled_medium_naive_baseline_2_posted_price_fcfs,median_latency,mechanism,77.55093814008293,NA,10,NA,NA
exp6_frontier,entangled_medium_naive_baseline_2_posted_price_fcfs,alloc_ratio,mechanism,0.7667847889317368,NA,10,NA,NA
exp6_frontier,entangled_medium_naive_baseline_2_posted_price_fcfs,welfare_vs_posted_at_matched_volume,mechanism,0.9999095705022679,NA,10,NA,NA
exp6_frontier,entangled_medium_naive_baseline_2_posted_price_fcfs,welfare_vs_posted_at_matched_latency,mechanism,0.9999220970337,NA,10,NA,NA
exp6_frontier,entangled_medium_naive_baseline_2_posted_price_matched,welfare,mechanism,49.654451191817515,NA,10,NA,NA
exp6_frontier,entangled_medium_naive_baseline_2_posted_price_matched,tokens_admitted,mechanism,68.577,NA,10,NA,NA
exp6_frontier,entangled_medium_naive_baseline_2_posted_price_matched,median_latency,mechanism,84.75207447398243,NA,10,NA,NA
exp6_frontier,entangled_medium_naive_baseline_2_posted_price_matched,alloc_ratio,mechanism,0.8278463264926911,NA,10,NA,NA
exp6_frontier,entangled_medium_naive_baseline_2_posted_price_matched,welfare_vs_posted_at_matched_volume,mechanism,0.9937773036448826,NA,10,NA,NA
exp6_frontier,entangled_medium_naive_baseline_2_posted_price_matched,welfare_vs_posted_at_matched_latency,mechanism,0.9724725618812657,NA,10,NA,NA
exp6_frontier,entangled_medium_naive_baseline_2.25_posted_price,welfare,mechanism,43.42050359638907,NA,10,NA,NA
exp6_frontier,entangled_medium_naive_baseline_2.25_posted_price,tokens_admitted,mechanism,53.4895,NA,10,NA,NA
exp6_frontier,entangled_medium_naive_baseline_2.25_posted_price,median_latency,mechanism,74.84837899789713,NA,10,NA,NA
exp6_frontier,entangled_medium_naive_baseline_2.25_posted_price,alloc_ratio,mechanism,0.6683633570520864,NA,10,NA,NA
exp6_frontier,entangled_medium_naive_baseline_2.25_posted_price,welfare_vs_posted_at_matched_volume,mechanism,NA,NA,10,NA,NA
exp6_frontier,entangled_medium_naive_baseline_2.25_posted_price,welfare_vs_posted_at_matched_latency,mechanism,NA,NA,10,NA,NA
exp6_frontier,entangled_medium_naive_baseline_2.25_posted_price_edf,welfare,mechanism,43.420089031097916,NA,10,NA,NA
exp6_frontier,entangled_medium_naive_baseline_2.25_posted_price_edf,tokens_admitted,mechanism,53.4895,NA,10,NA,NA
exp6_frontier,entangled_medium_naive_baseline_2.25_posted_price_edf,median_latency,mechanism,74.83369553392261,NA,10,NA,NA
exp6_frontier,entangled_medium_naive_baseline_2.25_posted_price_edf,alloc_ratio,mechanism,0.6683633570520864,NA,10,NA,NA
exp6_frontier,entangled_medium_naive_baseline_2.25_posted_price_edf,welfare_vs_posted_at_matched_volume,mechanism,0.9999902721330798,NA,10,NA,NA
exp6_frontier,entangled_medium_naive_baseline_2.25_posted_price_edf,welfare_vs_posted_at_matched_latency,mechanism,1.0014963242311317,NA,10,NA,NA
exp6_frontier,entangled_medium_naive_baseline_2.25_posted_price_fcfs,welfare,mechanism,43.41797675131967,NA,10,NA,NA
exp6_frontier,entangled_medium_naive_baseline_2.25_posted_price_fcfs,tokens_admitted,mechanism,53.4895,NA,10,NA,NA
exp6_frontier,entangled_medium_naive_baseline_2.25_posted_price_fcfs,median_latency,mechanism,74.84280880995526,NA,10,NA,NA
exp6_frontier,entangled_medium_naive_baseline_2.25_posted_price_fcfs,alloc_ratio,mechanism,0.6683633570520864,NA,10,NA,NA
exp6_frontier,entangled_medium_naive_baseline_2.25_posted_price_fcfs,welfare_vs_posted_at_matched_volume,mechanism,0.9999414185055459,NA,10,NA,NA
exp6_frontier,entangled_medium_naive_baseline_2.25_posted_price_fcfs,welfare_vs_posted_at_matched_latency,mechanism,1.0006811956464658,NA,10,NA,NA
exp6_frontier,entangled_medium_naive_baseline_2.5_posted_price,welfare,mechanism,37.48129901246217,NA,10,NA,NA
exp6_frontier,entangled_medium_naive_baseline_2.5_posted_price,tokens_admitted,mechanism,44.3675,NA,10,NA,NA
exp6_frontier,entangled_medium_naive_baseline_2.5_posted_price,median_latency,mechanism,73.35661270853356,NA,10,NA,NA
exp6_frontier,entangled_medium_naive_baseline_2.5_posted_price,alloc_ratio,mechanism,0.5682405296975312,NA,10,NA,NA
exp6_frontier,entangled_medium_naive_baseline_2.5_posted_price,welfare_vs_posted_at_matched_volume,mechanism,NA,NA,10,NA,NA
exp6_frontier,entangled_medium_naive_baseline_2.5_posted_price,welfare_vs_posted_at_matched_latency,mechanism,NA,NA,10,NA,NA
exp6_frontier,entangled_medium_naive_baseline_2.5_posted_price_edf,welfare,mechanism,37.4791118615805,NA,10,NA,NA
exp6_frontier,entangled_medium_naive_baseline_2.5_posted_price_edf,tokens_admitted,mechanism,44.3675,NA,10,NA,NA
exp6_frontier,entangled_medium_naive_baseline_2.5_posted_price_edf,median_latency,mechanism,73.35933597090778,NA,10,NA,NA
exp6_frontier,entangled_medium_naive_baseline_2.5_posted_price_edf,alloc_ratio,mechanism,0.5682405296975312,NA,10,NA,NA
exp6_frontier,entangled_medium_naive_baseline_2.5_posted_price_edf,welfare_vs_posted_at_matched_volume,mechanism,0.999941236691873,NA,10,NA,NA
exp6_frontier,entangled_medium_naive_baseline_2.5_posted_price_edf,welfare_vs_posted_at_matched_latency,mechanism,1.0004478714045444,NA,10,NA,NA
exp6_frontier,entangled_medium_naive_baseline_2.5_posted_price_fcfs,welfare,mechanism,37.47919309758751,NA,10,NA,NA
exp6_frontier,entangled_medium_naive_baseline_2.5_posted_price_fcfs,tokens_admitted,mechanism,44.3675,NA,10,NA,NA
exp6_frontier,entangled_medium_naive_baseline_2.5_posted_price_fcfs,median_latency,mechanism,73.34779187733928,NA,10,NA,NA
exp6_frontier,entangled_medium_naive_baseline_2.5_posted_price_fcfs,alloc_ratio,mechanism,0.5682405296975312,NA,10,NA,NA
exp6_frontier,entangled_medium_naive_baseline_2.5_posted_price_fcfs,welfare_vs_posted_at_matched_volume,mechanism,0.9999440350747302,NA,10,NA,NA
exp6_frontier,entangled_medium_naive_baseline_2.5_posted_price_fcfs,welfare_vs_posted_at_matched_latency,mechanism,1.0020797875826588,NA,10,NA,NA
exp6_frontier,entangled_medium_naive_baseline_3_posted_price,welfare,mechanism,25.17751364800555,NA,10,NA,NA
exp6_frontier,entangled_medium_naive_baseline_3_posted_price,tokens_admitted,mechanism,28.0565,NA,10,NA,NA
exp6_frontier,entangled_medium_naive_baseline_3_posted_price,median_latency,mechanism,71.68461608425126,NA,10,NA,NA
exp6_frontier,entangled_medium_naive_baseline_3_posted_price,alloc_ratio,mechanism,0.3751655812100299,NA,10,NA,NA
exp6_frontier,entangled_medium_naive_baseline_3_posted_price,welfare_vs_posted_at_matched_volume,mechanism,NA,NA,10,NA,NA
exp6_frontier,entangled_medium_naive_baseline_3_posted_price,welfare_vs_posted_at_matched_latency,mechanism,NA,NA,10,NA,NA
exp6_frontier,entangled_medium_naive_baseline_3_posted_price_edf,welfare,mechanism,25.177255003744058,NA,10,NA,NA
exp6_frontier,entangled_medium_naive_baseline_3_posted_price_edf,tokens_admitted,mechanism,28.0565,NA,10,NA,NA
exp6_frontier,entangled_medium_naive_baseline_3_posted_price_edf,median_latency,mechanism,71.68899576689807,NA,10,NA,NA
exp6_frontier,entangled_medium_naive_baseline_3_posted_price_edf,alloc_ratio,mechanism,0.3751655812100299,NA,10,NA,NA
exp6_frontier,entangled_medium_naive_baseline_3_posted_price_edf,welfare_vs_posted_at_matched_volume,mechanism,0.9999888559823134,NA,10,NA,NA
exp6_frontier,entangled_medium_naive_baseline_3_posted_price_edf,welfare_vs_posted_at_matched_latency,mechanism,0.9937066977892746,NA,10,NA,NA
exp6_frontier,entangled_medium_naive_baseline_3_posted_price_fcfs,welfare,mechanism,25.177387368811964,NA,10,NA,NA
exp6_frontier,entangled_medium_naive_baseline_3_posted_price_fcfs,tokens_admitted,mechanism,28.0565,NA,10,NA,NA
exp6_frontier,entangled_medium_naive_baseline_3_posted_price_fcfs,median_latency,mechanism,71.68999375658535,NA,10,NA,NA
exp6_frontier,entangled_medium_naive_baseline_3_posted_price_fcfs,alloc_ratio,mechanism,0.3751655812100299,NA,10,NA,NA
exp6_frontier,entangled_medium_naive_baseline_3_posted_price_fcfs,welfare_vs_posted_at_matched_volume,mechanism,0.999993980684025,NA,10,NA,NA
exp6_frontier,entangled_medium_naive_baseline_3_posted_price_fcfs,welfare_vs_posted_at_matched_latency,mechanism,0.9967718533284659,NA,10,NA,NA
exp6_frontier,entangled_medium_naive_baseline_4_posted_price,welfare,mechanism,0,NA,10,NA,NA
exp6_frontier,entangled_medium_naive_baseline_4_posted_price,tokens_admitted,mechanism,0,NA,10,NA,NA
exp6_frontier,entangled_medium_naive_baseline_4_posted_price,median_latency,mechanism,NA,NA,10,NA,NA
exp6_frontier,entangled_medium_naive_baseline_4_posted_price,alloc_ratio,mechanism,0,NA,10,NA,NA
exp6_frontier,entangled_medium_naive_baseline_4_posted_price,welfare_vs_posted_at_matched_volume,mechanism,NA,NA,10,NA,NA
exp6_frontier,entangled_medium_naive_baseline_4_posted_price,welfare_vs_posted_at_matched_latency,mechanism,NA,NA,10,NA,NA
exp6_frontier,entangled_medium_naive_baseline_4_posted_price_edf,welfare,mechanism,0,NA,10,NA,NA
exp6_frontier,entangled_medium_naive_baseline_4_posted_price_edf,tokens_admitted,mechanism,0,NA,10,NA,NA
exp6_frontier,entangled_medium_naive_baseline_4_posted_price_edf,median_latency,mechanism,NA,NA,10,NA,NA
exp6_frontier,entangled_medium_naive_baseline_4_posted_price_edf,alloc_ratio,mechanism,0,NA,10,NA,NA
exp6_frontier,entangled_medium_naive_baseline_4_posted_price_edf,welfare_vs_posted_at_matched_volume,mechanism,NA,NA,10,NA,NA
exp6_frontier,entangled_medium_naive_baseline_4_posted_price_edf,welfare_vs_posted_at_matched_latency,mechanism,NA,NA,10,NA,NA
exp6_frontier,entangled_medium_naive_baseline_4_posted_price_fcfs,welfare,mechanism,0,NA,10,NA,NA
exp6_frontier,entangled_medium_naive_baseline_4_posted_price_fcfs,tokens_admitted,mechanism,0,NA,10,NA,NA
exp6_frontier,entangled_medium_naive_baseline_4_posted_price_fcfs,median_latency,mechanism,NA,NA,10,NA,NA
exp6_frontier,entangled_medium_naive_baseline_4_posted_price_fcfs,alloc_ratio,mechanism,0,NA,10,NA,NA
exp6_frontier,entangled_medium_naive_baseline_4_posted_price_fcfs,welfare_vs_posted_at_matched_volume,mechanism,NA,NA,10,NA,NA
exp6_frontier,entangled_medium_naive_baseline_4_posted_price_fcfs,welfare_vs_posted_at_matched_latency,mechanism,NA,NA,10,NA,NA
exp6_frontier,entangled_medium_naive_baseline_4_posted_price_matched,welfare,mechanism,0,NA,10,NA,NA
exp6_frontier,entangled_medium_naive_baseline_4_posted_price_matched,tokens_admitted,mechanism,0,NA,10,NA,NA
exp6_frontier,entangled_medium_naive_baseline_4_posted_price_matched,median_latency,mechanism,NA,NA,10,NA,NA
exp6_frontier,entangled_medium_naive_baseline_4_posted_price_matched,alloc_ratio,mechanism,0,NA,10,NA,NA
exp6_frontier,entangled_medium_naive_baseline_4_posted_price_matched,welfare_vs_posted_at_matched_volume,mechanism,NA,NA,10,NA,NA
exp6_frontier,entangled_medium_naive_baseline_4_posted_price_matched,welfare_vs_posted_at_matched_latency,mechanism,NA,NA,10,NA,NA
exp6_frontier,entangled_medium_naive_calibrated_1_edf,welfare,mechanism,58.75208561655462,NA,10,NA,NA
exp6_frontier,entangled_medium_naive_calibrated_1_edf,tokens_admitted,mechanism,88.3555,NA,10,NA,NA
exp6_frontier,entangled_medium_naive_calibrated_1_edf,median_latency,mechanism,84.4388490476096,NA,10,NA,NA
exp6_frontier,entangled_medium_naive_calibrated_1_edf,alloc_ratio,mechanism,0.9944540742917252,NA,10,NA,NA
exp6_frontier,entangled_medium_naive_calibrated_1_edf,welfare_vs_posted_at_matched_volume,mechanism,NA,NA,10,NA,NA
exp6_frontier,entangled_medium_naive_calibrated_1_edf,welfare_vs_posted_at_matched_latency,mechanism,NA,NA,10,NA,NA
exp6_frontier,entangled_medium_naive_calibrated_1_greedy_ev,welfare,mechanism,59.10406670607554,NA,10,NA,NA
exp6_frontier,entangled_medium_naive_calibrated_1_greedy_ev,tokens_admitted,mechanism,88.373,NA,10,NA,NA
exp6_frontier,entangled_medium_naive_calibrated_1_greedy_ev,median_latency,mechanism,84.3653480710676,NA,10,NA,NA
exp6_frontier,entangled_medium_naive_calibrated_1_greedy_ev,alloc_ratio,mechanism,0.9998061256265827,NA,10,NA,NA
exp6_frontier,entangled_medium_naive_calibrated_1_greedy_ev,welfare_vs_posted_at_matched_volume,mechanism,NA,NA,10,NA,NA
exp6_frontier,entangled_medium_naive_calibrated_1_greedy_ev,welfare_vs_posted_at_matched_latency,mechanism,NA,NA,10,NA,NA
exp6_frontier,entangled_medium_naive_calibrated_1_k8s,welfare,mechanism,58.885768884766044,NA,10,NA,NA
exp6_frontier,entangled_medium_naive_calibrated_1_k8s,tokens_admitted,mechanism,88.39150000000001,NA,10,NA,NA
exp6_frontier,entangled_medium_naive_calibrated_1_k8s,median_latency,mechanism,84.25755407102969,NA,10,NA,NA
exp6_frontier,entangled_medium_naive_calibrated_1_k8s,alloc_ratio,mechanism,0.9948746367882533,NA,10,NA,NA
exp6_frontier,entangled_medium_naive_calibrated_1_k8s,welfare_vs_posted_at_matched_volume,mechanism,NA,NA,10,NA,NA
exp6_frontier,entangled_medium_naive_calibrated_1_k8s,welfare_vs_posted_at_matched_latency,mechanism,0.9961237795873401,NA,10,NA,NA
exp6_frontier,entangled_medium_naive_calibrated_1_market,welfare,mechanism,59.18216545658101,NA,10,NA,NA
exp6_frontier,entangled_medium_naive_calibrated_1_market,tokens_admitted,mechanism,88.1025,NA,10,NA,NA
exp6_frontier,entangled_medium_naive_calibrated_1_market,median_latency,mechanism,83.95612894164441,NA,10,NA,NA
exp6_frontier,entangled_medium_naive_calibrated_1_market,alloc_ratio,mechanism,0.9969031587213577,NA,10,NA,NA
exp6_frontier,entangled_medium_naive_calibrated_1_market,welfare_vs_posted_at_matched_volume,mechanism,1.000970257911493,NA,10,NA,NA
exp6_frontier,entangled_medium_naive_calibrated_1_market,welfare_vs_posted_at_matched_latency,mechanism,1.0008422125562983,NA,10,NA,NA
exp6_frontier,entangled_medium_naive_calibrated_1_market_asc,welfare,mechanism,59.20139192027884,NA,10,NA,NA
exp6_frontier,entangled_medium_naive_calibrated_1_market_asc,tokens_admitted,mechanism,88.0935,NA,10,NA,NA
exp6_frontier,entangled_medium_naive_calibrated_1_market_asc,median_latency,mechanism,83.91521608110376,NA,10,NA,NA
exp6_frontier,entangled_medium_naive_calibrated_1_market_asc,alloc_ratio,mechanism,0.9967525315187188,NA,10,NA,NA
exp6_frontier,entangled_medium_naive_calibrated_1_market_asc,welfare_vs_posted_at_matched_volume,mechanism,1.00134526154089,NA,10,NA,NA
exp6_frontier,entangled_medium_naive_calibrated_1_market_asc,welfare_vs_posted_at_matched_latency,mechanism,1.0011373895313278,NA,10,NA,NA
exp6_frontier,entangled_medium_naive_calibrated_1_market_cc,welfare,mechanism,50.40462206573658,NA,10,NA,NA
exp6_frontier,entangled_medium_naive_calibrated_1_market_cc,tokens_admitted,mechanism,74.0425,NA,10,NA,NA
exp6_frontier,entangled_medium_naive_calibrated_1_market_cc,median_latency,mechanism,81.41074211831724,NA,10,NA,NA
exp6_frontier,entangled_medium_naive_calibrated_1_market_cc,alloc_ratio,mechanism,0.8362672800377242,NA,10,NA,NA
exp6_frontier,entangled_medium_naive_calibrated_1_market_cc,welfare_vs_posted_at_matched_volume,mechanism,0.8971388183551686,NA,10,NA,NA
exp6_frontier,entangled_medium_naive_calibrated_1_market_cc,welfare_vs_posted_at_matched_latency,mechanism,0.8505184312358958,NA,10,NA,NA
exp6_frontier,entangled_medium_naive_calibrated_1_posted_price,welfare,mechanism,59.11538461839683,NA,10,NA,NA
exp6_frontier,entangled_medium_naive_calibrated_1_posted_price,tokens_admitted,mechanism,88.1655,NA,10,NA,NA
exp6_frontier,entangled_medium_naive_calibrated_1_posted_price,median_latency,mechanism,84.15196984280357,NA,10,NA,NA
exp6_frontier,entangled_medium_naive_calibrated_1_posted_price,alloc_ratio,mechanism,0.9979907479101787,NA,10,NA,NA
exp6_frontier,entangled_medium_naive_calibrated_1_posted_price,welfare_vs_posted_at_matched_volume,mechanism,NA,NA,10,NA,NA
exp6_frontier,entangled_medium_naive_calibrated_1_posted_price,welfare_vs_posted_at_matched_latency,mechanism,NA,NA,10,NA,NA
exp6_frontier,entangled_medium_naive_calibrated_1_posted_price_edf,welfare,mechanism,58.76887782341632,NA,10,NA,NA
exp6_frontier,entangled_medium_naive_calibrated_1_posted_price_edf,tokens_admitted,mechanism,88.146,NA,10,NA,NA
exp6_frontier,entangled_medium_naive_calibrated_1_posted_price_edf,median_latency,mechanism,84.25352306187007,NA,10,NA,NA
exp6_frontier,entangled_medium_naive_calibrated_1_posted_price_edf,alloc_ratio,mechanism,0.9927503588556533,NA,10,NA,NA
exp6_frontier,entangled_medium_naive_calibrated_1_posted_price_edf,welfare_vs_posted_at_matched_volume,mechanism,0.994212900786468,NA,10,NA,NA
exp6_frontier,entangled_medium_naive_calibrated_1_posted_price_edf,welfare_vs_posted_at_matched_latency,mechanism,0.9941419384236607,NA,10,NA,NA
exp6_frontier,entangled_medium_naive_calibrated_1_posted_price_fcfs,welfare,mechanism,58.775998047993944,NA,10,NA,NA
exp6_frontier,entangled_medium_naive_calibrated_1_posted_price_fcfs,tokens_admitted,mechanism,88.1465,NA,10,NA,NA
exp6_frontier,entangled_medium_naive_calibrated_1_posted_price_fcfs,median_latency,mechanism,84.21643977669251,NA,10,NA,NA
exp6_frontier,entangled_medium_naive_calibrated_1_posted_price_fcfs,alloc_ratio,mechanism,0.9927812541446747,NA,10,NA,NA
exp6_frontier,entangled_medium_naive_calibrated_1_posted_price_fcfs,welfare_vs_posted_at_matched_volume,mechanism,0.9941246779305373,NA,10,NA,NA
exp6_frontier,entangled_medium_naive_calibrated_1_posted_price_fcfs,welfare_vs_posted_at_matched_latency,mechanism,0.994108594651725,NA,10,NA,NA
exp6_frontier,entangled_medium_naive_calibrated_1_posted_price_matched,welfare,mechanism,59.10343021062691,NA,10,NA,NA
exp6_frontier,entangled_medium_naive_calibrated_1_posted_price_matched,tokens_admitted,mechanism,88.357,NA,10,NA,NA
exp6_frontier,entangled_medium_naive_calibrated_1_posted_price_matched,median_latency,mechanism,84.35562321066757,NA,10,NA,NA
exp6_frontier,entangled_medium_naive_calibrated_1_posted_price_matched,alloc_ratio,mechanism,0.9996714048738833,NA,10,NA,NA
exp6_frontier,entangled_medium_naive_calibrated_1_posted_price_matched,welfare_vs_posted_at_matched_volume,mechanism,NA,NA,10,NA,NA
exp6_frontier,entangled_medium_naive_calibrated_1_posted_price_matched,welfare_vs_posted_at_matched_latency,mechanism,NA,NA,10,NA,NA
exp6_frontier,entangled_medium_naive_calibrated_1_random,welfare,mechanism,58.76964094368381,NA,10,NA,NA
exp6_frontier,entangled_medium_naive_calibrated_1_random,tokens_admitted,mechanism,88.351,NA,10,NA,NA
exp6_frontier,entangled_medium_naive_calibrated_1_random,median_latency,mechanism,84.44855647961383,NA,10,NA,NA
exp6_frontier,entangled_medium_naive_calibrated_1_random,alloc_ratio,mechanism,0.9945271188045022,NA,10,NA,NA
exp6_frontier,entangled_medium_naive_calibrated_1_random,welfare_vs_posted_at_matched_volume,mechanism,NA,NA,10,NA,NA
exp6_frontier,entangled_medium_naive_calibrated_1_random,welfare_vs_posted_at_matched_latency,mechanism,NA,NA,10,NA,NA
exp6_frontier,entangled_medium_naive_calibrated_1.25_posted_price,welfare,mechanism,59.31200469267962,NA,10,NA,NA
exp6_frontier,entangled_medium_naive_calibrated_1.25_posted_price,tokens_admitted,mechanism,85.8595,NA,10,NA,NA
exp6_frontier,entangled_medium_naive_calibrated_1.25_posted_price,median_latency,mechanism,81.70992240307237,NA,10,NA,NA
exp6_frontier,entangled_medium_naive_calibrated_1.25_posted_price,alloc_ratio,mechanism,0.9781441173351688,NA,10,NA,NA
exp6_frontier,entangled_medium_naive_calibrated_1.25_posted_price,welfare_vs_posted_at_matched_volume,mechanism,NA,NA,10,NA,NA
exp6_frontier,entangled_medium_naive_calibrated_1.25_posted_price,welfare_vs_posted_at_matched_latency,mechanism,NA,NA,10,NA,NA
exp6_frontier,entangled_medium_naive_calibrated_1.25_posted_price_edf,welfare,mechanism,59.17291662935546,NA,10,NA,NA
exp6_frontier,entangled_medium_naive_calibrated_1.25_posted_price_edf,tokens_admitted,mechanism,85.87650000000001,NA,10,NA,NA
exp6_frontier,entangled_medium_naive_calibrated_1.25_posted_price_edf,median_latency,mechanism,81.69376118531643,NA,10,NA,NA
exp6_frontier,entangled_medium_naive_calibrated_1.25_posted_price_edf,alloc_ratio,mechanism,0.9757255887344176,NA,10,NA,NA
exp6_frontier,entangled_medium_naive_calibrated_1.25_posted_price_edf,welfare_vs_posted_at_matched_volume,mechanism,0.9976865969921275,NA,10,NA,NA
exp6_frontier,entangled_medium_naive_calibrated_1.25_posted_price_edf,welfare_vs_posted_at_matched_latency,mechanism,0.9977613800097291,NA,10,NA,NA
exp6_frontier,entangled_medium_naive_calibrated_1.25_posted_price_fcfs,welfare,mechanism,59.17249624602775,NA,10,NA,NA
exp6_frontier,entangled_medium_naive_calibrated_1.25_posted_price_fcfs,tokens_admitted,mechanism,85.874,NA,10,NA,NA
exp6_frontier,entangled_medium_naive_calibrated_1.25_posted_price_fcfs,median_latency,mechanism,81.68158867158786,NA,10,NA,NA
exp6_frontier,entangled_medium_naive_calibrated_1.25_posted_price_fcfs,alloc_ratio,mechanism,0.9757026400128456,NA,10,NA,NA
exp6_frontier,entangled_medium_naive_calibrated_1.25_posted_price_fcfs,welfare_vs_posted_at_matched_volume,mechanism,0.9976709756692937,NA,10,NA,NA
exp6_frontier,entangled_medium_naive_calibrated_1.25_posted_price_fcfs,welfare_vs_posted_at_matched_latency,mechanism,0.9977906822993295,NA,10,NA,NA
exp6_frontier,entangled_medium_naive_calibrated_1.5_posted_price,welfare,mechanism,58.80435204016061,NA,10,NA,NA
exp6_frontier,entangled_medium_naive_calibrated_1.5_posted_price,tokens_admitted,mechanism,81.7635,NA,10,NA,NA
exp6_frontier,entangled_medium_naive_calibrated_1.5_posted_price,median_latency,mechanism,78.44241341330027,NA,10,NA,NA
exp6_frontier,entangled_medium_naive_calibrated_1.5_posted_price,alloc_ratio,mechanism,0.9395896542739932,NA,10,NA,NA
exp6_frontier,entangled_medium_naive_calibrated_1.5_posted_price,welfare_vs_posted_at_matched_volume,mechanism,NA,NA,10,NA,NA
exp6_frontier,entangled_medium_naive_calibrated_1.5_posted_price,welfare_vs_posted_at_matched_latency,mechanism,NA,NA,10,NA,NA
exp6_frontier,entangled_medium_naive_calibrated_1.5_posted_price_edf,welfare,mechanism,58.77061586770563,NA,10,NA,NA
exp6_frontier,entangled_medium_naive_calibrated_1.5_posted_price_edf,tokens_admitted,mechanism,81.772,NA,10,NA,NA
exp6_frontier,entangled_medium_naive_calibrated_1.5_posted_price_edf,median_latency,mechanism,78.40253415266292,NA,10,NA,NA
exp6_frontier,entangled_medium_naive_calibrated_1.5_posted_price_edf,alloc_ratio,mechanism,0.9388706573661084,NA,10,NA,NA
exp6_frontier,entangled_medium_naive_calibrated_1.5_posted_price_edf,welfare_vs_posted_at_matched_volume,mechanism,0.9994182114844921,NA,10,NA,NA
exp6_frontier,entangled_medium_naive_calibrated_1.5_posted_price_edf,welfare_vs_posted_at_matched_latency,mechanism,1.0000026185526876,NA,10,NA,NA
exp6_frontier,entangled_medium_naive_calibrated_1.5_posted_price_fcfs,welfare,mechanism,58.76241694355322,NA,10,NA,NA
exp6_frontier,entangled_medium_naive_calibrated_1.5_posted_price_fcfs,tokens_admitted,mechanism,81.766,NA,10,NA,NA
exp6_frontier,entangled_medium_naive_calibrated_1.5_posted_price_fcfs,median_latency,mechanism,78.42381246967958,NA,10,NA,NA
exp6_frontier,entangled_medium_naive_calibrated_1.5_posted_price_fcfs,alloc_ratio,mechanism,0.9388012701308001,NA,10,NA,NA
exp6_frontier,entangled_medium_naive_calibrated_1.5_posted_price_fcfs,welfare_vs_posted_at_matched_volume,mechanism,0.9992933072992436,NA,10,NA,NA
exp6_frontier,entangled_medium_naive_calibrated_1.5_posted_price_fcfs,welfare_vs_posted_at_matched_latency,mechanism,0.99966180437083485,NA,10,NA,NA
exp6_frontier,entangled_medium_naive_calibrated_1.75_posted_price,welfare,mechanism,55.9719016999353,NA,10,NA,NA
exp6_frontier,entangled_medium_naive_calibrated_1.75_posted_price,tokens_admitted,mechanism,73.3255,NA,10,NA,NA
exp6_frontier,entangled_medium_naive_calibrated_1.75_posted_price,median_latency,mechanism,74.87774426815965,NA,10,NA,NA
exp6_frontier,entangled_medium_naive_calibrated_1.75_posted_price,alloc_ratio,mechanism,0.8630192885883124,NA,10,NA,NA
exp6_frontier,entangled_medium_naive_calibrated_1.75_posted_price,welfare_vs_posted_at_matched_volume,mechanism,NA,NA,10,NA,NA
exp6_frontier,entangled_medium_naive_calibrated_1.75_posted_price,welfare_vs_posted_at_matched_latency,mechanism,NA,NA,10,NA,NA
exp6_frontier,entangled_medium_naive_calibrated_1.75_posted_price_edf,welfare,mechanism,55.968275786461376,NA,10,NA,NA
exp6_frontier,entangled_medium_naive_calibrated_1.75_posted_price_edf,tokens_admitted,mechanism,73.3275,NA,10,NA,NA
exp6_frontier,entangled_medium_naive_calibrated_1.75_posted_price_edf,median_latency,mechanism,74.87787066670519,NA,10,NA,NA
exp6_frontier,entangled_medium_naive_calibrated_1.75_posted_price_edf,alloc_ratio,mechanism,0.8629623132960371,NA,10,NA,NA
exp6_frontier,entangled_medium_naive_calibrated_1.75_posted_price_edf,welfare_vs_posted_at_matched_volume,mechanism,0.9999245359078209,NA,10,NA,NA
exp6_frontier,entangled_medium_naive_calibrated_1.75_posted_price_edf,welfare_vs_posted_at_matched_latency,mechanism,1.0001841107655003,NA,10,NA,NA
exp6_frontier,entangled_medium_naive_calibrated_1.75_posted_price_fcfs,welfare,mechanism,55.96500148361404,NA,10,NA,NA
exp6_frontier,entangled_medium_naive_calibrated_1.75_posted_price_fcfs,tokens_admitted,mechanism,73.3255,NA,10,NA,NA
exp6_frontier,entangled_medium_naive_calibrated_1.75_posted_price_fcfs,median_latency,mechanism,74.87431825349147,NA,10,NA,NA
exp6_frontier,entangled_medium_naive_calibrated_1.75_posted_price_fcfs,alloc_ratio,mechanism,0.8629409194032506,NA,10,NA,NA
exp6_frontier,entangled_medium_naive_calibrated_1.75_posted_price_fcfs,welfare_vs_posted_at_matched_volume,mechanism,0.9998792522201653,NA,10,NA,NA
exp6_frontier,entangled_medium_naive_calibrated_1.75_posted_price_fcfs,welfare_vs_posted_at_matched_latency,mechanism,1.0003433119132588,NA,10,NA,NA
exp6_frontier,entangled_medium_naive_calibrated_2_posted_price,welfare,mechanism,50.83815577779042,NA,10,NA,NA
exp6_frontier,entangled_medium_naive_calibrated_2_posted_price,tokens_admitted,mechanism,63.1425,NA,10,NA,NA
exp6_frontier,entangled_medium_naive_calibrated_2_posted_price,median_latency,mechanism,72.79214991296935,NA,10,NA,NA
exp6_frontier,entangled_medium_naive_calibrated_2_posted_price,alloc_ratio,mechanism,0.7667847889317368,NA,10,NA,NA
exp6_frontier,entangled_medium_naive_calibrated_2_posted_price,welfare_vs_posted_at_matched_volume,mechanism,NA,NA,10,NA,NA
exp6_frontier,entangled_medium_naive_calibrated_2_posted_price,welfare_vs_posted_at_matched_latency,mechanism,NA,NA,10,NA,NA
exp6_frontier,entangled_medium_naive_calibrated_2_posted_price_edf,welfare,mechanism,50.833438512729685,NA,10,NA,NA
exp6_frontier,entangled_medium_naive_calibrated_2_posted_price_edf,tokens_admitted,mechanism,63.1425,NA,10,NA,NA
exp6_frontier,entangled_medium_naive_calibrated_2_posted_price_edf,median_latency,mechanism,72.79320135300448,NA,10,NA,NA
exp6_frontier,entangled_medium_naive_calibrated_2_posted_price_edf,alloc_ratio,mechanism,0.7667847889317368,NA,10,NA,NA
exp6_frontier,entangled_medium_naive_calibrated_2_posted_price_edf,welfare_vs_posted_at_matched_volume,mechanism,0.9999067659240283,NA,10,NA,NA
exp6_frontier,entangled_medium_naive_calibrated_2_posted_price_edf,welfare_vs_posted_at_matched_latency,mechanism,1.0004065766307142,NA,10,NA,NA
exp6_frontier,entangled_medium_naive_calibrated_2_posted_price_fcfs,welfare,mechanism,50.83392656229806,NA,10,NA,NA
exp6_frontier,entangled_medium_naive_calibrated_2_posted_price_fcfs,tokens_admitted,mechanism,63.1425,NA,10,NA,NA
exp6_frontier,entangled_medium_naive_calibrated_2_posted_price_fcfs,median_latency,mechanism,72.79662950064038,NA,10,NA,NA
exp6_frontier,entangled_medium_naive_calibrated_2_posted_price_fcfs,alloc_ratio,mechanism,0.7667847889317368,NA,10,NA,NA
exp6_frontier,entangled_medium_naive_calibrated_2_posted_price_fcfs,welfare_vs_posted_at_matched_volume,mechanism,0.999916946466047,NA,10,NA,NA
exp6_frontier,entangled_medium_naive_calibrated_2_posted_price_fcfs,welfare_vs_posted_at_matched_latency,mechanism,1.0000723369393494,NA,10,NA,NA
exp6_frontier,entangled_medium_naive_calibrated_2_posted_price_matched,welfare,mechanism,53.93464245027354,NA,10,NA,NA
exp6_frontier,entangled_medium_naive_calibrated_2_posted_price_matched,tokens_admitted,mechanism,68.577,NA,10,NA,NA
exp6_frontier,entangled_medium_naive_calibrated_2_posted_price_matched,median_latency,mechanism,74.44375488473753,NA,10,NA,NA
exp6_frontier,entangled_medium_naive_calibrated_2_posted_price_matched,alloc_ratio,mechanism,0.8278463264926911,NA,10,NA,NA
exp6_frontier,entangled_medium_naive_calibrated_2_posted_price_matched,welfare_vs_posted_at_matched_volume,mechanism,1.006662355260581,NA,10,NA,NA
exp6_frontier,entangled_medium_naive_calibrated_2_posted_price_matched,welfare_vs_posted_at_matched_latency,mechanism,0.9823679308840607,NA,10,NA,NA
exp6_frontier,entangled_medium_naive_calibrated_2.25_posted_price,welfare,mechanism,44.76805300699865,NA,10,NA,NA
exp6_frontier,entangled_medium_naive_calibrated_2.25_posted_price,tokens_admitted,mechanism,53.4895,NA,10,NA,NA
exp6_frontier,entangled_medium_naive_calibrated_2.25_posted_price,median_latency,mechanism,71.8279368232499,NA,10,NA,NA
exp6_frontier,entangled_medium_naive_calibrated_2.25_posted_price,alloc_ratio,mechanism,0.6683633570520864,NA,10,NA,NA
exp6_frontier,entangled_medium_naive_calibrated_2.25_posted_price,welfare_vs_posted_at_matched_volume,mechanism,NA,NA,10,NA,NA
exp6_frontier,entangled_medium_naive_calibrated_2.25_posted_price,welfare_vs_posted_at_matched_latency,mechanism,NA,NA,10,NA,NA
exp6_frontier,entangled_medium_naive_calibrated_2.25_posted_price_edf,welfare,mechanism,44.76768673710434,NA,10,NA,NA
exp6_frontier,entangled_medium_naive_calibrated_2.25_posted_price_edf,tokens_admitted,mechanism,53.4895,NA,10,NA,NA
exp6_frontier,entangled_medium_naive_calibrated_2.25_posted_price_edf,median_latency,mechanism,71.82226387082888,NA,10,NA,NA
exp6_frontier,entangled_medium_naive_calibrated_2.25_posted_price_edf,alloc_ratio,mechanism,0.6683633570520864,NA,10,NA,NA
exp6_frontier,entangled_medium_naive_calibrated_2.25_posted_price_edf,welfare_vs_posted_at_matched_volume,mechanism,0.999991645239465,NA,10,NA,NA
exp6_frontier,entangled_medium_naive_calibrated_2.25_posted_price_edf,welfare_vs_posted_at_matched_latency,mechanism,1.0015894606888074,NA,10,NA,NA
exp6_frontier,entangled_medium_naive_calibrated_2.25_posted_price_fcfs,welfare,mechanism,44.76561202642073,NA,10,NA,NA
exp6_frontier,entangled_medium_naive_calibrated_2.25_posted_price_fcfs,tokens_admitted,mechanism,53.4895,NA,10,NA,NA
exp6_frontier,entangled_medium_naive_calibrated_2.25_posted_price_fcfs,median_latency,mechanism,71.82241320154029,NA,10,NA,NA
exp6_frontier,entangled_medium_naive_calibrated_2.25_posted_price_fcfs,alloc_ratio,mechanism,0.6683633570520864,NA,10,NA,NA
exp6_frontier,entangled_medium_naive_calibrated_2.25_posted_price_fcfs,welfare_vs_posted_at_matched_volume,mechanism,0.9999450892723165,NA,10,NA,NA
exp6_frontier,entangled_medium_naive_calibrated_2.25_posted_price_fcfs,welfare_vs_posted_at_matched_latency,mechanism,1.0016036686944023,NA,10,NA,NA
exp6_frontier,entangled_medium_naive_calibrated_2.5_posted_price,welfare,mechanism,38.28875676970128,NA,10,NA,NA
exp6_frontier,entangled_medium_naive_calibrated_2.5_posted_price,tokens_admitted,mechanism,44.3675,NA,10,NA,NA
exp6_frontier,entangled_medium_naive_calibrated_2.5_posted_price,median_latency,mechanism,71.26168221175163,NA,10,NA,NA
exp6_frontier,entangled_medium_naive_calibrated_2.5_posted_price,alloc_ratio,mechanism,0.5682405296975312,NA,10,NA,NA
exp6_frontier,entangled_medium_naive_calibrated_2.5_posted_price,welfare_vs_posted_at_matched_volume,mechanism,NA,NA,10,NA,NA
exp6_frontier,entangled_medium_naive_calibrated_2.5_posted_price,welfare_vs_posted_at_matched_latency,mechanism,NA,NA,10,NA,NA
exp6_frontier,entangled_medium_naive_calibrated_2.5_posted_price_edf,welfare,mechanism,38.28659581933555,NA,10,NA,NA
exp6_frontier,entangled_medium_naive_calibrated_2.5_posted_price_edf,tokens_admitted,mechanism,44.3675,NA,10,NA,NA
exp6_frontier,entangled_medium_naive_calibrated_2.5_posted_price_edf,median_latency,mechanism,71.26024486599773,NA,10,NA,NA
exp6_frontier,entangled_medium_naive_calibrated_2.5_posted_price_edf,alloc_ratio,mechanism,0.5682405296975312,NA,10,NA,NA
exp6_frontier,entangled_medium_naive_calibrated_2.5_posted_price_edf,welfare_vs_posted_at_matched_volume,mechanism,0.9999431722987109,NA,10,NA,NA
exp6_frontier,entangled_medium_naive_calibrated_2.5_posted_price_edf,welfare_vs_posted_at_matched_latency,mechanism,1.0018034852092301,NA,10,NA,NA
exp6_frontier,entangled_medium_naive_calibrated_2.5_posted_price_fcfs,welfare,mechanism,38.28668757582258,NA,10,NA,NA
exp6_frontier,entangled_medium_naive_calibrated_2.5_posted_price_fcfs,tokens_admitted,mechanism,44.3675,NA,10,NA,NA
exp6_frontier,entangled_medium_naive_calibrated_2.5_posted_price_fcfs,median_latency,mechanism,71.25717888754417,NA,10,NA,NA
exp6_frontier,entangled_medium_naive_calibrated_2.5_posted_price_fcfs,alloc_ratio,mechanism,0.5682405296975312,NA,10,NA,NA
exp6_frontier,entangled_medium_naive_calibrated_2.5_posted_price_fcfs,welfare_vs_posted_at_matched_volume,mechanism,0.9999461696421199,NA,10,NA,NA
exp6_frontier,entangled_medium_naive_calibrated_2.5_posted_price_fcfs,welfare_vs_posted_at_matched_latency,mechanism,1.0030108658237398,NA,10,NA,NA
exp6_frontier,entangled_medium_naive_calibrated_3_posted_price,welfare,mechanism,25.452138321250327,NA,10,NA,NA
exp6_frontier,entangled_medium_naive_calibrated_3_posted_price,tokens_admitted,mechanism,28.0565,NA,10,NA,NA
exp6_frontier,entangled_medium_naive_calibrated_3_posted_price,median_latency,mechanism,70.620962267342,NA,10,NA,NA
exp6_frontier,entangled_medium_naive_calibrated_3_posted_price,alloc_ratio,mechanism,0.3751655812100299,NA,10,NA,NA
exp6_frontier,entangled_medium_naive_calibrated_3_posted_price,welfare_vs_posted_at_matched_volume,mechanism,NA,NA,10,NA,NA
exp6_frontier,entangled_medium_naive_calibrated_3_posted_price,welfare_vs_posted_at_matched_latency,mechanism,NA,NA,10,NA,NA
exp6_frontier,entangled_medium_naive_calibrated_3_posted_price_edf,welfare,mechanism,25.45189276180145,NA,10,NA,NA
exp6_frontier,entangled_medium_naive_calibrated_3_posted_price_edf,tokens_admitted,mechanism,28.0565,NA,10,NA,NA
exp6_frontier,entangled_medium_naive_calibrated_3_posted_price_edf,median_latency,mechanism,70.62202055493889,NA,10,NA,NA
exp6_frontier,entangled_medium_naive_calibrated_3_posted_price_edf,alloc_ratio,mechanism,0.3751655812100299,NA,10,NA,NA
exp6_frontier,entangled_medium_naive_calibrated_3_posted_price_edf,welfare_vs_posted_at_matched_volume,mechanism,0.9999894943989155,NA,10,NA,NA
exp6_frontier,entangled_medium_naive_calibrated_3_posted_price_edf,welfare_vs_posted_at_matched_latency,mechanism,0.9915887680883777,NA,10,NA,NA
exp6_frontier,entangled_medium_naive_calibrated_3_posted_price_fcfs,welfare,mechanism,25.45201991470981,NA,10,NA,NA
exp6_frontier,entangled_medium_naive_calibrated_3_posted_price_fcfs,tokens_admitted,mechanism,28.0565,NA,10,NA,NA
exp6_frontier,entangled_medium_naive_calibrated_3_posted_price_fcfs,median_latency,mechanism,70.62313352393292,NA,10,NA,NA
exp6_frontier,entangled_medium_naive_calibrated_3_posted_price_fcfs,alloc_ratio,mechanism,0.3751655812100299,NA,10,NA,NA
exp6_frontier,entangled_medium_naive_calibrated_3_posted_price_fcfs,welfare_vs_posted_at_matched_volume,mechanism,0.9999943521271754,NA,10,NA,NA
exp6_frontier,entangled_medium_naive_calibrated_3_posted_price_fcfs,welfare_vs_posted_at_matched_latency,mechanism,0.9957061340580251,NA,10,NA,NA
exp6_frontier,entangled_medium_naive_calibrated_4_posted_price,welfare,mechanism,0,NA,10,NA,NA
exp6_frontier,entangled_medium_naive_calibrated_4_posted_price,tokens_admitted,mechanism,0,NA,10,NA,NA
exp6_frontier,entangled_medium_naive_calibrated_4_posted_price,median_latency,mechanism,NA,NA,10,NA,NA
exp6_frontier,entangled_medium_naive_calibrated_4_posted_price,alloc_ratio,mechanism,0,NA,10,NA,NA
exp6_frontier,entangled_medium_naive_calibrated_4_posted_price,welfare_vs_posted_at_matched_volume,mechanism,NA,NA,10,NA,NA
exp6_frontier,entangled_medium_naive_calibrated_4_posted_price,welfare_vs_posted_at_matched_latency,mechanism,NA,NA,10,NA,NA
exp6_frontier,entangled_medium_naive_calibrated_4_posted_price_edf,welfare,mechanism,0,NA,10,NA,NA
exp6_frontier,entangled_medium_naive_calibrated_4_posted_price_edf,tokens_admitted,mechanism,0,NA,10,NA,NA
exp6_frontier,entangled_medium_naive_calibrated_4_posted_price_edf,median_latency,mechanism,NA,NA,10,NA,NA
exp6_frontier,entangled_medium_naive_calibrated_4_posted_price_edf,alloc_ratio,mechanism,0,NA,10,NA,NA
exp6_frontier,entangled_medium_naive_calibrated_4_posted_price_edf,welfare_vs_posted_at_matched_volume,mechanism,NA,NA,10,NA,NA
exp6_frontier,entangled_medium_naive_calibrated_4_posted_price_edf,welfare_vs_posted_at_matched_latency,mechanism,NA,NA,10,NA,NA
exp6_frontier,entangled_medium_naive_calibrated_4_posted_price_fcfs,welfare,mechanism,0,NA,10,NA,NA
exp6_frontier,entangled_medium_naive_calibrated_4_posted_price_fcfs,tokens_admitted,mechanism,0,NA,10,NA,NA
exp6_frontier,entangled_medium_naive_calibrated_4_posted_price_fcfs,median_latency,mechanism,NA,NA,10,NA,NA
exp6_frontier,entangled_medium_naive_calibrated_4_posted_price_fcfs,alloc_ratio,mechanism,0,NA,10,NA,NA
exp6_frontier,entangled_medium_naive_calibrated_4_posted_price_fcfs,welfare_vs_posted_at_matched_volume,mechanism,NA,NA,10,NA,NA
exp6_frontier,entangled_medium_naive_calibrated_4_posted_price_fcfs,welfare_vs_posted_at_matched_latency,mechanism,NA,NA,10,NA,NA
exp6_frontier,entangled_medium_naive_calibrated_4_posted_price_matched,welfare,mechanism,0,NA,10,NA,NA
exp6_frontier,entangled_medium_naive_calibrated_4_posted_price_matched,tokens_admitted,mechanism,0,NA,10,NA,NA
exp6_frontier,entangled_medium_naive_calibrated_4_posted_price_matched,median_latency,mechanism,NA,NA,10,NA,NA
exp6_frontier,entangled_medium_naive_calibrated_4_posted_price_matched,alloc_ratio,mechanism,0,NA,10,NA,NA
exp6_frontier,entangled_medium_naive_calibrated_4_posted_price_matched,welfare_vs_posted_at_matched_volume,mechanism,NA,NA,10,NA,NA
exp6_frontier,entangled_medium_naive_calibrated_4_posted_price_matched,welfare_vs_posted_at_matched_latency,mechanism,NA,NA,10,NA,NA
exp6_frontier,sp_high_hybrid_noema_baseline_1_edf,welfare,mechanism,3.0262000661226525,NA,10,NA,NA
exp6_frontier,sp_high_hybrid_noema_baseline_1_edf,tokens_admitted,mechanism,49.9735,NA,10,NA,NA
exp6_frontier,sp_high_hybrid_noema_baseline_1_edf,median_latency,mechanism,341.92844485907574,NA,10,NA,NA
exp6_frontier,sp_high_hybrid_noema_baseline_1_edf,alloc_ratio,mechanism,0.9252289044149486,NA,10,NA,NA
exp6_frontier,sp_high_hybrid_noema_baseline_1_edf,welfare_vs_posted_at_matched_volume,mechanism,0.9275612735507507,NA,10,NA,NA
exp6_frontier,sp_high_hybrid_noema_baseline_1_edf,welfare_vs_posted_at_matched_latency,mechanism,0.927513984766981,NA,10,NA,NA
exp6_frontier,sp_high_hybrid_noema_baseline_1_greedy_ev,welfare,mechanism,3.262488932985684,NA,10,NA,NA
exp6_frontier,sp_high_hybrid_noema_baseline_1_greedy_ev,tokens_admitted,mechanism,49.9735,NA,10,NA,NA
exp6_frontier,sp_high_hybrid_noema_baseline_1_greedy_ev,median_latency,mechanism,341.9080006798233,NA,10,NA,NA
exp6_frontier,sp_high_hybrid_noema_baseline_1_greedy_ev,alloc_ratio,mechanism,0.9998930483796373,NA,10,NA,NA
exp6_frontier,sp_high_hybrid_noema_baseline_1_greedy_ev,welfare_vs_posted_at_matched_volume,mechanism,1,NA,10,NA,NA
exp6_frontier,sp_high_hybrid_noema_baseline_1_greedy_ev,welfare_vs_posted_at_matched_latency,mechanism,1,NA,10,NA,NA
exp6_frontier,sp_high_hybrid_noema_baseline_1_k8s,welfare,mechanism,3.0302812447582914,NA,10,NA,NA
exp6_frontier,sp_high_hybrid_noema_baseline_1_k8s,tokens_admitted,mechanism,49.9735,NA,10,NA,NA
exp6_frontier,sp_high_hybrid_noema_baseline_1_k8s,median_latency,mechanism,341.88496956648964,NA,10,NA,NA
exp6_frontier,sp_high_hybrid_noema_baseline_1_k8s,alloc_ratio,mechanism,0.925916510685755,NA,10,NA,NA
exp6_frontier,sp_high_hybrid_noema_baseline_1_k8s,welfare_vs_posted_at_matched_volume,mechanism,0.9288120236729789,NA,10,NA,NA
exp6_frontier,sp_high_hybrid_noema_baseline_1_k8s,welfare_vs_posted_at_matched_latency,mechanism,0.9286326756247776,NA,10,NA,NA
exp6_frontier,sp_high_hybrid_noema_baseline_1_market,welfare,mechanism,6.476886986650148,NA,10,NA,NA
exp6_frontier,sp_high_hybrid_noema_baseline_1_market,tokens_admitted,mechanism,49.402,NA,10,NA,NA
exp6_frontier,sp_high_hybrid_noema_baseline_1_market,median_latency,mechanism,303.09781499856757,NA,10,NA,NA
exp6_frontier,sp_high_hybrid_noema_baseline_1_market,alloc_ratio,mechanism,0.9906577167857773,NA,10,NA,NA
exp6_frontier,sp_high_hybrid_noema_baseline_1_market,welfare_vs_posted_at_matched_volume,mechanism,1.2464673092382879,NA,10,NA,NA
exp6_frontier,sp_high_hybrid_noema_baseline_1_market,welfare_vs_posted_at_matched_latency,mechanism,0.9437760546199868,NA,10,NA,NA
exp6_frontier,sp_high_hybrid_noema_baseline_1_market_asc,welfare,mechanism,3.324074322530442,NA,10,NA,NA
exp6_frontier,sp_high_hybrid_noema_baseline_1_market_asc,tokens_admitted,mechanism,49.965,NA,10,NA,NA
exp6_frontier,sp_high_hybrid_noema_baseline_1_market_asc,median_latency,mechanism,341.031847605974,NA,10,NA,NA
exp6_frontier,sp_high_hybrid_noema_baseline_1_market_asc,alloc_ratio,mechanism,0.9997668284659298,NA,10,NA,NA
exp6_frontier,sp_high_hybrid_noema_baseline_1_market_asc,welfare_vs_posted_at_matched_volume,mechanism,1.0050785338136767,NA,10,NA,NA
exp6_frontier,sp_high_hybrid_noema_baseline_1_market_asc,welfare_vs_posted_at_matched_latency,mechanism,0.9949443057294689,NA,10,NA,NA
exp6_frontier,sp_high_hybrid_noema_baseline_1_market_cc,welfare,mechanism,3.2784081253241477,NA,10,NA,NA
exp6_frontier,sp_high_hybrid_noema_baseline_1_market_cc,tokens_admitted,mechanism,26.1485,NA,10,NA,NA
exp6_frontier,sp_high_hybrid_noema_baseline_1_market_cc,median_latency,mechanism,303.2081613911933,NA,10,NA,NA
exp6_frontier,sp_high_hybrid_noema_baseline_1_market_cc,alloc_ratio,mechanism,0.5244785478632275,NA,10,NA,NA
exp6_frontier,sp_high_hybrid_noema_baseline_1_market_cc,welfare_vs_posted_at_matched_volume,mechanism,0.1499235598888052,NA,10,NA,NA
exp6_frontier,sp_high_hybrid_noema_baseline_1_market_cc,welfare_vs_posted_at_matched_latency,mechanism,0.47740226802889874,NA,10,NA,NA
exp6_frontier,sp_high_hybrid_noema_baseline_1_market_posted_slice,welfare,mechanism,3.262488932985684,NA,10,NA,NA
exp6_frontier,sp_high_hybrid_noema_baseline_1_market_posted_slice,tokens_admitted,mechanism,49.9735,NA,10,NA,NA
exp6_frontier,sp_high_hybrid_noema_baseline_1_market_posted_slice,median_latency,mechanism,341.9080006798233,NA,10,NA,NA
exp6_frontier,sp_high_hybrid_noema_baseline_1_market_posted_slice,alloc_ratio,mechanism,0.9998930483796373,NA,10,NA,NA
exp6_frontier,sp_high_hybrid_noema_baseline_1_market_posted_slice,welfare_vs_posted_at_matched_volume,mechanism,1,NA,10,NA,NA
exp6_frontier,sp_high_hybrid_noema_baseline_1_market_posted_slice,welfare_vs_posted_at_matched_latency,mechanism,1,NA,10,NA,NA
exp6_frontier,sp_high_hybrid_noema_baseline_1_posted_price,welfare,mechanism,3.262488932985684,NA,10,NA,NA
exp6_frontier,sp_high_hybrid_noema_baseline_1_posted_price,tokens_admitted,mechanism,49.9735,NA,10,NA,NA
exp6_frontier,sp_high_hybrid_noema_baseline_1_posted_price,median_latency,mechanism,341.9080006798233,NA,10,NA,NA
exp6_frontier,sp_high_hybrid_noema_baseline_1_posted_price,alloc_ratio,mechanism,0.9998930483796373,NA,10,NA,NA
exp6_frontier,sp_high_hybrid_noema_baseline_1_posted_price,welfare_vs_posted_at_matched_volume,mechanism,NA,NA,10,NA,NA
exp6_frontier,sp_high_hybrid_noema_baseline_1_posted_price,welfare_vs_posted_at_matched_latency,mechanism,NA,NA,10,NA,NA
exp6_frontier,sp_high_hybrid_noema_baseline_1_posted_price_edf,welfare,mechanism,3.026692570121642,NA,10,NA,NA
exp6_frontier,sp_high_hybrid_noema_baseline_1_posted_price_edf,tokens_admitted,mechanism,49.9735,NA,10,NA,NA
exp6_frontier,sp_high_hybrid_noema_baseline_1_posted_price_edf,median_latency,mechanism,341.9160630952135,NA,10,NA,NA
exp6_frontier,sp_high_hybrid_noema_baseline_1_posted_price_edf,alloc_ratio,mechanism,0.9250222435573248,NA,10,NA,NA
exp6_frontier,sp_high_hybrid_noema_baseline_1_posted_price_edf,welfare_vs_posted_at_matched_volume,mechanism,0.927708459253201,NA,10,NA,NA
exp6_frontier,sp_high_hybrid_noema_baseline_1_posted_price_edf,welfare_vs_posted_at_matched_latency,mechanism,0.9287194845531436,NA,10,NA,NA
exp6_frontier,sp_high_hybrid_noema_baseline_1_posted_price_fcfs,welfare,mechanism,3.027569237214144,NA,10,NA,NA
exp6_frontier,sp_high_hybrid_noema_baseline_1_posted_price_fcfs,tokens_admitted,mechanism,49.9735,NA,10,NA,NA
exp6_frontier,sp_high_hybrid_noema_baseline_1_posted_price_fcfs,median_latency,mechanism,341.9202145947281,NA,10,NA,NA
exp6_frontier,sp_high_hybrid_noema_baseline_1_posted_price_fcfs,alloc_ratio,mechanism,0.9252206459059958,NA,10,NA,NA
exp6_frontier,sp_high_hybrid_noema_baseline_1_posted_price_fcfs,welfare_vs_posted_at_matched_volume,mechanism,0.9279764268470727,NA,10,NA,NA
exp6_frontier,sp_high_hybrid_noema_baseline_1_posted_price_fcfs,welfare_vs_posted_at_matched_latency,mechanism,0.9275251585004228,NA,10,NA,NA
exp6_frontier,sp_high_hybrid_noema_baseline_1_posted_price_matched,welfare,mechanism,3.262488932985684,NA,10,NA,NA
exp6_frontier,sp_high_hybrid_noema_baseline_1_posted_price_matched,tokens_admitted,mechanism,49.9735,NA,10,NA,NA
exp6_frontier,sp_high_hybrid_noema_baseline_1_posted_price_matched,median_latency,mechanism,341.9080006798233,NA,10,NA,NA
exp6_frontier,sp_high_hybrid_noema_baseline_1_posted_price_matched,alloc_ratio,mechanism,0.9998930483796373,NA,10,NA,NA
exp6_frontier,sp_high_hybrid_noema_baseline_1_posted_price_matched,welfare_vs_posted_at_matched_volume,mechanism,1,NA,10,NA,NA
exp6_frontier,sp_high_hybrid_noema_baseline_1_posted_price_matched,welfare_vs_posted_at_matched_latency,mechanism,1,NA,10,NA,NA
exp6_frontier,sp_high_hybrid_noema_baseline_1_random,welfare,mechanism,3.026593980925349,NA,10,NA,NA
exp6_frontier,sp_high_hybrid_noema_baseline_1_random,tokens_admitted,mechanism,49.9735,NA,10,NA,NA
exp6_frontier,sp_high_hybrid_noema_baseline_1_random,median_latency,mechanism,342.1481295249388,NA,10,NA,NA
exp6_frontier,sp_high_hybrid_noema_baseline_1_random,alloc_ratio,mechanism,0.9259170374537645,NA,10,NA,NA
exp6_frontier,sp_high_hybrid_noema_baseline_1_random,welfare_vs_posted_at_matched_volume,mechanism,0.9277240386350989,NA,10,NA,NA
exp6_frontier,sp_high_hybrid_noema_baseline_1_random,welfare_vs_posted_at_matched_latency,mechanism,0.9100523910730197,NA,10,NA,NA
exp6_frontier,sp_high_hybrid_noema_baseline_1.25_posted_price,welfare,mechanism,3.262488932985684,NA,10,NA,NA
exp6_frontier,sp_high_hybrid_noema_baseline_1.25_posted_price,tokens_admitted,mechanism,49.9735,NA,10,NA,NA
exp6_frontier,sp_high_hybrid_noema_baseline_1.25_posted_price,median_latency,mechanism,341.9080006798233,NA,10,NA,NA
exp6_frontier,sp_high_hybrid_noema_baseline_1.25_posted_price,alloc_ratio,mechanism,0.9998930483796373,NA,10,NA,NA
exp6_frontier,sp_high_hybrid_noema_baseline_1.25_posted_price,welfare_vs_posted_at_matched_volume,mechanism,NA,NA,10,NA,NA
exp6_frontier,sp_high_hybrid_noema_baseline_1.25_posted_price,welfare_vs_posted_at_matched_latency,mechanism,NA,NA,10,NA,NA
exp6_frontier,sp_high_hybrid_noema_baseline_1.25_posted_price_edf,welfare,mechanism,3.027177384927692,NA,10,NA,NA
exp6_frontier,sp_high_hybrid_noema_baseline_1.25_posted_price_edf,tokens_admitted,mechanism,49.9735,NA,10,NA,NA
exp6_frontier,sp_high_hybrid_noema_baseline_1.25_posted_price_edf,median_latency,mechanism,341.9157975685829,NA,10,NA,NA
exp6_frontier,sp_high_hybrid_noema_baseline_1.25_posted_price_edf,alloc_ratio,mechanism,0.9251707731219545,NA,10,NA,NA
exp6_frontier,sp_high_hybrid_noema_baseline_1.25_posted_price_edf,welfare_vs_posted_at_matched_volume,mechanism,0.9278564065818595,NA,10,NA,NA
exp6_frontier,sp_high_hybrid_noema_baseline_1.25_posted_price_edf,welfare_vs_posted_at_matched_latency,mechanism,0.9289229665219086,NA,10,NA,NA
exp6_frontier,sp_high_hybrid_noema_baseline_1.25_posted_price_fcfs,welfare,mechanism,3.028130968220533,NA,10,NA,NA
exp6_frontier,sp_high_hybrid_noema_baseline_1.25_posted_price_fcfs,tokens_admitted,mechanism,49.9735,NA,10,NA,NA
exp6_frontier,sp_high_hybrid_noema_baseline_1.25_posted_price_fcfs,median_latency,mechanism,341.91942464818294,NA,10,NA,NA
exp6_frontier,sp_high_hybrid_noema_baseline_1.25_posted_price_fcfs,alloc_ratio,mechanism,0.9253720784997261,NA,10,NA,NA
exp6_frontier,sp_high_hybrid_noema_baseline_1.25_posted_price_fcfs,welfare_vs_posted_at_matched_volume,mechanism,0.928147893935045,NA,10,NA,NA
exp6_frontier,sp_high_hybrid_noema_baseline_1.25_posted_price_fcfs,welfare_vs_posted_at_matched_latency,mechanism,0.9289042789508518,NA,10,NA,NA
exp6_frontier,sp_high_hybrid_noema_baseline_1.5_posted_price,welfare,mechanism,3.436731175737899,NA,10,NA,NA
exp6_frontier,sp_high_hybrid_noema_baseline_1.5_posted_price,tokens_admitted,mechanism,49.937,NA,10,NA,NA
exp6_frontier,sp_high_hybrid_noema_baseline_1.5_posted_price,median_latency,mechanism,339.8969595772397,NA,10,NA,NA
exp6_frontier,sp_high_hybrid_noema_baseline_1.5_posted_price,alloc_ratio,mechanism,0.9993511984289822,NA,10,NA,NA
exp6_frontier,sp_high_hybrid_noema_baseline_1.5_posted_price,welfare_vs_posted_at_matched_volume,mechanism,NA,NA,10,NA,NA
exp6_frontier,sp_high_hybrid_noema_baseline_1.5_posted_price,welfare_vs_posted_at_matched_latency,mechanism,NA,NA,10,NA,NA
exp6_frontier,sp_high_hybrid_noema_baseline_1.5_posted_price_edf,welfare,mechanism,3.2035334674569924,NA,10,NA,NA
exp6_frontier,sp_high_hybrid_noema_baseline_1.5_posted_price_edf,tokens_admitted,mechanism,49.935,NA,10,NA,NA
exp6_frontier,sp_high_hybrid_noema_baseline_1.5_posted_price_edf,median_latency,mechanism,339.9818253457676,NA,10,NA,NA
exp6_frontier,sp_high_hybrid_noema_baseline_1.5_posted_price_edf,alloc_ratio,mechanism,0.9271030178929643,NA,10,NA,NA
exp6_frontier,sp_high_hybrid_noema_baseline_1.5_posted_price_edf,welfare_vs_posted_at_matched_volume,mechanism,0.9314787020097941,NA,10,NA,NA
exp6_frontier,sp_high_hybrid_noema_baseline_1.5_posted_price_edf,welfare_vs_posted_at_matched_latency,mechanism,0.9337972641867431,NA,10,NA,NA
exp6_frontier,sp_high_hybrid_noema_baseline_1.5_posted_price_fcfs,welfare,mechanism,3.2092921304822,NA,10,NA,NA
exp6_frontier,sp_high_hybrid_noema_baseline_1.5_posted_price_fcfs,tokens_admitted,mechanism,49.9345,NA,10,NA,NA
exp6_frontier,sp_high_hybrid_noema_baseline_1.5_posted_price_fcfs,median_latency,mechanism,339.9829236093087,NA,10,NA,NA
exp6_frontier,sp_high_hybrid_noema_baseline_1.5_posted_price_fcfs,alloc_ratio,mechanism,0.9271668784041462,NA,10,NA,NA
exp6_frontier,sp_high_hybrid_noema_baseline_1.5_posted_price_fcfs,welfare_vs_posted_at_matched_volume,mechanism,0.9328878014414939,NA,10,NA,NA
exp6_frontier,sp_high_hybrid_noema_baseline_1.5_posted_price_fcfs,welfare_vs_posted_at_matched_latency,mechanism,0.9359826679457364,NA,10,NA,NA
exp6_frontier,sp_high_hybrid_noema_baseline_1.75_posted_price,welfare,mechanism,5.141125295918739,NA,10,NA,NA
exp6_frontier,sp_high_hybrid_noema_baseline_1.75_posted_price,tokens_admitted,mechanism,49.4345,NA,10,NA,NA
exp6_frontier,sp_high_hybrid_noema_baseline_1.75_posted_price,median_latency,mechanism,321.73021423048317,NA,10,NA,NA
exp6_frontier,sp_high_hybrid_noema_baseline_1.75_posted_price,alloc_ratio,mechanism,0.9916538436746118,NA,10,NA,NA
exp6_frontier,sp_high_hybrid_noema_baseline_1.75_posted_price,welfare_vs_posted_at_matched_volume,mechanism,NA,NA,10,NA,NA
exp6_frontier,sp_high_hybrid_noema_baseline_1.75_posted_price,welfare_vs_posted_at_matched_latency,mechanism,NA,NA,10,NA,NA
exp6_frontier,sp_high_hybrid_noema_baseline_1.75_posted_price_edf,welfare,mechanism,4.983515113043147,NA,10,NA,NA
exp6_frontier,sp_high_hybrid_noema_baseline_1.75_posted_price_edf,tokens_admitted,mechanism,49.435,NA,10,NA,NA
exp6_frontier,sp_high_hybrid_noema_baseline_1.75_posted_price_edf,median_latency,mechanism,321.9523363038112,NA,10,NA,NA
exp6_frontier,sp_high_hybrid_noema_baseline_1.75_posted_price_edf,alloc_ratio,mechanism,0.9457112442733931,NA,10,NA,NA
exp6_frontier,sp_high_hybrid_noema_baseline_1.75_posted_price_edf,welfare_vs_posted_at_matched_volume,mechanism,0.9700761268163886,NA,10,NA,NA
exp6_frontier,sp_high_hybrid_noema_baseline_1.75_posted_price_edf,welfare_vs_posted_at_matched_latency,mechanism,0.9728985004886235,NA,10,NA,NA
exp6_frontier,sp_high_hybrid_noema_baseline_1.75_posted_price_fcfs,welfare,mechanism,4.954750524434988,NA,10,NA,NA
exp6_frontier,sp_high_hybrid_noema_baseline_1.75_posted_price_fcfs,tokens_admitted,mechanism,49.4375,NA,10,NA,NA
exp6_frontier,sp_high_hybrid_noema_baseline_1.75_posted_price_fcfs,median_latency,mechanism,322.0842494390342,NA,10,NA,NA
exp6_frontier,sp_high_hybrid_noema_baseline_1.75_posted_price_fcfs,alloc_ratio,mechanism,0.9458721541947415,NA,10,NA,NA
exp6_frontier,sp_high_hybrid_noema_baseline_1.75_posted_price_fcfs,welfare_vs_posted_at_matched_volume,mechanism,0.9660318218421724,NA,10,NA,NA
exp6_frontier,sp_high_hybrid_noema_baseline_1.75_posted_price_fcfs,welfare_vs_posted_at_matched_latency,mechanism,0.9699121545545599,NA,10,NA,NA
exp6_frontier,sp_high_hybrid_noema_baseline_2_market_posted_slice,welfare,mechanism,3.262488932985684,NA,10,NA,NA
exp6_frontier,sp_high_hybrid_noema_baseline_2_market_posted_slice,tokens_admitted,mechanism,49.9735,NA,10,NA,NA
exp6_frontier,sp_high_hybrid_noema_baseline_2_market_posted_slice,median_latency,mechanism,341.9080006798233,NA,10,NA,NA
exp6_frontier,sp_high_hybrid_noema_baseline_2_market_posted_slice,alloc_ratio,mechanism,0.9998930483796373,NA,10,NA,NA
exp6_frontier,sp_high_hybrid_noema_baseline_2_market_posted_slice,welfare_vs_posted_at_matched_volume,mechanism,1,NA,10,NA,NA
exp6_frontier,sp_high_hybrid_noema_baseline_2_market_posted_slice,welfare_vs_posted_at_matched_latency,mechanism,1,NA,10,NA,NA
exp6_frontier,sp_high_hybrid_noema_baseline_2_posted_price,welfare,mechanism,12.026447173667488,NA,10,NA,NA
exp6_frontier,sp_high_hybrid_noema_baseline_2_posted_price,tokens_admitted,mechanism,47.1375,NA,10,NA,NA
exp6_frontier,sp_high_hybrid_noema_baseline_2_posted_price,median_latency,mechanism,247.6611856504875,NA,10,NA,NA
exp6_frontier,sp_high_hybrid_noema_baseline_2_posted_price,alloc_ratio,mechanism,0.9549749762808731,NA,10,NA,NA
exp6_frontier,sp_high_hybrid_noema_baseline_2_posted_price,welfare_vs_posted_at_matched_volume,mechanism,NA,NA,10,NA,NA
exp6_frontier,sp_high_hybrid_noema_baseline_2_posted_price,welfare_vs_posted_at_matched_latency,mechanism,NA,NA,10,NA,NA
exp6_frontier,sp_high_hybrid_noema_baseline_2_posted_price_edf,welfare,mechanism,11.956540920325875,NA,10,NA,NA
exp6_frontier,sp_high_hybrid_noema_baseline_2_posted_price_edf,tokens_admitted,mechanism,47.1445,NA,10,NA,NA
exp6_frontier,sp_high_hybrid_noema_baseline_2_posted_price_edf,median_latency,mechanism,248.01729690765495,NA,10,NA,NA
exp6_frontier,sp_high_hybrid_noema_baseline_2_posted_price_edf,alloc_ratio,mechanism,0.9406370317175106,NA,10,NA,NA
exp6_frontier,sp_high_hybrid_noema_baseline_2_posted_price_edf,welfare_vs_posted_at_matched_volume,mechanism,0.9964306856498906,NA,10,NA,NA
exp6_frontier,sp_high_hybrid_noema_baseline_2_posted_price_edf,welfare_vs_posted_at_matched_latency,mechanism,0.9967413055243093,NA,10,NA,NA
exp6_frontier,sp_high_hybrid_noema_baseline_2_posted_price_fcfs,welfare,mechanism,11.94784500349009,NA,10,NA,NA
exp6_frontier,sp_high_hybrid_noema_baseline_2_posted_price_fcfs,tokens_admitted,mechanism,47.147,NA,10,NA,NA
exp6_frontier,sp_high_hybrid_noema_baseline_2_posted_price_fcfs,median_latency,mechanism,247.86558684613675,NA,10,NA,NA
exp6_frontier,sp_high_hybrid_noema_baseline_2_posted_price_fcfs,alloc_ratio,mechanism,0.9406050508878218,NA,10,NA,NA
exp6_frontier,sp_high_hybrid_noema_baseline_2_posted_price_fcfs,welfare_vs_posted_at_matched_volume,mechanism,0.9959398628578772,NA,10,NA,NA
exp6_frontier,sp_high_hybrid_noema_baseline_2_posted_price_fcfs,welfare_vs_posted_at_matched_latency,mechanism,0.9949045233664644,NA,10,NA,NA
exp6_frontier,sp_high_hybrid_noema_baseline_2_posted_price_matched,welfare,mechanism,12.026447173667488,NA,10,NA,NA
exp6_frontier,sp_high_hybrid_noema_baseline_2_posted_price_matched,tokens_admitted,mechanism,47.1375,NA,10,NA,NA
exp6_frontier,sp_high_hybrid_noema_baseline_2_posted_price_matched,median_latency,mechanism,247.6611856504875,NA,10,NA,NA
exp6_frontier,sp_high_hybrid_noema_baseline_2_posted_price_matched,alloc_ratio,mechanism,0.9549749762808731,NA,10,NA,NA
exp6_frontier,sp_high_hybrid_noema_baseline_2_posted_price_matched,welfare_vs_posted_at_matched_volume,mechanism,1,NA,10,NA,NA
exp6_frontier,sp_high_hybrid_noema_baseline_2_posted_price_matched,welfare_vs_posted_at_matched_latency,mechanism,1,NA,10,NA,NA
exp6_frontier,sp_high_hybrid_noema_baseline_2.25_posted_price,welfare,mechanism,21.3754528880988,NA,10,NA,NA
exp6_frontier,sp_high_hybrid_noema_baseline_2.25_posted_price,tokens_admitted,mechanism,42.1845,NA,10,NA,NA
exp6_frontier,sp_high_hybrid_noema_baseline_2.25_posted_price,median_latency,mechanism,151.53141677967778,NA,10,NA,NA
exp6_frontier,sp_high_hybrid_noema_baseline_2.25_posted_price,alloc_ratio,mechanism,0.871822273701339,NA,10,NA,NA
exp6_frontier,sp_high_hybrid_noema_baseline_2.25_posted_price,welfare_vs_posted_at_matched_volume,mechanism,NA,NA,10,NA,NA
exp6_frontier,sp_high_hybrid_noema_baseline_2.25_posted_price,welfare_vs_posted_at_matched_latency,mechanism,NA,NA,10,NA,NA
exp6_frontier,sp_high_hybrid_noema_baseline_2.25_posted_price_edf,welfare,mechanism,21.39296471975601,NA,10,NA,NA
exp6_frontier,sp_high_hybrid_noema_baseline_2.25_posted_price_edf,tokens_admitted,mechanism,42.194,NA,10,NA,NA
exp6_frontier,sp_high_hybrid_noema_baseline_2.25_posted_price_edf,median_latency,mechanism,151.38611304640904,NA,10,NA,NA
exp6_frontier,sp_high_hybrid_noema_baseline_2.25_posted_price_edf,alloc_ratio,mechanism,0.8687579057752497,NA,10,NA,NA
exp6_frontier,sp_high_hybrid_noema_baseline_2.25_posted_price_edf,welfare_vs_posted_at_matched_volume,mechanism,1.0016886294675085,NA,10,NA,NA
exp6_frontier,sp_high_hybrid_noema_baseline_2.25_posted_price_edf,welfare_vs_posted_at_matched_latency,mechanism,1.0004004248385967,NA,10,NA,NA
exp6_frontier,sp_high_hybrid_noema_baseline_2.25_posted_price_fcfs,welfare,mechanism,21.324519220685957,NA,10,NA,NA
exp6_frontier,sp_high_hybrid_noema_baseline_2.25_posted_price_fcfs,tokens_admitted,mechanism,42.187,NA,10,NA,NA
exp6_frontier,sp_high_hybrid_noema_baseline_2.25_posted_price_fcfs,median_latency,mechanism,151.89733906954226,NA,10,NA,NA
exp6_frontier,sp_high_hybrid_noema_baseline_2.25_posted_price_fcfs,alloc_ratio,mechanism,0.8685433494217305,NA,10,NA,NA
exp6_frontier,sp_high_hybrid_noema_baseline_2.25_posted_price_fcfs,welfare_vs_posted_at_matched_volume,mechanism,0.9982015884270903,NA,10,NA,NA
exp6_frontier,sp_high_hybrid_noema_baseline_2.25_posted_price_fcfs,welfare_vs_posted_at_matched_latency,mechanism,0.9994031001693957,NA,10,NA,NA
exp6_frontier,sp_high_hybrid_noema_baseline_2.5_posted_price,welfare,mechanism,25.428203999201134,NA,10,NA,NA
exp6_frontier,sp_high_hybrid_noema_baseline_2.5_posted_price,tokens_admitted,mechanism,36.027,NA,10,NA,NA
exp6_frontier,sp_high_hybrid_noema_baseline_2.5_posted_price,median_latency,mechanism,98.4143347899875,NA,10,NA,NA
exp6_frontier,sp_high_hybrid_noema_baseline_2.5_posted_price,alloc_ratio,mechanism,0.7627723747340749,NA,10,NA,NA
exp6_frontier,sp_high_hybrid_noema_baseline_2.5_posted_price,welfare_vs_posted_at_matched_volume,mechanism,NA,NA,10,NA,NA
exp6_frontier,sp_high_hybrid_noema_baseline_2.5_posted_price,welfare_vs_posted_at_matched_latency,mechanism,NA,NA,10,NA,NA
exp6_frontier,sp_high_hybrid_noema_baseline_2.5_posted_price_edf,welfare,mechanism,25.389081383015945,NA,10,NA,NA
exp6_frontier,sp_high_hybrid_noema_baseline_2.5_posted_price_edf,tokens_admitted,mechanism,35.998,NA,10,NA,NA
exp6_frontier,sp_high_hybrid_noema_baseline_2.5_posted_price_edf,median_latency,mechanism,98.3853449559604,NA,10,NA,NA
exp6_frontier,sp_high_hybrid_noema_baseline_2.5_posted_price_edf,alloc_ratio,mechanism,0.7615812857995385,NA,10,NA,NA
exp6_frontier,sp_high_hybrid_noema_baseline_2.5_posted_price_edf,welfare_vs_posted_at_matched_volume,mechanism,0.9988404255433251,NA,10,NA,NA
exp6_frontier,sp_high_hybrid_noema_baseline_2.5_posted_price_edf,welfare_vs_posted_at_matched_latency,mechanism,0.9993245405587676,NA,10,NA,NA
exp6_frontier,sp_high_hybrid_noema_baseline_2.5_posted_price_fcfs,welfare,mechanism,25.39468881877454,NA,10,NA,NA
exp6_frontier,sp_high_hybrid_noema_baseline_2.5_posted_price_fcfs,tokens_admitted,mechanism,35.996,NA,10,NA,NA
exp6_frontier,sp_high_hybrid_noema_baseline_2.5_posted_price_fcfs,median_latency,mechanism,98.33770698711055,NA,10,NA,NA
exp6_frontier,sp_high_hybrid_noema_baseline_2.5_posted_price_fcfs,alloc_ratio,mechanism,0.7615806437557321,NA,10,NA,NA
exp6_frontier,sp_high_hybrid_noema_baseline_2.5_posted_price_fcfs,welfare_vs_posted_at_matched_volume,mechanism,0.9991015087944287,NA,10,NA,NA
exp6_frontier,sp_high_hybrid_noema_baseline_2.5_posted_price_fcfs,welfare_vs_posted_at_matched_latency,mechanism,0.9994144732113731,NA,10,NA,NA
exp6_frontier,sp_high_hybrid_noema_baseline_3_posted_price,welfare,mechanism,21.131026356818854,NA,10,NA,NA
exp6_frontier,sp_high_hybrid_noema_baseline_3_posted_price,tokens_admitted,mechanism,24.0735,NA,10,NA,NA
exp6_frontier,sp_high_hybrid_noema_baseline_3_posted_price,median_latency,mechanism,74.73391030813264,NA,10,NA,NA
exp6_frontier,sp_high_hybrid_noema_baseline_3_posted_price,alloc_ratio,mechanism,0.5353325614081074,NA,10,NA,NA
exp6_frontier,sp_high_hybrid_noema_baseline_3_posted_price,welfare_vs_posted_at_matched_volume,mechanism,NA,NA,10,NA,NA
exp6_frontier,sp_high_hybrid_noema_baseline_3_posted_price,welfare_vs_posted_at_matched_latency,mechanism,NA,NA,10,NA,NA
exp6_frontier,sp_high_hybrid_noema_baseline_3_posted_price_edf,welfare,mechanism,21.13099468415295,NA,10,NA,NA
exp6_frontier,sp_high_hybrid_noema_baseline_3_posted_price_edf,tokens_admitted,mechanism,24.0735,NA,10,NA,NA
exp6_frontier,sp_high_hybrid_noema_baseline_3_posted_price_edf,median_latency,mechanism,74.73810832958692,NA,10,NA,NA
exp6_frontier,sp_high_hybrid_noema_baseline_3_posted_price_edf,alloc_ratio,mechanism,0.5353325614081074,NA,10,NA,NA
exp6_frontier,sp_high_hybrid_noema_baseline_3_posted_price_edf,welfare_vs_posted_at_matched_volume,mechanism,0.9999985431460529,NA,10,NA,NA
exp6_frontier,sp_high_hybrid_noema_baseline_3_posted_price_edf,welfare_vs_posted_at_matched_latency,mechanism,0.9999191255876924,NA,10,NA,NA
exp6_frontier,sp_high_hybrid_noema_baseline_3_posted_price_fcfs,welfare,mechanism,21.131226379339928,NA,10,NA,NA
exp6_frontier,sp_high_hybrid_noema_baseline_3_posted_price_fcfs,tokens_admitted,mechanism,24.0735,NA,10,NA,NA
exp6_frontier,sp_high_hybrid_noema_baseline_3_posted_price_fcfs,median_latency,mechanism,74.73641314947655,NA,10,NA,NA
exp6_frontier,sp_high_hybrid_noema_baseline_3_posted_price_fcfs,alloc_ratio,mechanism,0.5353325614081074,NA,10,NA,NA
exp6_frontier,sp_high_hybrid_noema_baseline_3_posted_price_fcfs,welfare_vs_posted_at_matched_volume,mechanism,1.0000094556105743,NA,10,NA,NA
exp6_frontier,sp_high_hybrid_noema_baseline_3_posted_price_fcfs,welfare_vs_posted_at_matched_latency,mechanism,0.9999264507011612,NA,10,NA,NA
exp6_frontier,sp_high_hybrid_noema_baseline_4_posted_price,welfare,mechanism,0,NA,10,NA,NA
exp6_frontier,sp_high_hybrid_noema_baseline_4_posted_price,tokens_admitted,mechanism,0,NA,10,NA,NA
exp6_frontier,sp_high_hybrid_noema_baseline_4_posted_price,median_latency,mechanism,NA,NA,10,NA,NA
exp6_frontier,sp_high_hybrid_noema_baseline_4_posted_price,alloc_ratio,mechanism,0,NA,10,NA,NA
exp6_frontier,sp_high_hybrid_noema_baseline_4_posted_price,welfare_vs_posted_at_matched_volume,mechanism,NA,NA,10,NA,NA
exp6_frontier,sp_high_hybrid_noema_baseline_4_posted_price,welfare_vs_posted_at_matched_latency,mechanism,NA,NA,10,NA,NA
exp6_frontier,sp_high_hybrid_noema_baseline_4_posted_price_edf,welfare,mechanism,0,NA,10,NA,NA
exp6_frontier,sp_high_hybrid_noema_baseline_4_posted_price_edf,tokens_admitted,mechanism,0,NA,10,NA,NA
exp6_frontier,sp_high_hybrid_noema_baseline_4_posted_price_edf,median_latency,mechanism,NA,NA,10,NA,NA
exp6_frontier,sp_high_hybrid_noema_baseline_4_posted_price_edf,alloc_ratio,mechanism,0,NA,10,NA,NA
exp6_frontier,sp_high_hybrid_noema_baseline_4_posted_price_edf,welfare_vs_posted_at_matched_volume,mechanism,NA,NA,10,NA,NA
exp6_frontier,sp_high_hybrid_noema_baseline_4_posted_price_edf,welfare_vs_posted_at_matched_latency,mechanism,NA,NA,10,NA,NA
exp6_frontier,sp_high_hybrid_noema_baseline_4_posted_price_fcfs,welfare,mechanism,0,NA,10,NA,NA
exp6_frontier,sp_high_hybrid_noema_baseline_4_posted_price_fcfs,tokens_admitted,mechanism,0,NA,10,NA,NA
exp6_frontier,sp_high_hybrid_noema_baseline_4_posted_price_fcfs,median_latency,mechanism,NA,NA,10,NA,NA
exp6_frontier,sp_high_hybrid_noema_baseline_4_posted_price_fcfs,alloc_ratio,mechanism,0,NA,10,NA,NA
exp6_frontier,sp_high_hybrid_noema_baseline_4_posted_price_fcfs,welfare_vs_posted_at_matched_volume,mechanism,NA,NA,10,NA,NA
exp6_frontier,sp_high_hybrid_noema_baseline_4_posted_price_fcfs,welfare_vs_posted_at_matched_latency,mechanism,NA,NA,10,NA,NA
exp6_frontier,sp_high_hybrid_noema_baseline_4_posted_price_matched,welfare,mechanism,0,NA,10,NA,NA
exp6_frontier,sp_high_hybrid_noema_baseline_4_posted_price_matched,tokens_admitted,mechanism,0,NA,10,NA,NA
exp6_frontier,sp_high_hybrid_noema_baseline_4_posted_price_matched,median_latency,mechanism,NA,NA,10,NA,NA
exp6_frontier,sp_high_hybrid_noema_baseline_4_posted_price_matched,alloc_ratio,mechanism,0,NA,10,NA,NA
exp6_frontier,sp_high_hybrid_noema_baseline_4_posted_price_matched,welfare_vs_posted_at_matched_volume,mechanism,NA,NA,10,NA,NA
exp6_frontier,sp_high_hybrid_noema_baseline_4_posted_price_matched,welfare_vs_posted_at_matched_latency,mechanism,NA,NA,10,NA,NA
exp6_frontier,sp_high_hybrid_noema_calibrated_1_edf,welfare,mechanism,30.845669911486134,NA,10,NA,NA
exp6_frontier,sp_high_hybrid_noema_calibrated_1_edf,tokens_admitted,mechanism,49.9735,NA,10,NA,NA
exp6_frontier,sp_high_hybrid_noema_calibrated_1_edf,median_latency,mechanism,92.3930397013345,NA,10,NA,NA
exp6_frontier,sp_high_hybrid_noema_calibrated_1_edf,alloc_ratio,mechanism,0.9252289044149486,NA,10,NA,NA
exp6_frontier,sp_high_hybrid_noema_calibrated_1_edf,welfare_vs_posted_at_matched_volume,mechanism,0.9243936067511753,NA,10,NA,NA
exp6_frontier,sp_high_hybrid_noema_calibrated_1_edf,welfare_vs_posted_at_matched_latency,mechanism,0.9255319294464015,NA,10,NA,NA
exp6_frontier,sp_high_hybrid_noema_calibrated_1_greedy_ev,welfare,mechanism,33.368654406452556,NA,10,NA,NA
exp6_frontier,sp_high_hybrid_noema_calibrated_1_greedy_ev,tokens_admitted,mechanism,49.9735,NA,10,NA,NA
exp6_frontier,sp_high_hybrid_noema_calibrated_1_greedy_ev,median_latency,mechanism,92.38578711343807,NA,10,NA,NA
exp6_frontier,sp_high_hybrid_noema_calibrated_1_greedy_ev,alloc_ratio,mechanism,0.9998930483796373,NA,10,NA,NA
exp6_frontier,sp_high_hybrid_noema_calibrated_1_greedy_ev,welfare_vs_posted_at_matched_volume,mechanism,1,NA,10,NA,NA
exp6_frontier,sp_high_hybrid_noema_calibrated_1_greedy_ev,welfare_vs_posted_at_matched_latency,mechanism,1,NA,10,NA,NA
exp6_frontier,sp_high_hybrid_noema_calibrated_1_k8s,welfare,mechanism,30.87593309942347,NA,10,NA,NA
exp6_frontier,sp_high_hybrid_noema_calibrated_1_k8s,tokens_admitted,mechanism,49.9735,NA,10,NA,NA
exp6_frontier,sp_high_hybrid_noema_calibrated_1_k8s,median_latency,mechanism,92.376854578801,NA,10,NA,NA
exp6_frontier,sp_high_hybrid_noema_calibrated_1_k8s,alloc_ratio,mechanism,0.925916510685755,NA,10,NA,NA
exp6_frontier,sp_high_hybrid_noema_calibrated_1_k8s,welfare_vs_posted_at_matched_volume,mechanism,0.9253013690393443,NA,10,NA,NA
exp6_frontier,sp_high_hybrid_noema_calibrated_1_k8s,welfare_vs_posted_at_matched_latency,mechanism,0.9256464949863599,NA,10,NA,NA
exp6_frontier,sp_high_hybrid_noema_calibrated_1_market,welfare,mechanism,33.26267437387565,NA,10,NA,NA
exp6_frontier,sp_high_hybrid_noema_calibrated_1_market,tokens_admitted,mechanism,49.402,NA,10,NA,NA
exp6_frontier,sp_high_hybrid_noema_calibrated_1_market,median_latency,mechanism,91.70417914020321,NA,10,NA,NA
exp6_frontier,sp_high_hybrid_noema_calibrated_1_market,alloc_ratio,mechanism,0.9906577167857773,NA,10,NA,NA
exp6_frontier,sp_high_hybrid_noema_calibrated_1_market,welfare_vs_posted_at_matched_volume,mechanism,0.9976780186778126,NA,10,NA,NA
exp6_frontier,sp_high_hybrid_noema_calibrated_1_market,welfare_vs_posted_at_matched_latency,mechanism,0.9973573174735103,NA,10,NA,NA
exp6_frontier,sp_high_hybrid_noema_calibrated_1_market_asc,welfare,mechanism,33.365802312892,NA,10,NA,NA
exp6_frontier,sp_high_hybrid_noema_calibrated_1_market_asc,tokens_admitted,mechanism,49.965,NA,10,NA,NA
exp6_frontier,sp_high_hybrid_noema_calibrated_1_market_asc,median_latency,mechanism,92.38197244255821,NA,10,NA,NA
exp6_frontier,sp_high_hybrid_noema_calibrated_1_market_asc,alloc_ratio,mechanism,0.9997668284659298,NA,10,NA,NA
exp6_frontier,sp_high_hybrid_noema_calibrated_1_market_asc,welfare_vs_posted_at_matched_volume,mechanism,0.99992703835438,NA,10,NA,NA
exp6_frontier,sp_high_hybrid_noema_calibrated_1_market_asc,welfare_vs_posted_at_matched_latency,mechanism,1.0000009294447325,NA,10,NA,NA
exp6_frontier,sp_high_hybrid_noema_calibrated_1_market_cc,welfare,mechanism,18.556068517832344,NA,10,NA,NA
exp6_frontier,sp_high_hybrid_noema_calibrated_1_market_cc,tokens_admitted,mechanism,27.665,NA,10,NA,NA
exp6_frontier,sp_high_hybrid_noema_calibrated_1_market_cc,median_latency,mechanism,92.06427237027867,NA,10,NA,NA
exp6_frontier,sp_high_hybrid_noema_calibrated_1_market_cc,alloc_ratio,mechanism,0.5546600060706819,NA,10,NA,NA
exp6_frontier,sp_high_hybrid_noema_calibrated_1_market_cc,welfare_vs_posted_at_matched_volume,mechanism,0.7676635977842015,NA,10,NA,NA
exp6_frontier,sp_high_hybrid_noema_calibrated_1_market_cc,welfare_vs_posted_at_matched_latency,mechanism,0.556198234585076,NA,10,NA,NA
exp6_frontier,sp_high_hybrid_noema_calibrated_1_market_posted_slice,welfare,mechanism,33.368654406452556,NA,10,NA,NA
exp6_frontier,sp_high_hybrid_noema_calibrated_1_market_posted_slice,tokens_admitted,mechanism,49.9735,NA,10,NA,NA
exp6_frontier,sp_high_hybrid_noema_calibrated_1_market_posted_slice,median_latency,mechanism,92.38578711343807,NA,10,NA,NA
exp6_frontier,sp_high_hybrid_noema_calibrated_1_market_posted_slice,alloc_ratio,mechanism,0.9998930483796373,NA,10,NA,NA
exp6_frontier,sp_high_hybrid_noema_calibrated_1_market_posted_slice,welfare_vs_posted_at_matched_volume,mechanism,1,NA,10,NA,NA
exp6_frontier,sp_high_hybrid_noema_calibrated_1_market_posted_slice,welfare_vs_posted_at_matched_latency,mechanism,1,NA,10,NA,NA
exp6_frontier,sp_high_hybrid_noema_calibrated_1_posted_price,welfare,mechanism,33.368654406452556,NA,10,NA,NA
exp6_frontier,sp_high_hybrid_noema_calibrated_1_posted_price,tokens_admitted,mechanism,49.9735,NA,10,NA,NA
exp6_frontier,sp_high_hybrid_noema_calibrated_1_posted_price,median_latency,mechanism,92.38578711343807,NA,10,NA,NA
exp6_frontier,sp_high_hybrid_noema_calibrated_1_posted_price,alloc_ratio,mechanism,0.9998930483796373,NA,10,NA,NA
exp6_frontier,sp_high_hybrid_noema_calibrated_1_posted_price,welfare_vs_posted_at_matched_volume,mechanism,NA,NA,10,NA,NA
exp6_frontier,sp_high_hybrid_noema_calibrated_1_posted_price,welfare_vs_posted_at_matched_latency,mechanism,NA,NA,10,NA,NA
exp6_frontier,sp_high_hybrid_noema_calibrated_1_posted_price_edf,welfare,mechanism,30.842293328384812,NA,10,NA,NA
exp6_frontier,sp_high_hybrid_noema_calibrated_1_posted_price_edf,tokens_admitted,mechanism,49.9735,NA,10,NA,NA
exp6_frontier,sp_high_hybrid_noema_calibrated_1_posted_price_edf,median_latency,mechanism,92.38907756446605,NA,10,NA,NA
exp6_frontier,sp_high_hybrid_noema_calibrated_1_posted_price_edf,alloc_ratio,mechanism,0.9250222435573248,NA,10,NA,NA
exp6_frontier,sp_high_hybrid_noema_calibrated_1_posted_price_edf,welfare_vs_posted_at_matched_volume,mechanism,0.9242924676795122,NA,10,NA,NA
exp6_frontier,sp_high_hybrid_noema_calibrated_1_posted_price_edf,welfare_vs_posted_at_matched_latency,mechanism,0.9252625654984896,NA,10,NA,NA
exp6_frontier,sp_high_hybrid_noema_calibrated_1_posted_price_fcfs,welfare,mechanism,30.84945909118418,NA,10,NA,NA
exp6_frontier,sp_high_hybrid_noema_calibrated_1_posted_price_fcfs,tokens_admitted,mechanism,49.9735,NA,10,NA,NA
exp6_frontier,sp_high_hybrid_noema_calibrated_1_posted_price_fcfs,median_latency,mechanism,92.39017571193955,NA,10,NA,NA
exp6_frontier,sp_high_hybrid_noema_calibrated_1_posted_price_fcfs,alloc_ratio,mechanism,0.9252206459059958,NA,10,NA,NA
exp6_frontier,sp_high_hybrid_noema_calibrated_1_posted_price_fcfs,welfare_vs_posted_at_matched_volume,mechanism,0.9245061816191016,NA,10,NA,NA
exp6_frontier,sp_high_hybrid_noema_calibrated_1_posted_price_fcfs,welfare_vs_posted_at_matched_latency,mechanism,0.9243561742159808,NA,10,NA,NA
exp6_frontier,sp_high_hybrid_noema_calibrated_1_posted_price_matched,welfare,mechanism,33.368654406452556,NA,10,NA,NA
exp6_frontier,sp_high_hybrid_noema_calibrated_1_posted_price_matched,tokens_admitted,mechanism,49.9735,NA,10,NA,NA
exp6_frontier,sp_high_hybrid_noema_calibrated_1_posted_price_matched,median_latency,mechanism,92.38578711343807,NA,10,NA,NA
exp6_frontier,sp_high_hybrid_noema_calibrated_1_posted_price_matched,alloc_ratio,mechanism,0.9998930483796373,NA,10,NA,NA
exp6_frontier,sp_high_hybrid_noema_calibrated_1_posted_price_matched,welfare_vs_posted_at_matched_volume,mechanism,1,NA,10,NA,NA
exp6_frontier,sp_high_hybrid_noema_calibrated_1_posted_price_matched,welfare_vs_posted_at_matched_latency,mechanism,1,NA,10,NA,NA
exp6_frontier,sp_high_hybrid_noema_calibrated_1_random,welfare,mechanism,30.860587151292332,NA,10,NA,NA
exp6_frontier,sp_high_hybrid_noema_calibrated_1_random,tokens_admitted,mechanism,49.9735,NA,10,NA,NA
exp6_frontier,sp_high_hybrid_noema_calibrated_1_random,median_latency,mechanism,92.45078135021456,NA,10,NA,NA
exp6_frontier,sp_high_hybrid_noema_calibrated_1_random,alloc_ratio,mechanism,0.9259170374537645,NA,10,NA,NA
exp6_frontier,sp_high_hybrid_noema_calibrated_1_random,welfare_vs_posted_at_matched_volume,mechanism,0.9248409009711238,NA,10,NA,NA
exp6_frontier,sp_high_hybrid_noema_calibrated_1_random,welfare_vs_posted_at_matched_latency,mechanism,0.9259591448558132,NA,10,NA,NA
exp6_frontier,sp_high_hybrid_noema_calibrated_1.25_posted_price,welfare,mechanism,33.368654406452556,NA,10,NA,NA
exp6_frontier,sp_high_hybrid_noema_calibrated_1.25_posted_price,tokens_admitted,mechanism,49.9735,NA,10,NA,NA
exp6_frontier,sp_high_hybrid_noema_calibrated_1.25_posted_price,median_latency,mechanism,92.38578711343807,NA,10,NA,NA
exp6_frontier,sp_high_hybrid_noema_calibrated_1.25_posted_price,alloc_ratio,mechanism,0.9998930483796373,NA,10,NA,NA
exp6_frontier,sp_high_hybrid_noema_calibrated_1.25_posted_price,welfare_vs_posted_at_matched_volume,mechanism,NA,NA,10,NA,NA
exp6_frontier,sp_high_hybrid_noema_calibrated_1.25_posted_price,welfare_vs_posted_at_matched_latency,mechanism,NA,NA,10,NA,NA
exp6_frontier,sp_high_hybrid_noema_calibrated_1.25_posted_price_edf,welfare,mechanism,30.8473378760129,NA,10,NA,NA
exp6_frontier,sp_high_hybrid_noema_calibrated_1.25_posted_price_edf,tokens_admitted,mechanism,49.9735,NA,10,NA,NA
exp6_frontier,sp_high_hybrid_noema_calibrated_1.25_posted_price_edf,median_latency,mechanism,92.38894776647547,NA,10,NA,NA
exp6_frontier,sp_high_hybrid_noema_calibrated_1.25_posted_price_edf,alloc_ratio,mechanism,0.9251707731219545,NA,10,NA,NA
exp6_frontier,sp_high_hybrid_noema_calibrated_1.25_posted_price_edf,welfare_vs_posted_at_matched_volume,mechanism,0.9244435579866132,NA,10,NA,NA
exp6_frontier,sp_high_hybrid_noema_calibrated_1.25_posted_price_edf,welfare_vs_posted_at_matched_latency,mechanism,0.9254419262850706,NA,10,NA,NA
exp6_frontier,sp_high_hybrid_noema_calibrated_1.25_posted_price_fcfs,welfare,mechanism,30.854787201177636,NA,10,NA,NA
exp6_frontier,sp_high_hybrid_noema_calibrated_1.25_posted_price_fcfs,tokens_admitted,mechanism,49.9735,NA,10,NA,NA
exp6_frontier,sp_high_hybrid_noema_calibrated_1.25_posted_price_fcfs,median_latency,mechanism,92.38993523895782,NA,10,NA,NA
exp6_frontier,sp_high_hybrid_noema_calibrated_1.25_posted_price_fcfs,alloc_ratio,mechanism,0.9253720784997261,NA,10,NA,NA
exp6_frontier,sp_high_hybrid_noema_calibrated_1.25_posted_price_fcfs,welfare_vs_posted_at_matched_volume,mechanism,0.9246658287999079,NA,10,NA,NA
exp6_frontier,sp_high_hybrid_noema_calibrated_1.25_posted_price_fcfs,welfare_vs_posted_at_matched_latency,mechanism,0.9246331762009428,NA,10,NA,NA
exp6_frontier,sp_high_hybrid_noema_calibrated_1.5_posted_price,welfare,mechanism,33.368639034025094,NA,10,NA,NA
exp6_frontier,sp_high_hybrid_noema_calibrated_1.5_posted_price,tokens_admitted,mechanism,49.937,NA,10,NA,NA
exp6_frontier,sp_high_hybrid_noema_calibrated_1.5_posted_price,median_latency,mechanism,92.32837630614324,NA,10,NA,NA
exp6_frontier,sp_high_hybrid_noema_calibrated_1.5_posted_price,alloc_ratio,mechanism,0.9993511984289822,NA,10,NA,NA
exp6_frontier,sp_high_hybrid_noema_calibrated_1.5_posted_price,welfare_vs_posted_at_matched_volume,mechanism,NA,NA,10,NA,NA
exp6_frontier,sp_high_hybrid_noema_calibrated_1.5_posted_price,welfare_vs_posted_at_matched_latency,mechanism,NA,NA,10,NA,NA
exp6_frontier,sp_high_hybrid_noema_calibrated_1.5_posted_price_edf,welfare,mechanism,30.931005685064143,NA,10,NA,NA
exp6_frontier,sp_high_hybrid_noema_calibrated_1.5_posted_price_edf,tokens_admitted,mechanism,49.935,NA,10,NA,NA
exp6_frontier,sp_high_hybrid_noema_calibrated_1.5_posted_price_edf,median_latency,mechanism,92.32625713448995,NA,10,NA,NA
exp6_frontier,sp_high_hybrid_noema_calibrated_1.5_posted_price_edf,alloc_ratio,mechanism,0.9271030178929643,NA,10,NA,NA
exp6_frontier,sp_high_hybrid_noema_calibrated_1.5_posted_price_edf,welfare_vs_posted_at_matched_volume,mechanism,0.9269517076093603,NA,10,NA,NA
exp6_frontier,sp_high_hybrid_noema_calibrated_1.5_posted_price_edf,welfare_vs_posted_at_matched_latency,mechanism,0.9267879366390628,NA,10,NA,NA
exp6_frontier,sp_high_hybrid_noema_calibrated_1.5_posted_price_fcfs,welfare,mechanism,30.93330461562213,NA,10,NA,NA
exp6_frontier,sp_high_hybrid_noema_calibrated_1.5_posted_price_fcfs,tokens_admitted,mechanism,49.9345,NA,10,NA,NA
exp6_frontier,sp_high_hybrid_noema_calibrated_1.5_posted_price_fcfs,median_latency,mechanism,92.3287841215211,NA,10,NA,NA
exp6_frontier,sp_high_hybrid_noema_calibrated_1.5_posted_price_fcfs,alloc_ratio,mechanism,0.9271668784041462,NA,10,NA,NA
exp6_frontier,sp_high_hybrid_noema_calibrated_1.5_posted_price_fcfs,welfare_vs_posted_at_matched_volume,mechanism,0.9270187990342861,NA,10,NA,NA
exp6_frontier,sp_high_hybrid_noema_calibrated_1.5_posted_price_fcfs,welfare_vs_posted_at_matched_latency,mechanism,0.9265042459993889,NA,10,NA,NA
exp6_frontier,sp_high_hybrid_noema_calibrated_1.75_posted_price,welfare,mechanism,33.34666904764113,NA,10,NA,NA
exp6_frontier,sp_high_hybrid_noema_calibrated_1.75_posted_price,tokens_admitted,mechanism,49.4345,NA,10,NA,NA
exp6_frontier,sp_high_hybrid_noema_calibrated_1.75_posted_price,median_latency,mechanism,91.53229071357693,NA,10,NA,NA
exp6_frontier,sp_high_hybrid_noema_calibrated_1.75_posted_price,alloc_ratio,mechanism,0.9916538436746118,NA,10,NA,NA
exp6_frontier,sp_high_hybrid_noema_calibrated_1.75_posted_price,welfare_vs_posted_at_matched_volume,mechanism,NA,NA,10,NA,NA
exp6_frontier,sp_high_hybrid_noema_calibrated_1.75_posted_price,welfare_vs_posted_at_matched_latency,mechanism,NA,NA,10,NA,NA
exp6_frontier,sp_high_hybrid_noema_calibrated_1.75_posted_price_edf,welfare,mechanism,31.78838388998831,NA,10,NA,NA
exp6_frontier,sp_high_hybrid_noema_calibrated_1.75_posted_price_edf,tokens_admitted,mechanism,49.435,NA,10,NA,NA
exp6_frontier,sp_high_hybrid_noema_calibrated_1.75_posted_price_edf,median_latency,mechanism,91.54106534795206,NA,10,NA,NA
exp6_frontier,sp_high_hybrid_noema_calibrated_1.75_posted_price_edf,alloc_ratio,mechanism,0.9457112442733931,NA,10,NA,NA
exp6_frontier,sp_high_hybrid_noema_calibrated_1.75_posted_price_edf,welfare_vs_posted_at_matched_volume,mechanism,0.953285849402725,NA,10,NA,NA
exp6_frontier,sp_high_hybrid_noema_calibrated_1.75_posted_price_edf,welfare_vs_posted_at_matched_latency,mechanism,0.9532616359983886,NA,10,NA,NA
exp6_frontier,sp_high_hybrid_noema_calibrated_1.75_posted_price_fcfs,welfare,mechanism,31.788456243251378,NA,10,NA,NA
exp6_frontier,sp_high_hybrid_noema_calibrated_1.75_posted_price_fcfs,tokens_admitted,mechanism,49.4375,NA,10,NA,NA
exp6_frontier,sp_high_hybrid_noema_calibrated_1.75_posted_price_fcfs,median_latency,mechanism,91.55583435634905,NA,10,NA,NA
exp6_frontier,sp_high_hybrid_noema_calibrated_1.75_posted_price_fcfs,alloc_ratio,mechanism,0.9458721541947415,NA,10,NA,NA
exp6_frontier,sp_high_hybrid_noema_calibrated_1.75_posted_price_fcfs,welfare_vs_posted_at_matched_volume,mechanism,0.9532841893120081,NA,10,NA,NA
exp6_frontier,sp_high_hybrid_noema_calibrated_1.75_posted_price_fcfs,welfare_vs_posted_at_matched_latency,mechanism,0.9532580684668632,NA,10,NA,NA
exp6_frontier,sp_high_hybrid_noema_calibrated_2_market_posted_slice,welfare,mechanism,33.368654406452556,NA,10,NA,NA
exp6_frontier,sp_high_hybrid_noema_calibrated_2_market_posted_slice,tokens_admitted,mechanism,49.9735,NA,10,NA,NA
exp6_frontier,sp_high_hybrid_noema_calibrated_2_market_posted_slice,median_latency,mechanism,92.38578711343807,NA,10,NA,NA
exp6_frontier,sp_high_hybrid_noema_calibrated_2_market_posted_slice,alloc_ratio,mechanism,0.9998930483796373,NA,10,NA,NA
exp6_frontier,sp_high_hybrid_noema_calibrated_2_market_posted_slice,welfare_vs_posted_at_matched_volume,mechanism,1,NA,10,NA,NA
exp6_frontier,sp_high_hybrid_noema_calibrated_2_market_posted_slice,welfare_vs_posted_at_matched_latency,mechanism,1,NA,10,NA,NA
exp6_frontier,sp_high_hybrid_noema_calibrated_2_posted_price,welfare,mechanism,33.076898823635965,NA,10,NA,NA
exp6_frontier,sp_high_hybrid_noema_calibrated_2_posted_price,tokens_admitted,mechanism,47.1375,NA,10,NA,NA
exp6_frontier,sp_high_hybrid_noema_calibrated_2_posted_price,median_latency,mechanism,88.1965330689837,NA,10,NA,NA
exp6_frontier,sp_high_hybrid_noema_calibrated_2_posted_price,alloc_ratio,mechanism,0.9549749762808731,NA,10,NA,NA
exp6_frontier,sp_high_hybrid_noema_calibrated_2_posted_price,welfare_vs_posted_at_matched_volume,mechanism,NA,NA,10,NA,NA
exp6_frontier,sp_high_hybrid_noema_calibrated_2_posted_price,welfare_vs_posted_at_matched_latency,mechanism,NA,NA,10,NA,NA
exp6_frontier,sp_high_hybrid_noema_calibrated_2_posted_price_edf,welfare,mechanism,32.57980731456302,NA,10,NA,NA
exp6_frontier,sp_high_hybrid_noema_calibrated_2_posted_price_edf,tokens_admitted,mechanism,47.1445,NA,10,NA,NA
exp6_frontier,sp_high_hybrid_noema_calibrated_2_posted_price_edf,median_latency,mechanism,88.22095299376154,NA,10,NA,NA
exp6_frontier,sp_high_hybrid_noema_calibrated_2_posted_price_edf,alloc_ratio,mechanism,0.9406370317175106,NA,10,NA,NA
exp6_frontier,sp_high_hybrid_noema_calibrated_2_posted_price_edf,welfare_vs_posted_at_matched_volume,mechanism,0.9849604472307377,NA,10,NA,NA
exp6_frontier,sp_high_hybrid_noema_calibrated_2_posted_price_edf,welfare_vs_posted_at_matched_latency,mechanism,0.9849378617881437,NA,10,NA,NA
exp6_frontier,sp_high_hybrid_noema_calibrated_2_posted_price_fcfs,welfare,mechanism,32.57132257738104,NA,10,NA,NA
exp6_frontier,sp_high_hybrid_noema_calibrated_2_posted_price_fcfs,tokens_admitted,mechanism,47.147,NA,10,NA,NA
exp6_frontier,sp_high_hybrid_noema_calibrated_2_posted_price_fcfs,median_latency,mechanism,88.23214040313749,NA,10,NA,NA
exp6_frontier,sp_high_hybrid_noema_calibrated_2_posted_price_fcfs,alloc_ratio,mechanism,0.9406050508878218,NA,10,NA,NA
exp6_frontier,sp_high_hybrid_noema_calibrated_2_posted_price_fcfs,welfare_vs_posted_at_matched_volume,mechanism,0.9846858531644109,NA,10,NA,NA
exp6_frontier,sp_high_hybrid_noema_calibrated_2_posted_price_fcfs,welfare_vs_posted_at_matched_latency,mechanism,0.98464306870262,NA,10,NA,NA
exp6_frontier,sp_high_hybrid_noema_calibrated_2_posted_price_matched,welfare,mechanism,33.076898823635965,NA,10,NA,NA
exp6_frontier,sp_high_hybrid_noema_calibrated_2_posted_price_matched,tokens_admitted,mechanism,47.1375,NA,10,NA,NA
exp6_frontier,sp_high_hybrid_noema_calibrated_2_posted_price_matched,median_latency,mechanism,88.1965330689837,NA,10,NA,NA
exp6_frontier,sp_high_hybrid_noema_calibrated_2_posted_price_matched,alloc_ratio,mechanism,0.9549749762808731,NA,10,NA,NA
exp6_frontier,sp_high_hybrid_noema_calibrated_2_posted_price_matched,welfare_vs_posted_at_matched_volume,mechanism,1,NA,10,NA,NA
exp6_frontier,sp_high_hybrid_noema_calibrated_2_posted_price_matched,welfare_vs_posted_at_matched_latency,mechanism,1,NA,10,NA,NA
exp6_frontier,sp_high_hybrid_noema_calibrated_2.25_posted_price,welfare,mechanism,32.05276457204826,NA,10,NA,NA
exp6_frontier,sp_high_hybrid_noema_calibrated_2.25_posted_price,tokens_admitted,mechanism,42.1845,NA,10,NA,NA
exp6_frontier,sp_high_hybrid_noema_calibrated_2.25_posted_price,median_latency,mechanism,81.72832502468857,NA,10,NA,NA
exp6_frontier,sp_high_hybrid_noema_calibrated_2.25_posted_price,alloc_ratio,mechanism,0.871822273701339,NA,10,NA,NA
exp6_frontier,sp_high_hybrid_noema_calibrated_2.25_posted_price,welfare_vs_posted_at_matched_volume,mechanism,NA,NA,10,NA,NA
exp6_frontier,sp_high_hybrid_noema_calibrated_2.25_posted_price,welfare_vs_posted_at_matched_latency,mechanism,NA,NA,10,NA,NA
exp6_frontier,sp_high_hybrid_noema_calibrated_2.25_posted_price_edf,welfare,mechanism,31.94533402851342,NA,10,NA,NA
exp6_frontier,sp_high_hybrid_noema_calibrated_2.25_posted_price_edf,tokens_admitted,mechanism,42.194,NA,10,NA,NA
exp6_frontier,sp_high_hybrid_noema_calibrated_2.25_posted_price_edf,median_latency,mechanism,81.73819597775585,NA,10,NA,NA
exp6_frontier,sp_high_hybrid_noema_calibrated_2.25_posted_price_edf,alloc_ratio,mechanism,0.8687579057752497,NA,10,NA,NA
exp6_frontier,sp_high_hybrid_noema_calibrated_2.25_posted_price_edf,welfare_vs_posted_at_matched_volume,mechanism,0.996591323577552,NA,10,NA,NA
exp6_frontier,sp_high_hybrid_noema_calibrated_2.25_posted_price_edf,welfare_vs_posted_at_matched_latency,mechanism,0.9966517036852001,NA,10,NA,NA
exp6_frontier,sp_high_hybrid_noema_calibrated_2.25_posted_price_fcfs,welfare,mechanism,31.93227908964505,NA,10,NA,NA
exp6_frontier,sp_high_hybrid_noema_calibrated_2.25_posted_price_fcfs,tokens_admitted,mechanism,42.187,NA,10,NA,NA
exp6_frontier,sp_high_hybrid_noema_calibrated_2.25_posted_price_fcfs,median_latency,mechanism,81.75097683402232,NA,10,NA,NA
exp6_frontier,sp_high_hybrid_noema_calibrated_2.25_posted_price_fcfs,alloc_ratio,mechanism,0.8685433494217305,NA,10,NA,NA
exp6_frontier,sp_high_hybrid_noema_calibrated_2.25_posted_price_fcfs,welfare_vs_posted_at_matched_volume,mechanism,0.9962529596224784,NA,10,NA,NA
exp6_frontier,sp_high_hybrid_noema_calibrated_2.25_posted_price_fcfs,welfare_vs_posted_at_matched_latency,mechanism,0.9961664608486995,NA,10,NA,NA
exp6_frontier,sp_high_hybrid_noema_calibrated_2.5_posted_price,welfare,mechanism,29.628160849090683,NA,10,NA,NA
exp6_frontier,sp_high_hybrid_noema_calibrated_2.5_posted_price,tokens_admitted,mechanism,36.027,NA,10,NA,NA
exp6_frontier,sp_high_hybrid_noema_calibrated_2.5_posted_price,median_latency,mechanism,76.1710675885743,NA,10,NA,NA
exp6_frontier,sp_high_hybrid_noema_calibrated_2.5_posted_price,alloc_ratio,mechanism,0.7627723747340749,NA,10,NA,NA
exp6_frontier,sp_high_hybrid_noema_calibrated_2.5_posted_price,welfare_vs_posted_at_matched_volume,mechanism,NA,NA,10,NA,NA
exp6_frontier,sp_high_hybrid_noema_calibrated_2.5_posted_price,welfare_vs_posted_at_matched_latency,mechanism,NA,NA,10,NA,NA
exp6_frontier,sp_high_hybrid_noema_calibrated_2.5_posted_price_edf,welfare,mechanism,29.578709912889433,NA,10,NA,NA
exp6_frontier,sp_high_hybrid_noema_calibrated_2.5_posted_price_edf,tokens_admitted,mechanism,35.998,NA,10,NA,NA
exp6_frontier,sp_high_hybrid_noema_calibrated_2.5_posted_price_edf,median_latency,mechanism,76.18765774613519,NA,10,NA,NA
exp6_frontier,sp_high_hybrid_noema_calibrated_2.5_posted_price_edf,alloc_ratio,mechanism,0.7615812857995385,NA,10,NA,NA
exp6_frontier,sp_high_hybrid_noema_calibrated_2.5_posted_price_edf,welfare_vs_posted_at_matched_volume,mechanism,0.9989742828402041,NA,10,NA,NA
exp6_frontier,sp_high_hybrid_noema_calibrated_2.5_posted_price_edf,welfare_vs_posted_at_matched_latency,mechanism,0.9982623312509029,NA,10,NA,NA
exp6_frontier,sp_high_hybrid_noema_calibrated_2.5_posted_price_fcfs,welfare,mechanism,29.578567853474663,NA,10,NA,NA
exp6_frontier,sp_high_hybrid_noema_calibrated_2.5_posted_price_fcfs,tokens_admitted,mechanism,35.996,NA,10,NA,NA
exp6_frontier,sp_high_hybrid_noema_calibrated_2.5_posted_price_fcfs,median_latency,mechanism,76.18814119094156,NA,10,NA,NA
exp6_frontier,sp_high_hybrid_noema_calibrated_2.5_posted_price_fcfs,alloc_ratio,mechanism,0.7615806437557321,NA,10,NA,NA
exp6_frontier,sp_high_hybrid_noema_calibrated_2.5_posted_price_fcfs,welfare_vs_posted_at_matched_volume,mechanism,0.9990133456688706,NA,10,NA,NA
exp6_frontier,sp_high_hybrid_noema_calibrated_2.5_posted_price_fcfs,welfare_vs_posted_at_matched_latency,mechanism,0.9982057667315192,NA,10,NA,NA
exp6_frontier,sp_high_hybrid_noema_calibrated_3_posted_price,welfare,mechanism,21.827462190168898,NA,10,NA,NA
exp6_frontier,sp_high_hybrid_noema_calibrated_3_posted_price,tokens_admitted,mechanism,24.0735,NA,10,NA,NA
exp6_frontier,sp_high_hybrid_noema_calibrated_3_posted_price,median_latency,mechanism,71.74733207484934,NA,10,NA,NA
exp6_frontier,sp_high_hybrid_noema_calibrated_3_posted_price,alloc_ratio,mechanism,0.5353325614081074,NA,10,NA,NA
exp6_frontier,sp_high_hybrid_noema_calibrated_3_posted_price,welfare_vs_posted_at_matched_volume,mechanism,NA,NA,10,NA,NA
exp6_frontier,sp_high_hybrid_noema_calibrated_3_posted_price,welfare_vs_posted_at_matched_latency,mechanism,NA,NA,10,NA,NA
exp6_frontier,sp_high_hybrid_noema_calibrated_3_posted_price_edf,welfare,mechanism,21.827425505560647,NA,10,NA,NA
exp6_frontier,sp_high_hybrid_noema_calibrated_3_posted_price_edf,tokens_admitted,mechanism,24.0735,NA,10,NA,NA
exp6_frontier,sp_high_hybrid_noema_calibrated_3_posted_price_edf,median_latency,mechanism,71.74882229415368,NA,10,NA,NA
exp6_frontier,sp_high_hybrid_noema_calibrated_3_posted_price_edf,alloc_ratio,mechanism,0.5353325614081074,NA,10,NA,NA
exp6_frontier,sp_high_hybrid_noema_calibrated_3_posted_price_edf,welfare_vs_posted_at_matched_volume,mechanism,0.9999983369755897,NA,10,NA,NA
exp6_frontier,sp_high_hybrid_noema_calibrated_3_posted_price_edf,welfare_vs_posted_at_matched_latency,mechanism,0.9996682858676338,NA,10,NA,NA
exp6_frontier,sp_high_hybrid_noema_calibrated_3_posted_price_fcfs,welfare,mechanism,21.827652985552067,NA,10,NA,NA
exp6_frontier,sp_high_hybrid_noema_calibrated_3_posted_price_fcfs,tokens_admitted,mechanism,24.0735,NA,10,NA,NA
exp6_frontier,sp_high_hybrid_noema_calibrated_3_posted_price_fcfs,median_latency,mechanism,71.74803156880265,NA,10,NA,NA
exp6_frontier,sp_high_hybrid_noema_calibrated_3_posted_price_fcfs,alloc_ratio,mechanism,0.5353325614081074,NA,10,NA,NA
exp6_frontier,sp_high_hybrid_noema_calibrated_3_posted_price_fcfs,welfare_vs_posted_at_matched_volume,mechanism,1.0000087046263508,NA,10,NA,NA
exp6_frontier,sp_high_hybrid_noema_calibrated_3_posted_price_fcfs,welfare_vs_posted_at_matched_latency,mechanism,0.9997314749481767,NA,10,NA,NA
exp6_frontier,sp_high_hybrid_noema_calibrated_4_posted_price,welfare,mechanism,0,NA,10,NA,NA
exp6_frontier,sp_high_hybrid_noema_calibrated_4_posted_price,tokens_admitted,mechanism,0,NA,10,NA,NA
exp6_frontier,sp_high_hybrid_noema_calibrated_4_posted_price,median_latency,mechanism,NA,NA,10,NA,NA
exp6_frontier,sp_high_hybrid_noema_calibrated_4_posted_price,alloc_ratio,mechanism,0,NA,10,NA,NA
exp6_frontier,sp_high_hybrid_noema_calibrated_4_posted_price,welfare_vs_posted_at_matched_volume,mechanism,NA,NA,10,NA,NA
exp6_frontier,sp_high_hybrid_noema_calibrated_4_posted_price,welfare_vs_posted_at_matched_latency,mechanism,NA,NA,10,NA,NA
exp6_frontier,sp_high_hybrid_noema_calibrated_4_posted_price_edf,welfare,mechanism,0,NA,10,NA,NA
exp6_frontier,sp_high_hybrid_noema_calibrated_4_posted_price_edf,tokens_admitted,mechanism,0,NA,10,NA,NA
exp6_frontier,sp_high_hybrid_noema_calibrated_4_posted_price_edf,median_latency,mechanism,NA,NA,10,NA,NA
exp6_frontier,sp_high_hybrid_noema_calibrated_4_posted_price_edf,alloc_ratio,mechanism,0,NA,10,NA,NA
exp6_frontier,sp_high_hybrid_noema_calibrated_4_posted_price_edf,welfare_vs_posted_at_matched_volume,mechanism,NA,NA,10,NA,NA
exp6_frontier,sp_high_hybrid_noema_calibrated_4_posted_price_edf,welfare_vs_posted_at_matched_latency,mechanism,NA,NA,10,NA,NA
exp6_frontier,sp_high_hybrid_noema_calibrated_4_posted_price_fcfs,welfare,mechanism,0,NA,10,NA,NA
exp6_frontier,sp_high_hybrid_noema_calibrated_4_posted_price_fcfs,tokens_admitted,mechanism,0,NA,10,NA,NA
exp6_frontier,sp_high_hybrid_noema_calibrated_4_posted_price_fcfs,median_latency,mechanism,NA,NA,10,NA,NA
exp6_frontier,sp_high_hybrid_noema_calibrated_4_posted_price_fcfs,alloc_ratio,mechanism,0,NA,10,NA,NA
exp6_frontier,sp_high_hybrid_noema_calibrated_4_posted_price_fcfs,welfare_vs_posted_at_matched_volume,mechanism,NA,NA,10,NA,NA
exp6_frontier,sp_high_hybrid_noema_calibrated_4_posted_price_fcfs,welfare_vs_posted_at_matched_latency,mechanism,NA,NA,10,NA,NA
exp6_frontier,sp_high_hybrid_noema_calibrated_4_posted_price_matched,welfare,mechanism,0,NA,10,NA,NA
exp6_frontier,sp_high_hybrid_noema_calibrated_4_posted_price_matched,tokens_admitted,mechanism,0,NA,10,NA,NA
exp6_frontier,sp_high_hybrid_noema_calibrated_4_posted_price_matched,median_latency,mechanism,NA,NA,10,NA,NA
exp6_frontier,sp_high_hybrid_noema_calibrated_4_posted_price_matched,alloc_ratio,mechanism,0,NA,10,NA,NA
exp6_frontier,sp_high_hybrid_noema_calibrated_4_posted_price_matched,welfare_vs_posted_at_matched_volume,mechanism,NA,NA,10,NA,NA
exp6_frontier,sp_high_hybrid_noema_calibrated_4_posted_price_matched,welfare_vs_posted_at_matched_latency,mechanism,NA,NA,10,NA,NA
exp6_frontier,sp_high_naive_baseline_1_edf,welfare,mechanism,3.0262000661226525,NA,10,NA,NA
exp6_frontier,sp_high_naive_baseline_1_edf,tokens_admitted,mechanism,49.9735,NA,10,NA,NA
exp6_frontier,sp_high_naive_baseline_1_edf,median_latency,mechanism,341.92844485907574,NA,10,NA,NA
exp6_frontier,sp_high_naive_baseline_1_edf,alloc_ratio,mechanism,0.9252289044149486,NA,10,NA,NA
exp6_frontier,sp_high_naive_baseline_1_edf,welfare_vs_posted_at_matched_volume,mechanism,NA,NA,10,NA,NA
exp6_frontier,sp_high_naive_baseline_1_edf,welfare_vs_posted_at_matched_latency,mechanism,NA,NA,10,NA,NA
exp6_frontier,sp_high_naive_baseline_1_greedy_ev,welfare,mechanism,3.2626697254018193,NA,10,NA,NA
exp6_frontier,sp_high_naive_baseline_1_greedy_ev,tokens_admitted,mechanism,49.9735,NA,10,NA,NA
exp6_frontier,sp_high_naive_baseline_1_greedy_ev,median_latency,mechanism,341.91145297180736,NA,10,NA,NA
exp6_frontier,sp_high_naive_baseline_1_greedy_ev,alloc_ratio,mechanism,0.9999635382404133,NA,10,NA,NA
exp6_frontier,sp_high_naive_baseline_1_greedy_ev,welfare_vs_posted_at_matched_volume,mechanism,NA,NA,10,NA,NA
exp6_frontier,sp_high_naive_baseline_1_greedy_ev,welfare_vs_posted_at_matched_latency,mechanism,NA,NA,10,NA,NA
exp6_frontier,sp_high_naive_baseline_1_k8s,welfare,mechanism,3.0302812447582914,NA,10,NA,NA
exp6_frontier,sp_high_naive_baseline_1_k8s,tokens_admitted,mechanism,49.9735,NA,10,NA,NA
exp6_frontier,sp_high_naive_baseline_1_k8s,median_latency,mechanism,341.88496956648964,NA,10,NA,NA
exp6_frontier,sp_high_naive_baseline_1_k8s,alloc_ratio,mechanism,0.925916510685755,NA,10,NA,NA
exp6_frontier,sp_high_naive_baseline_1_k8s,welfare_vs_posted_at_matched_volume,mechanism,NA,NA,10,NA,NA
exp6_frontier,sp_high_naive_baseline_1_k8s,welfare_vs_posted_at_matched_latency,mechanism,NA,NA,10,NA,NA
exp6_frontier,sp_high_naive_baseline_1_market,welfare,mechanism,11.429227269977984,NA,10,NA,NA
exp6_frontier,sp_high_naive_baseline_1_market,tokens_admitted,mechanism,36.837,NA,10,NA,NA
exp6_frontier,sp_high_naive_baseline_1_market,median_latency,mechanism,212.82025612962136,NA,10,NA,NA
exp6_frontier,sp_high_naive_baseline_1_market,alloc_ratio,mechanism,0.754097796274935,NA,10,NA,NA
exp6_frontier,sp_high_naive_baseline_1_market,welfare_vs_posted_at_matched_volume,mechanism,0.5673857313174816,NA,10,NA,NA
exp6_frontier,sp_high_naive_baseline_1_market,welfare_vs_posted_at_matched_latency,mechanism,0.7698641792029423,NA,10,NA,NA
exp6_frontier,sp_high_naive_baseline_1_market_asc,welfare,mechanism,17.961793062649665,NA,10,NA,NA
exp6_frontier,sp_high_naive_baseline_1_market_asc,tokens_admitted,mechanism,47.09,NA,10,NA,NA
exp6_frontier,sp_high_naive_baseline_1_market_asc,median_latency,mechanism,178.8923350034847,NA,10,NA,NA
exp6_frontier,sp_high_naive_baseline_1_market_asc,alloc_ratio,mechanism,0.9540643122882316,NA,10,NA,NA
exp6_frontier,sp_high_naive_baseline_1_market_asc,welfare_vs_posted_at_matched_volume,mechanism,1.9779938131455255,NA,10,NA,NA
exp6_frontier,sp_high_naive_baseline_1_market_asc,welfare_vs_posted_at_matched_latency,mechanism,1.0023670414660755,NA,10,NA,NA
exp6_frontier,sp_high_naive_baseline_1_market_cc,welfare,mechanism,8.254828052667358,NA,10,NA,NA
exp6_frontier,sp_high_naive_baseline_1_market_cc,tokens_admitted,mechanism,24.9195,NA,10,NA,NA
exp6_frontier,sp_high_naive_baseline_1_market_cc,median_latency,mechanism,207.10147020387973,NA,10,NA,NA
exp6_frontier,sp_high_naive_baseline_1_market_cc,alloc_ratio,mechanism,0.5129965407862419,NA,10,NA,NA
exp6_frontier,sp_high_naive_baseline_1_market_cc,welfare_vs_posted_at_matched_volume,mechanism,0.41777591157264926,NA,10,NA,NA
exp6_frontier,sp_high_naive_baseline_1_market_cc,welfare_vs_posted_at_matched_latency,mechanism,0.5368536439682936,NA,10,NA,NA
exp6_frontier,sp_high_naive_baseline_1_posted_price,welfare,mechanism,6.10841261165948,NA,10,NA,NA
exp6_frontier,sp_high_naive_baseline_1_posted_price,tokens_admitted,mechanism,48.8635,NA,10,NA,NA
exp6_frontier,sp_high_naive_baseline_1_posted_price,median_latency,mechanism,309.51799896315026,NA,10,NA,NA
exp6_frontier,sp_high_naive_baseline_1_posted_price,alloc_ratio,mechanism,0.982082210006467,NA,10,NA,NA
exp6_frontier,sp_high_naive_baseline_1_posted_price,welfare_vs_posted_at_matched_volume,mechanism,NA,NA,10,NA,NA
exp6_frontier,sp_high_naive_baseline_1_posted_price,welfare_vs_posted_at_matched_latency,mechanism,NA,NA,10,NA,NA
exp6_frontier,sp_high_naive_baseline_1_posted_price_edf,welfare,mechanism,5.994936847620334,NA,10,NA,NA
exp6_frontier,sp_high_naive_baseline_1_posted_price_edf,tokens_admitted,mechanism,48.859,NA,10,NA,NA
exp6_frontier,sp_high_naive_baseline_1_posted_price_edf,median_latency,mechanism,309.74624301337934,NA,10,NA,NA
exp6_frontier,sp_high_naive_baseline_1_posted_price_edf,alloc_ratio,mechanism,0.9463159534055715,NA,10,NA,NA
exp6_frontier,sp_high_naive_baseline_1_posted_price_edf,welfare_vs_posted_at_matched_volume,mechanism,0.9835601232344398,NA,10,NA,NA
exp6_frontier,sp_high_naive_baseline_1_posted_price_edf,welfare_vs_posted_at_matched_latency,mechanism,0.9845314186866992,NA,10,NA,NA
exp6_frontier,sp_high_naive_baseline_1_posted_price_fcfs,welfare,mechanism,5.977215153248187,NA,10,NA,NA
exp6_frontier,sp_high_naive_baseline_1_posted_price_fcfs,tokens_admitted,mechanism,48.859,NA,10,NA,NA
exp6_frontier,sp_high_naive_baseline_1_posted_price_fcfs,median_latency,mechanism,309.9643255639224,NA,10,NA,NA
exp6_frontier,sp_high_naive_baseline_1_posted_price_fcfs,alloc_ratio,mechanism,0.9463788842013847,NA,10,NA,NA
exp6_frontier,sp_high_naive_baseline_1_posted_price_fcfs,welfare_vs_posted_at_matched_volume,mechanism,0.9777256608232308,NA,10,NA,NA
exp6_frontier,sp_high_naive_baseline_1_posted_price_fcfs,welfare_vs_posted_at_matched_latency,mechanism,0.9836420713437153,NA,10,NA,NA
exp6_frontier,sp_high_naive_baseline_1_posted_price_matched,welfare,mechanism,3.2626697254018193,NA,10,NA,NA
exp6_frontier,sp_high_naive_baseline_1_posted_price_matched,tokens_admitted,mechanism,49.9735,NA,10,NA,NA
exp6_frontier,sp_high_naive_baseline_1_posted_price_matched,median_latency,mechanism,341.91145297180736,NA,10,NA,NA
exp6_frontier,sp_high_naive_baseline_1_posted_price_matched,alloc_ratio,mechanism,0.9999635382404133,NA,10,NA,NA
exp6_frontier,sp_high_naive_baseline_1_posted_price_matched,welfare_vs_posted_at_matched_volume,mechanism,NA,NA,10,NA,NA
exp6_frontier,sp_high_naive_baseline_1_posted_price_matched,welfare_vs_posted_at_matched_latency,mechanism,NA,NA,10,NA,NA
exp6_frontier,sp_high_naive_baseline_1_random,welfare,mechanism,3.026593980925349,NA,10,NA,NA
exp6_frontier,sp_high_naive_baseline_1_random,tokens_admitted,mechanism,49.9735,NA,10,NA,NA
exp6_frontier,sp_high_naive_baseline_1_random,median_latency,mechanism,342.1481295249388,NA,10,NA,NA
exp6_frontier,sp_high_naive_baseline_1_random,alloc_ratio,mechanism,0.9259170374537645,NA,10,NA,NA
exp6_frontier,sp_high_naive_baseline_1_random,welfare_vs_posted_at_matched_volume,mechanism,NA,NA,10,NA,NA
exp6_frontier,sp_high_naive_baseline_1_random,welfare_vs_posted_at_matched_latency,mechanism,NA,NA,10,NA,NA
exp6_frontier,sp_high_naive_baseline_1.25_posted_price,welfare,mechanism,19.191451640125337,NA,10,NA,NA
exp6_frontier,sp_high_naive_baseline_1.25_posted_price,tokens_admitted,mechanism,41.0135,NA,10,NA,NA
exp6_frontier,sp_high_naive_baseline_1.25_posted_price,median_latency,mechanism,165.02861616611455,NA,10,NA,NA
exp6_frontier,sp_high_naive_baseline_1.25_posted_price,alloc_ratio,mechanism,0.8459134092929848,NA,10,NA,NA
exp6_frontier,sp_high_naive_baseline_1.25_posted_price,welfare_vs_posted_at_matched_volume,mechanism,NA,NA,10,NA,NA
exp6_frontier,sp_high_naive_baseline_1.25_posted_price,welfare_vs_posted_at_matched_latency,mechanism,NA,NA,10,NA,NA
exp6_frontier,sp_high_naive_baseline_1.25_posted_price_edf,welfare,mechanism,19.127526153250297,NA,10,NA,NA
exp6_frontier,sp_high_naive_baseline_1.25_posted_price_edf,tokens_admitted,mechanism,41.0045,NA,10,NA,NA
exp6_frontier,sp_high_naive_baseline_1.25_posted_price_edf,median_latency,mechanism,165.6278317938517,NA,10,NA,NA
exp6_frontier,sp_high_naive_baseline_1.25_posted_price_edf,alloc_ratio,mechanism,0.8394900471240445,NA,10,NA,NA
exp6_frontier,sp_high_naive_baseline_1.25_posted_price_edf,welfare_vs_posted_at_matched_volume,mechanism,0.9974765494841087,NA,10,NA,NA
exp6_frontier,sp_high_naive_baseline_1.25_posted_price_edf,welfare_vs_posted_at_matched_latency,mechanism,0.9999141858954927,NA,10,NA,NA
exp6_frontier,sp_high_naive_baseline_1.25_posted_price_fcfs,welfare,mechanism,19.152716196009933,NA,10,NA,NA
exp6_frontier,sp_high_naive_baseline_1.25_posted_price_fcfs,tokens_admitted,mechanism,41.0095,NA,10,NA,NA
exp6_frontier,sp_high_naive_baseline_1.25_posted_price_fcfs,median_latency,mechanism,165.33127642114303,NA,10,NA,NA
exp6_frontier,sp_high_naive_baseline_1.25_posted_price_fcfs,alloc_ratio,mechanism,0.8396578642191191,NA,10,NA,NA
exp6_frontier,sp_high_naive_baseline_1.25_posted_price_fcfs,welfare_vs_posted_at_matched_volume,mechanism,0.9991242755795144,NA,10,NA,NA
exp6_frontier,sp_high_naive_baseline_1.25_posted_price_fcfs,welfare_vs_posted_at_matched_latency,mechanism,1.0002708962440316,NA,10,NA,NA
exp6_frontier,sp_high_naive_baseline_1.5_posted_price,welfare,mechanism,21.529364830056302,NA,10,NA,NA
exp6_frontier,sp_high_naive_baseline_1.5_posted_price,tokens_admitted,mechanism,31.192,NA,10,NA,NA
exp6_frontier,sp_high_naive_baseline_1.5_posted_price,median_latency,mechanism,103.37589382749076,NA,10,NA,NA
exp6_frontier,sp_high_naive_baseline_1.5_posted_price,alloc_ratio,mechanism,0.6637082220899297,NA,10,NA,NA
exp6_frontier,sp_high_naive_baseline_1.5_posted_price,welfare_vs_posted_at_matched_volume,mechanism,NA,NA,10,NA,NA
exp6_frontier,sp_high_naive_baseline_1.5_posted_price,welfare_vs_posted_at_matched_latency,mechanism,NA,NA,10,NA,NA
exp6_frontier,sp_high_naive_baseline_1.5_posted_price_edf,welfare,mechanism,21.5349507662361,NA,10,NA,NA
exp6_frontier,sp_high_naive_baseline_1.5_posted_price_edf,tokens_admitted,mechanism,31.19,NA,10,NA,NA
exp6_frontier,sp_high_naive_baseline_1.5_posted_price_edf,median_latency,mechanism,103.21326892440062,NA,10,NA,NA
exp6_frontier,sp_high_naive_baseline_1.5_posted_price_edf,alloc_ratio,mechanism,0.6625186612831395,NA,10,NA,NA
exp6_frontier,sp_high_naive_baseline_1.5_posted_price_edf,welfare_vs_posted_at_matched_volume,mechanism,1.000379286497028,NA,10,NA,NA
exp6_frontier,sp_high_naive_baseline_1.5_posted_price_edf,welfare_vs_posted_at_matched_latency,mechanism,1.0008390733097177,NA,10,NA,NA
exp6_frontier,sp_high_naive_baseline_1.5_posted_price_fcfs,welfare,mechanism,21.51855358383198,NA,10,NA,NA
exp6_frontier,sp_high_naive_baseline_1.5_posted_price_fcfs,tokens_admitted,mechanism,31.192,NA,10,NA,NA
exp6_frontier,sp_high_naive_baseline_1.5_posted_price_fcfs,median_latency,mechanism,103.3748331494802,NA,10,NA,NA
exp6_frontier,sp_high_naive_baseline_1.5_posted_price_fcfs,alloc_ratio,mechanism,0.662567081482859,NA,10,NA,NA
exp6_frontier,sp_high_naive_baseline_1.5_posted_price_fcfs,welfare_vs_posted_at_matched_volume,mechanism,0.9995135673502786,NA,10,NA,NA
exp6_frontier,sp_high_naive_baseline_1.5_posted_price_fcfs,welfare_vs_posted_at_matched_latency,mechanism,0.9997408479243592,NA,10,NA,NA
exp6_frontier,sp_high_naive_baseline_1.75_posted_price,welfare,mechanism,19.092252866016135,NA,10,NA,NA
exp6_frontier,sp_high_naive_baseline_1.75_posted_price,tokens_admitted,mechanism,22.37,NA,10,NA,NA
exp6_frontier,sp_high_naive_baseline_1.75_posted_price,median_latency,mechanism,76.55525224703622,NA,10,NA,NA
exp6_frontier,sp_high_naive_baseline_1.75_posted_price,alloc_ratio,mechanism,0.4937890789785268,NA,10,NA,NA
exp6_frontier,sp_high_naive_baseline_1.75_posted_price,welfare_vs_posted_at_matched_volume,mechanism,NA,NA,10,NA,NA
exp6_frontier,sp_high_naive_baseline_1.75_posted_price,welfare_vs_posted_at_matched_latency,mechanism,NA,NA,10,NA,NA
exp6_frontier,sp_high_naive_baseline_1.75_posted_price_edf,welfare,mechanism,19.09169125614553,NA,10,NA,NA
exp6_frontier,sp_high_naive_baseline_1.75_posted_price_edf,tokens_admitted,mechanism,22.37,NA,10,NA,NA
exp6_frontier,sp_high_naive_baseline_1.75_posted_price_edf,median_latency,mechanism,76.55355288593641,NA,10,NA,NA
exp6_frontier,sp_high_naive_baseline_1.75_posted_price_edf,alloc_ratio,mechanism,0.4937684537750921,NA,10,NA,NA
exp6_frontier,sp_high_naive_baseline_1.75_posted_price_edf,welfare_vs_posted_at_matched_volume,mechanism,0.9999707661255062,NA,10,NA,NA
exp6_frontier,sp_high_naive_baseline_1.75_posted_price_edf,welfare_vs_posted_at_matched_latency,mechanism,1.0005128618849866,NA,10,NA,NA
exp6_frontier,sp_high_naive_baseline_1.75_posted_price_fcfs,welfare,mechanism,19.094786175088174,NA,10,NA,NA
exp6_frontier,sp_high_naive_baseline_1.75_posted_price_fcfs,tokens_admitted,mechanism,22.3705,NA,10,NA,NA
exp6_frontier,sp_high_naive_baseline_1.75_posted_price_fcfs,median_latency,mechanism,76.54413595909871,NA,10,NA,NA
exp6_frontier,sp_high_naive_baseline_1.75_posted_price_fcfs,alloc_ratio,mechanism,0.4937949191507402,NA,10,NA,NA
exp6_frontier,sp_high_naive_baseline_1.75_posted_price_fcfs,welfare_vs_posted_at_matched_volume,mechanism,1.0001170414683056,NA,10,NA,NA
exp6_frontier,sp_high_naive_baseline_1.75_posted_price_fcfs,welfare_vs_posted_at_matched_latency,mechanism,1.0015629635863057,NA,10,NA,NA
exp6_frontier,sp_high_naive_baseline_2_posted_price,welfare,mechanism,13.26644745565337,NA,10,NA,NA
exp6_frontier,sp_high_naive_baseline_2_posted_price,tokens_admitted,mechanism,14.319,NA,10,NA,NA
exp6_frontier,sp_high_naive_baseline_2_posted_price,median_latency,mechanism,72.2989342940489,NA,10,NA,NA
exp6_frontier,sp_high_naive_baseline_2_posted_price,alloc_ratio,mechanism,0.3280964260733171,NA,10,NA,NA
exp6_frontier,sp_high_naive_baseline_2_posted_price,welfare_vs_posted_at_matched_volume,mechanism,NA,NA,10,NA,NA
exp6_frontier,sp_high_naive_baseline_2_posted_price,welfare_vs_posted_at_matched_latency,mechanism,NA,NA,10,NA,NA
exp6_frontier,sp_high_naive_baseline_2_posted_price_edf,welfare,mechanism,13.266567255045,NA,10,NA,NA
exp6_frontier,sp_high_naive_baseline_2_posted_price_edf,tokens_admitted,mechanism,14.319,NA,10,NA,NA
exp6_frontier,sp_high_naive_baseline_2_posted_price_edf,median_latency,mechanism,72.29899249709462,NA,10,NA,NA
exp6_frontier,sp_high_naive_baseline_2_posted_price_edf,alloc_ratio,mechanism,0.3280964260733171,NA,10,NA,NA
exp6_frontier,sp_high_naive_baseline_2_posted_price_edf,welfare_vs_posted_at_matched_volume,mechanism,1.0000091665006945,NA,10,NA,NA
exp6_frontier,sp_high_naive_baseline_2_posted_price_edf,welfare_vs_posted_at_matched_latency,mechanism,0.9990819938142164,NA,10,NA,NA
exp6_frontier,sp_high_naive_baseline_2_posted_price_fcfs,welfare,mechanism,13.266632885661739,NA,10,NA,NA
exp6_frontier,sp_high_naive_baseline_2_posted_price_fcfs,tokens_admitted,mechanism,14.319,NA,10,NA,NA
exp6_frontier,sp_high_naive_baseline_2_posted_price_fcfs,median_latency,mechanism,72.30072548389526,NA,10,NA,NA
exp6_frontier,sp_high_naive_baseline_2_posted_price_fcfs,alloc_ratio,mechanism,0.3280964260733171,NA,10,NA,NA
exp6_frontier,sp_high_naive_baseline_2_posted_price_fcfs,welfare_vs_posted_at_matched_volume,mechanism,1.0000139525148395,NA,10,NA,NA
exp6_frontier,sp_high_naive_baseline_2_posted_price_fcfs,welfare_vs_posted_at_matched_latency,mechanism,0.9993096364938041,NA,10,NA,NA
exp6_frontier,sp_high_naive_baseline_2_posted_price_matched,welfare,mechanism,17.356544828057523,NA,10,NA,NA
exp6_frontier,sp_high_naive_baseline_2_posted_price_matched,tokens_admitted,mechanism,43.3005,NA,10,NA,NA
exp6_frontier,sp_high_naive_baseline_2_posted_price_matched,median_latency,mechanism,189.200516852276,NA,10,NA,NA
exp6_frontier,sp_high_naive_baseline_2_posted_price_matched,alloc_ratio,mechanism,0.8874784986372235,NA,10,NA,NA
exp6_frontier,sp_high_naive_baseline_2_posted_price_matched,welfare_vs_posted_at_matched_volume,mechanism,1.1282097739498673,NA,10,NA,NA
exp6_frontier,sp_high_naive_baseline_2_posted_price_matched,welfare_vs_posted_at_matched_latency,mechanism,1.021372687487493,NA,10,NA,NA
exp6_frontier,sp_high_naive_baseline_2.25_posted_price,welfare,mechanism,0,NA,10,NA,NA
exp6_frontier,sp_high_naive_baseline_2.25_posted_price,tokens_admitted,mechanism,0,NA,10,NA,NA
exp6_frontier,sp_high_naive_baseline_2.25_posted_price,median_latency,mechanism,NA,NA,10,NA,NA
exp6_frontier,sp_high_naive_baseline_2.25_posted_price,alloc_ratio,mechanism,0,NA,10,NA,NA
exp6_frontier,sp_high_naive_baseline_2.25_posted_price,welfare_vs_posted_at_matched_volume,mechanism,NA,NA,10,NA,NA
exp6_frontier,sp_high_naive_baseline_2.25_posted_price,welfare_vs_posted_at_matched_latency,mechanism,NA,NA,10,NA,NA
exp6_frontier,sp_high_naive_baseline_2.25_posted_price_edf,welfare,mechanism,0,NA,10,NA,NA
exp6_frontier,sp_high_naive_baseline_2.25_posted_price_edf,tokens_admitted,mechanism,0,NA,10,NA,NA
exp6_frontier,sp_high_naive_baseline_2.25_posted_price_edf,median_latency,mechanism,NA,NA,10,NA,NA
exp6_frontier,sp_high_naive_baseline_2.25_posted_price_edf,alloc_ratio,mechanism,0,NA,10,NA,NA
exp6_frontier,sp_high_naive_baseline_2.25_posted_price_edf,welfare_vs_posted_at_matched_volume,mechanism,NA,NA,10,NA,NA
exp6_frontier,sp_high_naive_baseline_2.25_posted_price_edf,welfare_vs_posted_at_matched_latency,mechanism,NA,NA,10,NA,NA
exp6_frontier,sp_high_naive_baseline_2.25_posted_price_fcfs,welfare,mechanism,0,NA,10,NA,NA
exp6_frontier,sp_high_naive_baseline_2.25_posted_price_fcfs,tokens_admitted,mechanism,0,NA,10,NA,NA
exp6_frontier,sp_high_naive_baseline_2.25_posted_price_fcfs,median_latency,mechanism,NA,NA,10,NA,NA
exp6_frontier,sp_high_naive_baseline_2.25_posted_price_fcfs,alloc_ratio,mechanism,0,NA,10,NA,NA
exp6_frontier,sp_high_naive_baseline_2.25_posted_price_fcfs,welfare_vs_posted_at_matched_volume,mechanism,NA,NA,10,NA,NA
exp6_frontier,sp_high_naive_baseline_2.25_posted_price_fcfs,welfare_vs_posted_at_matched_latency,mechanism,NA,NA,10,NA,NA
exp6_frontier,sp_high_naive_baseline_2.5_posted_price,welfare,mechanism,0,NA,10,NA,NA
exp6_frontier,sp_high_naive_baseline_2.5_posted_price,tokens_admitted,mechanism,0,NA,10,NA,NA
exp6_frontier,sp_high_naive_baseline_2.5_posted_price,median_latency,mechanism,NA,NA,10,NA,NA
exp6_frontier,sp_high_naive_baseline_2.5_posted_price,alloc_ratio,mechanism,0,NA,10,NA,NA
exp6_frontier,sp_high_naive_baseline_2.5_posted_price,welfare_vs_posted_at_matched_volume,mechanism,NA,NA,10,NA,NA
exp6_frontier,sp_high_naive_baseline_2.5_posted_price,welfare_vs_posted_at_matched_latency,mechanism,NA,NA,10,NA,NA
exp6_frontier,sp_high_naive_baseline_2.5_posted_price_edf,welfare,mechanism,0,NA,10,NA,NA
exp6_frontier,sp_high_naive_baseline_2.5_posted_price_edf,tokens_admitted,mechanism,0,NA,10,NA,NA
exp6_frontier,sp_high_naive_baseline_2.5_posted_price_edf,median_latency,mechanism,NA,NA,10,NA,NA
exp6_frontier,sp_high_naive_baseline_2.5_posted_price_edf,alloc_ratio,mechanism,0,NA,10,NA,NA
exp6_frontier,sp_high_naive_baseline_2.5_posted_price_edf,welfare_vs_posted_at_matched_volume,mechanism,NA,NA,10,NA,NA
exp6_frontier,sp_high_naive_baseline_2.5_posted_price_edf,welfare_vs_posted_at_matched_latency,mechanism,NA,NA,10,NA,NA
exp6_frontier,sp_high_naive_baseline_2.5_posted_price_fcfs,welfare,mechanism,0,NA,10,NA,NA
exp6_frontier,sp_high_naive_baseline_2.5_posted_price_fcfs,tokens_admitted,mechanism,0,NA,10,NA,NA
exp6_frontier,sp_high_naive_baseline_2.5_posted_price_fcfs,median_latency,mechanism,NA,NA,10,NA,NA
exp6_frontier,sp_high_naive_baseline_2.5_posted_price_fcfs,alloc_ratio,mechanism,0,NA,10,NA,NA
exp6_frontier,sp_high_naive_baseline_2.5_posted_price_fcfs,welfare_vs_posted_at_matched_volume,mechanism,NA,NA,10,NA,NA
exp6_frontier,sp_high_naive_baseline_2.5_posted_price_fcfs,welfare_vs_posted_at_matched_latency,mechanism,NA,NA,10,NA,NA
exp6_frontier,sp_high_naive_baseline_3_posted_price,welfare,mechanism,0,NA,10,NA,NA
exp6_frontier,sp_high_naive_baseline_3_posted_price,tokens_admitted,mechanism,0,NA,10,NA,NA
exp6_frontier,sp_high_naive_baseline_3_posted_price,median_latency,mechanism,NA,NA,10,NA,NA
exp6_frontier,sp_high_naive_baseline_3_posted_price,alloc_ratio,mechanism,0,NA,10,NA,NA
exp6_frontier,sp_high_naive_baseline_3_posted_price,welfare_vs_posted_at_matched_volume,mechanism,NA,NA,10,NA,NA
exp6_frontier,sp_high_naive_baseline_3_posted_price,welfare_vs_posted_at_matched_latency,mechanism,NA,NA,10,NA,NA
exp6_frontier,sp_high_naive_baseline_3_posted_price_edf,welfare,mechanism,0,NA,10,NA,NA
exp6_frontier,sp_high_naive_baseline_3_posted_price_edf,tokens_admitted,mechanism,0,NA,10,NA,NA
exp6_frontier,sp_high_naive_baseline_3_posted_price_edf,median_latency,mechanism,NA,NA,10,NA,NA
exp6_frontier,sp_high_naive_baseline_3_posted_price_edf,alloc_ratio,mechanism,0,NA,10,NA,NA
exp6_frontier,sp_high_naive_baseline_3_posted_price_edf,welfare_vs_posted_at_matched_volume,mechanism,NA,NA,10,NA,NA
exp6_frontier,sp_high_naive_baseline_3_posted_price_edf,welfare_vs_posted_at_matched_latency,mechanism,NA,NA,10,NA,NA
exp6_frontier,sp_high_naive_baseline_3_posted_price_fcfs,welfare,mechanism,0,NA,10,NA,NA
exp6_frontier,sp_high_naive_baseline_3_posted_price_fcfs,tokens_admitted,mechanism,0,NA,10,NA,NA
exp6_frontier,sp_high_naive_baseline_3_posted_price_fcfs,median_latency,mechanism,NA,NA,10,NA,NA
exp6_frontier,sp_high_naive_baseline_3_posted_price_fcfs,alloc_ratio,mechanism,0,NA,10,NA,NA
exp6_frontier,sp_high_naive_baseline_3_posted_price_fcfs,welfare_vs_posted_at_matched_volume,mechanism,NA,NA,10,NA,NA
exp6_frontier,sp_high_naive_baseline_3_posted_price_fcfs,welfare_vs_posted_at_matched_latency,mechanism,NA,NA,10,NA,NA
exp6_frontier,sp_high_naive_baseline_4_posted_price,welfare,mechanism,0,NA,10,NA,NA
exp6_frontier,sp_high_naive_baseline_4_posted_price,tokens_admitted,mechanism,0,NA,10,NA,NA
exp6_frontier,sp_high_naive_baseline_4_posted_price,median_latency,mechanism,NA,NA,10,NA,NA
exp6_frontier,sp_high_naive_baseline_4_posted_price,alloc_ratio,mechanism,0,NA,10,NA,NA
exp6_frontier,sp_high_naive_baseline_4_posted_price,welfare_vs_posted_at_matched_volume,mechanism,NA,NA,10,NA,NA
exp6_frontier,sp_high_naive_baseline_4_posted_price,welfare_vs_posted_at_matched_latency,mechanism,NA,NA,10,NA,NA
exp6_frontier,sp_high_naive_baseline_4_posted_price_edf,welfare,mechanism,0,NA,10,NA,NA
exp6_frontier,sp_high_naive_baseline_4_posted_price_edf,tokens_admitted,mechanism,0,NA,10,NA,NA
exp6_frontier,sp_high_naive_baseline_4_posted_price_edf,median_latency,mechanism,NA,NA,10,NA,NA
exp6_frontier,sp_high_naive_baseline_4_posted_price_edf,alloc_ratio,mechanism,0,NA,10,NA,NA
exp6_frontier,sp_high_naive_baseline_4_posted_price_edf,welfare_vs_posted_at_matched_volume,mechanism,NA,NA,10,NA,NA
exp6_frontier,sp_high_naive_baseline_4_posted_price_edf,welfare_vs_posted_at_matched_latency,mechanism,NA,NA,10,NA,NA
exp6_frontier,sp_high_naive_baseline_4_posted_price_fcfs,welfare,mechanism,0,NA,10,NA,NA
exp6_frontier,sp_high_naive_baseline_4_posted_price_fcfs,tokens_admitted,mechanism,0,NA,10,NA,NA
exp6_frontier,sp_high_naive_baseline_4_posted_price_fcfs,median_latency,mechanism,NA,NA,10,NA,NA
exp6_frontier,sp_high_naive_baseline_4_posted_price_fcfs,alloc_ratio,mechanism,0,NA,10,NA,NA
exp6_frontier,sp_high_naive_baseline_4_posted_price_fcfs,welfare_vs_posted_at_matched_volume,mechanism,NA,NA,10,NA,NA
exp6_frontier,sp_high_naive_baseline_4_posted_price_fcfs,welfare_vs_posted_at_matched_latency,mechanism,NA,NA,10,NA,NA
exp6_frontier,sp_high_naive_baseline_4_posted_price_matched,welfare,mechanism,0,NA,10,NA,NA
exp6_frontier,sp_high_naive_baseline_4_posted_price_matched,tokens_admitted,mechanism,0,NA,10,NA,NA
exp6_frontier,sp_high_naive_baseline_4_posted_price_matched,median_latency,mechanism,NA,NA,10,NA,NA
exp6_frontier,sp_high_naive_baseline_4_posted_price_matched,alloc_ratio,mechanism,0,NA,10,NA,NA
exp6_frontier,sp_high_naive_baseline_4_posted_price_matched,welfare_vs_posted_at_matched_volume,mechanism,NA,NA,10,NA,NA
exp6_frontier,sp_high_naive_baseline_4_posted_price_matched,welfare_vs_posted_at_matched_latency,mechanism,NA,NA,10,NA,NA
exp6_frontier,sp_high_naive_calibrated_1_edf,welfare,mechanism,30.845669911486134,NA,10,NA,NA
exp6_frontier,sp_high_naive_calibrated_1_edf,tokens_admitted,mechanism,49.9735,NA,10,NA,NA
exp6_frontier,sp_high_naive_calibrated_1_edf,median_latency,mechanism,92.3930397013345,NA,10,NA,NA
exp6_frontier,sp_high_naive_calibrated_1_edf,alloc_ratio,mechanism,0.9252289044149486,NA,10,NA,NA
exp6_frontier,sp_high_naive_calibrated_1_edf,welfare_vs_posted_at_matched_volume,mechanism,NA,NA,10,NA,NA
exp6_frontier,sp_high_naive_calibrated_1_edf,welfare_vs_posted_at_matched_latency,mechanism,NA,NA,10,NA,NA
exp6_frontier,sp_high_naive_calibrated_1_greedy_ev,welfare,mechanism,33.37087613442919,NA,10,NA,NA
exp6_frontier,sp_high_naive_calibrated_1_greedy_ev,tokens_admitted,mechanism,49.9735,NA,10,NA,NA
exp6_frontier,sp_high_naive_calibrated_1_greedy_ev,median_latency,mechanism,92.3872824466299,NA,10,NA,NA
exp6_frontier,sp_high_naive_calibrated_1_greedy_ev,alloc_ratio,mechanism,0.9999635382404133,NA,10,NA,NA
exp6_frontier,sp_high_naive_calibrated_1_greedy_ev,welfare_vs_posted_at_matched_volume,mechanism,NA,NA,10,NA,NA
exp6_frontier,sp_high_naive_calibrated_1_greedy_ev,welfare_vs_posted_at_matched_latency,mechanism,NA,NA,10,NA,NA
exp6_frontier,sp_high_naive_calibrated_1_k8s,welfare,mechanism,30.87593309942347,NA,10,NA,NA
exp6_frontier,sp_high_naive_calibrated_1_k8s,tokens_admitted,mechanism,49.9735,NA,10,NA,NA
exp6_frontier,sp_high_naive_calibrated_1_k8s,median_latency,mechanism,92.376854578801,NA,10,NA,NA
exp6_frontier,sp_high_naive_calibrated_1_k8s,alloc_ratio,mechanism,0.925916510685755,NA,10,NA,NA
exp6_frontier,sp_high_naive_calibrated_1_k8s,welfare_vs_posted_at_matched_volume,mechanism,NA,NA,10,NA,NA
exp6_frontier,sp_high_naive_calibrated_1_k8s,welfare_vs_posted_at_matched_latency,mechanism,NA,NA,10,NA,NA
exp6_frontier,sp_high_naive_calibrated_1_market,welfare,mechanism,26.456576596872214,NA,10,NA,NA
exp6_frontier,sp_high_naive_calibrated_1_market,tokens_admitted,mechanism,36.837,NA,10,NA,NA
exp6_frontier,sp_high_naive_calibrated_1_market,median_latency,mechanism,84.19270060194003,NA,10,NA,NA
exp6_frontier,sp_high_naive_calibrated_1_market,alloc_ratio,mechanism,0.754097796274935,NA,10,NA,NA
exp6_frontier,sp_high_naive_calibrated_1_market,welfare_vs_posted_at_matched_volume,mechanism,0.921732861297379,NA,10,NA,NA
exp6_frontier,sp_high_naive_calibrated_1_market,welfare_vs_posted_at_matched_latency,mechanism,0.8439494814043962,NA,10,NA,NA
exp6_frontier,sp_high_naive_calibrated_1_market_asc,welfare,mechanism,33.08819247237003,NA,10,NA,NA
exp6_frontier,sp_high_naive_calibrated_1_market_asc,tokens_admitted,mechanism,47.09,NA,10,NA,NA
exp6_frontier,sp_high_naive_calibrated_1_market_asc,median_latency,mechanism,88.20585776075369,NA,10,NA,NA
exp6_frontier,sp_high_naive_calibrated_1_market_asc,alloc_ratio,mechanism,0.9540643122882316,NA,10,NA,NA
exp6_frontier,sp_high_naive_calibrated_1_market_asc,welfare_vs_posted_at_matched_volume,mechanism,1.0132725050500389,NA,10,NA,NA
exp6_frontier,sp_high_naive_calibrated_1_market_asc,welfare_vs_posted_at_matched_latency,mechanism,1.019939076824758,NA,10,NA,NA
exp6_frontier,sp_high_naive_calibrated_1_market_cc,welfare,mechanism,18.377657073960652,NA,10,NA,NA
exp6_frontier,sp_high_naive_calibrated_1_market_cc,tokens_admitted,mechanism,25.306,NA,10,NA,NA
exp6_frontier,sp_high_naive_calibrated_1_market_cc,median_latency,mechanism,83.58157336202952,NA,10,NA,NA
exp6_frontier,sp_high_naive_calibrated_1_market_cc,alloc_ratio,mechanism,0.5200867059590305,NA,10,NA,NA
exp6_frontier,sp_high_naive_calibrated_1_market_cc,welfare_vs_posted_at_matched_volume,mechanism,0.8390676468840125,NA,10,NA,NA
exp6_frontier,sp_high_naive_calibrated_1_market_cc,welfare_vs_posted_at_matched_latency,mechanism,0.5891107368372042,NA,10,NA,NA
exp6_frontier,sp_high_naive_calibrated_1_posted_price,welfare,mechanism,33.16616476575689,NA,10,NA,NA
exp6_frontier,sp_high_naive_calibrated_1_posted_price,tokens_admitted,mechanism,48.8635,NA,10,NA,NA
exp6_frontier,sp_high_naive_calibrated_1_posted_price,median_latency,mechanism,90.95830426626196,NA,10,NA,NA
exp6_frontier,sp_high_naive_calibrated_1_posted_price,alloc_ratio,mechanism,0.982082210006467,NA,10,NA,NA
exp6_frontier,sp_high_naive_calibrated_1_posted_price,welfare_vs_posted_at_matched_volume,mechanism,NA,NA,10,NA,NA
exp6_frontier,sp_high_naive_calibrated_1_posted_price,welfare_vs_posted_at_matched_latency,mechanism,NA,NA,10,NA,NA
exp6_frontier,sp_high_naive_calibrated_1_posted_price_edf,welfare,mechanism,31.9563347889212,NA,10,NA,NA
exp6_frontier,sp_high_naive_calibrated_1_posted_price_edf,tokens_admitted,mechanism,48.859,NA,10,NA,NA
exp6_frontier,sp_high_naive_calibrated_1_posted_price_edf,median_latency,mechanism,90.94562666413503,NA,10,NA,NA
exp6_frontier,sp_high_naive_calibrated_1_posted_price_edf,alloc_ratio,mechanism,0.9463159534055715,NA,10,NA,NA
exp6_frontier,sp_high_naive_calibrated_1_posted_price_edf,welfare_vs_posted_at_matched_volume,mechanism,0.9639964685713871,NA,10,NA,NA
exp6_frontier,sp_high_naive_calibrated_1_posted_price_edf,welfare_vs_posted_at_matched_latency,mechanism,0.9642454994995888,NA,10,NA,NA
exp6_frontier,sp_high_naive_calibrated_1_posted_price_fcfs,welfare,mechanism,31.953319417713676,NA,10,NA,NA
exp6_frontier,sp_high_naive_calibrated_1_posted_price_fcfs,tokens_admitted,mechanism,48.859,NA,10,NA,NA
exp6_frontier,sp_high_naive_calibrated_1_posted_price_fcfs,median_latency,mechanism,90.94723936018394,NA,10,NA,NA
exp6_frontier,sp_high_naive_calibrated_1_posted_price_fcfs,alloc_ratio,mechanism,0.9463788842013847,NA,10,NA,NA
exp6_frontier,sp_high_naive_calibrated_1_posted_price_fcfs,welfare_vs_posted_at_matched_volume,mechanism,0.9638926132939348,NA,10,NA,NA
exp6_frontier,sp_high_naive_calibrated_1_posted_price_fcfs,welfare_vs_posted_at_matched_latency,mechanism,0.9638383571041096,NA,10,NA,NA
exp6_frontier,sp_high_naive_calibrated_1_posted_price_matched,welfare,mechanism,33.37087613442919,NA,10,NA,NA
exp6_frontier,sp_high_naive_calibrated_1_posted_price_matched,tokens_admitted,mechanism,49.9735,NA,10,NA,NA
exp6_frontier,sp_high_naive_calibrated_1_posted_price_matched,median_latency,mechanism,92.3872824466299,NA,10,NA,NA
exp6_frontier,sp_high_naive_calibrated_1_posted_price_matched,alloc_ratio,mechanism,0.9999635382404133,NA,10,NA,NA
exp6_frontier,sp_high_naive_calibrated_1_posted_price_matched,welfare_vs_posted_at_matched_volume,mechanism,NA,NA,10,NA,NA
exp6_frontier,sp_high_naive_calibrated_1_posted_price_matched,welfare_vs_posted_at_matched_latency,mechanism,NA,NA,10,NA,NA
exp6_frontier,sp_high_naive_calibrated_1_random,welfare,mechanism,30.860587151292332,NA,10,NA,NA
exp6_frontier,sp_high_naive_calibrated_1_random,tokens_admitted,mechanism,49.9735,NA,10,NA,NA
exp6_frontier,sp_high_naive_calibrated_1_random,median_latency,mechanism,92.45078135021456,NA,10,NA,NA
exp6_frontier,sp_high_naive_calibrated_1_random,alloc_ratio,mechanism,0.9259170374537645,NA,10,NA,NA
exp6_frontier,sp_high_naive_calibrated_1_random,welfare_vs_posted_at_matched_volume,mechanism,NA,NA,10,NA,NA
exp6_frontier,sp_high_naive_calibrated_1_random,welfare_vs_posted_at_matched_latency,mechanism,NA,NA,10,NA,NA
exp6_frontier,sp_high_naive_calibrated_1.25_posted_price,welfare,mechanism,30.881682503863207,NA,10,NA,NA
exp6_frontier,sp_high_naive_calibrated_1.25_posted_price,tokens_admitted,mechanism,41.0135,NA,10,NA,NA
exp6_frontier,sp_high_naive_calibrated_1.25_posted_price,median_latency,mechanism,82.32686733350901,NA,10,NA,NA
exp6_frontier,sp_high_naive_calibrated_1.25_posted_price,alloc_ratio,mechanism,0.8459134092929848,NA,10,NA,NA
exp6_frontier,sp_high_naive_calibrated_1.25_posted_price,welfare_vs_posted_at_matched_volume,mechanism,NA,NA,10,NA,NA
exp6_frontier,sp_high_naive_calibrated_1.25_posted_price,welfare_vs_posted_at_matched_latency,mechanism,NA,NA,10,NA,NA
exp6_frontier,sp_high_naive_calibrated_1.25_posted_price_edf,welfare,mechanism,30.65957177821108,NA,10,NA,NA
exp6_frontier,sp_high_naive_calibrated_1.25_posted_price_edf,tokens_admitted,mechanism,41.0045,NA,10,NA,NA
exp6_frontier,sp_high_naive_calibrated_1.25_posted_price_edf,median_latency,mechanism,82.32098440663495,NA,10,NA,NA
exp6_frontier,sp_high_naive_calibrated_1.25_posted_price_edf,alloc_ratio,mechanism,0.8394900471240445,NA,10,NA,NA
exp6_frontier,sp_high_naive_calibrated_1.25_posted_price_edf,welfare_vs_posted_at_matched_volume,mechanism,0.9930577141235892,NA,10,NA,NA
exp6_frontier,sp_high_naive_calibrated_1.25_posted_price_edf,welfare_vs_posted_at_matched_latency,mechanism,0.9930383992349796,NA,10,NA,NA
exp6_frontier,sp_high_naive_calibrated_1.25_posted_price_fcfs,welfare,mechanism,30.667459022060974,NA,10,NA,NA
exp6_frontier,sp_high_naive_calibrated_1.25_posted_price_fcfs,tokens_admitted,mechanism,41.0095,NA,10,NA,NA
exp6_frontier,sp_high_naive_calibrated_1.25_posted_price_fcfs,median_latency,mechanism,82.31526829099363,NA,10,NA,NA
exp6_frontier,sp_high_naive_calibrated_1.25_posted_price_fcfs,alloc_ratio,mechanism,0.8396578642191191,NA,10,NA,NA
exp6_frontier,sp_high_naive_calibrated_1.25_posted_price_fcfs,welfare_vs_posted_at_matched_volume,mechanism,0.9932343235181312,NA,10,NA,NA
exp6_frontier,sp_high_naive_calibrated_1.25_posted_price_fcfs,welfare_vs_posted_at_matched_latency,mechanism,0.9934812878062684,NA,10,NA,NA
exp6_frontier,sp_high_naive_calibrated_1.5_posted_price,welfare,mechanism,25.7511492812476,NA,10,NA,NA
exp6_frontier,sp_high_naive_calibrated_1.5_posted_price,tokens_admitted,mechanism,31.192,NA,10,NA,NA
exp6_frontier,sp_high_naive_calibrated_1.5_posted_price,median_latency,mechanism,75.86907803327729,NA,10,NA,NA
exp6_frontier,sp_high_naive_calibrated_1.5_posted_price,alloc_ratio,mechanism,0.6637082220899297,NA,10,NA,NA
exp6_frontier,sp_high_naive_calibrated_1.5_posted_price,welfare_vs_posted_at_matched_volume,mechanism,NA,NA,10,NA,NA
exp6_frontier,sp_high_naive_calibrated_1.5_posted_price,welfare_vs_posted_at_matched_latency,mechanism,NA,NA,10,NA,NA
exp6_frontier,sp_high_naive_calibrated_1.5_posted_price_edf,welfare,mechanism,25.710020195192705,NA,10,NA,NA
exp6_frontier,sp_high_naive_calibrated_1.5_posted_price_edf,tokens_admitted,mechanism,31.19,NA,10,NA,NA
exp6_frontier,sp_high_naive_calibrated_1.5_posted_price_edf,median_latency,mechanism,75.86267254428776,NA,10,NA,NA
exp6_frontier,sp_high_naive_calibrated_1.5_posted_price_edf,alloc_ratio,mechanism,0.6625186612831395,NA,10,NA,NA
exp6_frontier,sp_high_naive_calibrated_1.5_posted_price_edf,welfare_vs_posted_at_matched_volume,mechanism,0.9984457213878137,NA,10,NA,NA
exp6_frontier,sp_high_naive_calibrated_1.5_posted_price_edf,welfare_vs_posted_at_matched_latency,mechanism,0.9987773267654626,NA,10,NA,NA
exp6_frontier,sp_high_naive_calibrated_1.5_posted_price_fcfs,welfare,mechanism,25.710752383968586,NA,10,NA,NA
exp6_frontier,sp_high_naive_calibrated_1.5_posted_price_fcfs,tokens_admitted,mechanism,31.192,NA,10,NA,NA
exp6_frontier,sp_high_naive_calibrated_1.5_posted_price_fcfs,median_latency,mechanism,75.86839772344739,NA,10,NA,NA
exp6_frontier,sp_high_naive_calibrated_1.5_posted_price_fcfs,alloc_ratio,mechanism,0.662567081482859,NA,10,NA,NA
exp6_frontier,sp_high_naive_calibrated_1.5_posted_price_fcfs,welfare_vs_posted_at_matched_volume,mechanism,0.9984241496598114,NA,10,NA,NA
exp6_frontier,sp_high_naive_calibrated_1.5_posted_price_fcfs,welfare_vs_posted_at_matched_latency,mechanism,0.9985539153545484,NA,10,NA,NA
exp6_frontier,sp_high_naive_calibrated_1.75_posted_price,welfare,mechanism,19.99506089195708,NA,10,NA,NA
exp6_frontier,sp_high_naive_calibrated_1.75_posted_price,tokens_admitted,mechanism,22.37,NA,10,NA,NA
exp6_frontier,sp_high_naive_calibrated_1.75_posted_price,median_latency,mechanism,72.14357975242845,NA,10,NA,NA
exp6_frontier,sp_high_naive_calibrated_1.75_posted_price,alloc_ratio,mechanism,0.4937890789785268,NA,10,NA,NA
exp6_frontier,sp_high_naive_calibrated_1.75_posted_price,welfare_vs_posted_at_matched_volume,mechanism,NA,NA,10,NA,NA
exp6_frontier,sp_high_naive_calibrated_1.75_posted_price,welfare_vs_posted_at_matched_latency,mechanism,NA,NA,10,NA,NA
exp6_frontier,sp_high_naive_calibrated_1.75_posted_price_edf,welfare,mechanism,19.99389782484797,NA,10,NA,NA
exp6_frontier,sp_high_naive_calibrated_1.75_posted_price_edf,tokens_admitted,mechanism,22.37,NA,10,NA,NA
exp6_frontier,sp_high_naive_calibrated_1.75_posted_price_edf,median_latency,mechanism,72.14294367648881,NA,10,NA,NA
exp6_frontier,sp_high_naive_calibrated_1.75_posted_price_edf,alloc_ratio,mechanism,0.4937684537750921,NA,10,NA,NA
exp6_frontier,sp_high_naive_calibrated_1.75_posted_price_edf,welfare_vs_posted_at_matched_volume,mechanism,0.9999420630377427,NA,10,NA,NA
exp6_frontier,sp_high_naive_calibrated_1.75_posted_price_edf,welfare_vs_posted_at_matched_latency,mechanism,1.0005771334095768,NA,10,NA,NA
exp6_frontier,sp_high_naive_calibrated_1.75_posted_price_fcfs,welfare,mechanism,19.996134992949216,NA,10,NA,NA
exp6_frontier,sp_high_naive_calibrated_1.75_posted_price_fcfs,tokens_admitted,mechanism,22.3705,NA,10,NA,NA
exp6_frontier,sp_high_naive_calibrated_1.75_posted_price_fcfs,median_latency,mechanism,72.13818788708099,NA,10,NA,NA
exp6_frontier,sp_high_naive_calibrated_1.75_posted_price_fcfs,alloc_ratio,mechanism,0.4937949191507402,NA,10,NA,NA
exp6_frontier,sp_high_naive_calibrated_1.75_posted_price_fcfs,welfare_vs_posted_at_matched_volume,mechanism,1.0000346662001165,NA,10,NA,NA
exp6_frontier,sp_high_naive_calibrated_1.75_posted_price_fcfs,welfare_vs_posted_at_matched_latency,mechanism,1.0025141950998875,NA,10,NA,NA
exp6_frontier,sp_high_naive_calibrated_2_posted_price,welfare,mechanism,13.506468253504881,NA,10,NA,NA
exp6_frontier,sp_high_naive_calibrated_2_posted_price,tokens_admitted,mechanism,14.319,NA,10,NA,NA
exp6_frontier,sp_high_naive_calibrated_2_posted_price,median_latency,mechanism,70.82043522851521,NA,10,NA,NA
exp6_frontier,sp_high_naive_calibrated_2_posted_price,alloc_ratio,mechanism,0.3280964260733171,NA,10,NA,NA
exp6_frontier,sp_high_naive_calibrated_2_posted_price,welfare_vs_posted_at_matched_volume,mechanism,NA,NA,10,NA,NA
exp6_frontier,sp_high_naive_calibrated_2_posted_price,welfare_vs_posted_at_matched_latency,mechanism,NA,NA,10,NA,NA
exp6_frontier,sp_high_naive_calibrated_2_posted_price_edf,welfare,mechanism,13.506584921364173,NA,10,NA,NA
exp6_frontier,sp_high_naive_calibrated_2_posted_price_edf,tokens_admitted,mechanism,14.319,NA,10,NA,NA
exp6_frontier,sp_high_naive_calibrated_2_posted_price_edf,median_latency,mechanism,70.82027358516287,NA,10,NA,NA
exp6_frontier,sp_high_naive_calibrated_2_posted_price_edf,alloc_ratio,mechanism,0.3280964260733171,NA,10,NA,NA
exp6_frontier,sp_high_naive_calibrated_2_posted_price_edf,welfare_vs_posted_at_matched_volume,mechanism,1.0000087785676501,NA,10,NA,NA
exp6_frontier,sp_high_naive_calibrated_2_posted_price_edf,welfare_vs_posted_at_matched_latency,mechanism,0.998929841507643,NA,10,NA,NA
exp6_frontier,sp_high_naive_calibrated_2_posted_price_fcfs,welfare,mechanism,13.50664890508857,NA,10,NA,NA
exp6_frontier,sp_high_naive_calibrated_2_posted_price_fcfs,tokens_admitted,mechanism,14.319,NA,10,NA,NA
exp6_frontier,sp_high_naive_calibrated_2_posted_price_fcfs,median_latency,mechanism,70.82089017744133,NA,10,NA,NA
exp6_frontier,sp_high_naive_calibrated_2_posted_price_fcfs,alloc_ratio,mechanism,0.3280964260733171,NA,10,NA,NA
exp6_frontier,sp_high_naive_calibrated_2_posted_price_fcfs,welfare_vs_posted_at_matched_volume,mechanism,1.000013365545975,NA,10,NA,NA
exp6_frontier,sp_high_naive_calibrated_2_posted_price_fcfs,welfare_vs_posted_at_matched_latency,mechanism,0.9991592281350493,NA,10,NA,NA
exp6_frontier,sp_high_naive_calibrated_2_posted_price_matched,welfare,mechanism,31.860204891223148,NA,10,NA,NA
exp6_frontier,sp_high_naive_calibrated_2_posted_price_matched,tokens_admitted,mechanism,43.3005,NA,10,NA,NA
exp6_frontier,sp_high_naive_calibrated_2_posted_price_matched,median_latency,mechanism,84.1467526778146,NA,10,NA,NA
exp6_frontier,sp_high_naive_calibrated_2_posted_price_matched,alloc_ratio,mechanism,0.8874784986372235,NA,10,NA,NA
exp6_frontier,sp_high_naive_calibrated_2_posted_price_matched,welfare_vs_posted_at_matched_volume,mechanism,1.0096747720999304,NA,10,NA,NA
exp6_frontier,sp_high_naive_calibrated_2_posted_price_matched,welfare_vs_posted_at_matched_latency,mechanism,1.0162930972726105,NA,10,NA,NA
exp6_frontier,sp_high_naive_calibrated_2.25_posted_price,welfare,mechanism,0,NA,10,NA,NA
exp6_frontier,sp_high_naive_calibrated_2.25_posted_price,tokens_admitted,mechanism,0,NA,10,NA,NA
exp6_frontier,sp_high_naive_calibrated_2.25_posted_price,median_latency,mechanism,NA,NA,10,NA,NA
exp6_frontier,sp_high_naive_calibrated_2.25_posted_price,alloc_ratio,mechanism,0,NA,10,NA,NA
exp6_frontier,sp_high_naive_calibrated_2.25_posted_price,welfare_vs_posted_at_matched_volume,mechanism,NA,NA,10,NA,NA
exp6_frontier,sp_high_naive_calibrated_2.25_posted_price,welfare_vs_posted_at_matched_latency,mechanism,NA,NA,10,NA,NA
exp6_frontier,sp_high_naive_calibrated_2.25_posted_price_edf,welfare,mechanism,0,NA,10,NA,NA
exp6_frontier,sp_high_naive_calibrated_2.25_posted_price_edf,tokens_admitted,mechanism,0,NA,10,NA,NA
exp6_frontier,sp_high_naive_calibrated_2.25_posted_price_edf,median_latency,mechanism,NA,NA,10,NA,NA
exp6_frontier,sp_high_naive_calibrated_2.25_posted_price_edf,alloc_ratio,mechanism,0,NA,10,NA,NA
exp6_frontier,sp_high_naive_calibrated_2.25_posted_price_edf,welfare_vs_posted_at_matched_volume,mechanism,NA,NA,10,NA,NA
exp6_frontier,sp_high_naive_calibrated_2.25_posted_price_edf,welfare_vs_posted_at_matched_latency,mechanism,NA,NA,10,NA,NA
exp6_frontier,sp_high_naive_calibrated_2.25_posted_price_fcfs,welfare,mechanism,0,NA,10,NA,NA
exp6_frontier,sp_high_naive_calibrated_2.25_posted_price_fcfs,tokens_admitted,mechanism,0,NA,10,NA,NA
exp6_frontier,sp_high_naive_calibrated_2.25_posted_price_fcfs,median_latency,mechanism,NA,NA,10,NA,NA
exp6_frontier,sp_high_naive_calibrated_2.25_posted_price_fcfs,alloc_ratio,mechanism,0,NA,10,NA,NA
exp6_frontier,sp_high_naive_calibrated_2.25_posted_price_fcfs,welfare_vs_posted_at_matched_volume,mechanism,NA,NA,10,NA,NA
exp6_frontier,sp_high_naive_calibrated_2.25_posted_price_fcfs,welfare_vs_posted_at_matched_latency,mechanism,NA,NA,10,NA,NA
exp6_frontier,sp_high_naive_calibrated_2.5_posted_price,welfare,mechanism,0,NA,10,NA,NA
exp6_frontier,sp_high_naive_calibrated_2.5_posted_price,tokens_admitted,mechanism,0,NA,10,NA,NA
exp6_frontier,sp_high_naive_calibrated_2.5_posted_price,median_latency,mechanism,NA,NA,10,NA,NA
exp6_frontier,sp_high_naive_calibrated_2.5_posted_price,alloc_ratio,mechanism,0,NA,10,NA,NA
exp6_frontier,sp_high_naive_calibrated_2.5_posted_price,welfare_vs_posted_at_matched_volume,mechanism,NA,NA,10,NA,NA
exp6_frontier,sp_high_naive_calibrated_2.5_posted_price,welfare_vs_posted_at_matched_latency,mechanism,NA,NA,10,NA,NA
exp6_frontier,sp_high_naive_calibrated_2.5_posted_price_edf,welfare,mechanism,0,NA,10,NA,NA
exp6_frontier,sp_high_naive_calibrated_2.5_posted_price_edf,tokens_admitted,mechanism,0,NA,10,NA,NA
exp6_frontier,sp_high_naive_calibrated_2.5_posted_price_edf,median_latency,mechanism,NA,NA,10,NA,NA
exp6_frontier,sp_high_naive_calibrated_2.5_posted_price_edf,alloc_ratio,mechanism,0,NA,10,NA,NA
exp6_frontier,sp_high_naive_calibrated_2.5_posted_price_edf,welfare_vs_posted_at_matched_volume,mechanism,NA,NA,10,NA,NA
exp6_frontier,sp_high_naive_calibrated_2.5_posted_price_edf,welfare_vs_posted_at_matched_latency,mechanism,NA,NA,10,NA,NA
exp6_frontier,sp_high_naive_calibrated_2.5_posted_price_fcfs,welfare,mechanism,0,NA,10,NA,NA
exp6_frontier,sp_high_naive_calibrated_2.5_posted_price_fcfs,tokens_admitted,mechanism,0,NA,10,NA,NA
exp6_frontier,sp_high_naive_calibrated_2.5_posted_price_fcfs,median_latency,mechanism,NA,NA,10,NA,NA
exp6_frontier,sp_high_naive_calibrated_2.5_posted_price_fcfs,alloc_ratio,mechanism,0,NA,10,NA,NA
exp6_frontier,sp_high_naive_calibrated_2.5_posted_price_fcfs,welfare_vs_posted_at_matched_volume,mechanism,NA,NA,10,NA,NA
exp6_frontier,sp_high_naive_calibrated_2.5_posted_price_fcfs,welfare_vs_posted_at_matched_latency,mechanism,NA,NA,10,NA,NA
exp6_frontier,sp_high_naive_calibrated_3_posted_price,welfare,mechanism,0,NA,10,NA,NA
exp6_frontier,sp_high_naive_calibrated_3_posted_price,tokens_admitted,mechanism,0,NA,10,NA,NA
exp6_frontier,sp_high_naive_calibrated_3_posted_price,median_latency,mechanism,NA,NA,10,NA,NA
exp6_frontier,sp_high_naive_calibrated_3_posted_price,alloc_ratio,mechanism,0,NA,10,NA,NA
exp6_frontier,sp_high_naive_calibrated_3_posted_price,welfare_vs_posted_at_matched_volume,mechanism,NA,NA,10,NA,NA
exp6_frontier,sp_high_naive_calibrated_3_posted_price,welfare_vs_posted_at_matched_latency,mechanism,NA,NA,10,NA,NA
exp6_frontier,sp_high_naive_calibrated_3_posted_price_edf,welfare,mechanism,0,NA,10,NA,NA
exp6_frontier,sp_high_naive_calibrated_3_posted_price_edf,tokens_admitted,mechanism,0,NA,10,NA,NA
exp6_frontier,sp_high_naive_calibrated_3_posted_price_edf,median_latency,mechanism,NA,NA,10,NA,NA
exp6_frontier,sp_high_naive_calibrated_3_posted_price_edf,alloc_ratio,mechanism,0,NA,10,NA,NA
exp6_frontier,sp_high_naive_calibrated_3_posted_price_edf,welfare_vs_posted_at_matched_volume,mechanism,NA,NA,10,NA,NA
exp6_frontier,sp_high_naive_calibrated_3_posted_price_edf,welfare_vs_posted_at_matched_latency,mechanism,NA,NA,10,NA,NA
exp6_frontier,sp_high_naive_calibrated_3_posted_price_fcfs,welfare,mechanism,0,NA,10,NA,NA
exp6_frontier,sp_high_naive_calibrated_3_posted_price_fcfs,tokens_admitted,mechanism,0,NA,10,NA,NA
exp6_frontier,sp_high_naive_calibrated_3_posted_price_fcfs,median_latency,mechanism,NA,NA,10,NA,NA
exp6_frontier,sp_high_naive_calibrated_3_posted_price_fcfs,alloc_ratio,mechanism,0,NA,10,NA,NA
exp6_frontier,sp_high_naive_calibrated_3_posted_price_fcfs,welfare_vs_posted_at_matched_volume,mechanism,NA,NA,10,NA,NA
exp6_frontier,sp_high_naive_calibrated_3_posted_price_fcfs,welfare_vs_posted_at_matched_latency,mechanism,NA,NA,10,NA,NA
exp6_frontier,sp_high_naive_calibrated_4_posted_price,welfare,mechanism,0,NA,10,NA,NA
exp6_frontier,sp_high_naive_calibrated_4_posted_price,tokens_admitted,mechanism,0,NA,10,NA,NA
exp6_frontier,sp_high_naive_calibrated_4_posted_price,median_latency,mechanism,NA,NA,10,NA,NA
exp6_frontier,sp_high_naive_calibrated_4_posted_price,alloc_ratio,mechanism,0,NA,10,NA,NA
exp6_frontier,sp_high_naive_calibrated_4_posted_price,welfare_vs_posted_at_matched_volume,mechanism,NA,NA,10,NA,NA
exp6_frontier,sp_high_naive_calibrated_4_posted_price,welfare_vs_posted_at_matched_latency,mechanism,NA,NA,10,NA,NA
exp6_frontier,sp_high_naive_calibrated_4_posted_price_edf,welfare,mechanism,0,NA,10,NA,NA
exp6_frontier,sp_high_naive_calibrated_4_posted_price_edf,tokens_admitted,mechanism,0,NA,10,NA,NA
exp6_frontier,sp_high_naive_calibrated_4_posted_price_edf,median_latency,mechanism,NA,NA,10,NA,NA
exp6_frontier,sp_high_naive_calibrated_4_posted_price_edf,alloc_ratio,mechanism,0,NA,10,NA,NA
exp6_frontier,sp_high_naive_calibrated_4_posted_price_edf,welfare_vs_posted_at_matched_volume,mechanism,NA,NA,10,NA,NA
exp6_frontier,sp_high_naive_calibrated_4_posted_price_edf,welfare_vs_posted_at_matched_latency,mechanism,NA,NA,10,NA,NA
exp6_frontier,sp_high_naive_calibrated_4_posted_price_fcfs,welfare,mechanism,0,NA,10,NA,NA
exp6_frontier,sp_high_naive_calibrated_4_posted_price_fcfs,tokens_admitted,mechanism,0,NA,10,NA,NA
exp6_frontier,sp_high_naive_calibrated_4_posted_price_fcfs,median_latency,mechanism,NA,NA,10,NA,NA
exp6_frontier,sp_high_naive_calibrated_4_posted_price_fcfs,alloc_ratio,mechanism,0,NA,10,NA,NA
exp6_frontier,sp_high_naive_calibrated_4_posted_price_fcfs,welfare_vs_posted_at_matched_volume,mechanism,NA,NA,10,NA,NA
exp6_frontier,sp_high_naive_calibrated_4_posted_price_fcfs,welfare_vs_posted_at_matched_latency,mechanism,NA,NA,10,NA,NA
exp6_frontier,sp_high_naive_calibrated_4_posted_price_matched,welfare,mechanism,0,NA,10,NA,NA
exp6_frontier,sp_high_naive_calibrated_4_posted_price_matched,tokens_admitted,mechanism,0,NA,10,NA,NA
exp6_frontier,sp_high_naive_calibrated_4_posted_price_matched,median_latency,mechanism,NA,NA,10,NA,NA
exp6_frontier,sp_high_naive_calibrated_4_posted_price_matched,alloc_ratio,mechanism,0,NA,10,NA,NA
exp6_frontier,sp_high_naive_calibrated_4_posted_price_matched,welfare_vs_posted_at_matched_volume,mechanism,NA,NA,10,NA,NA
exp6_frontier,sp_high_naive_calibrated_4_posted_price_matched,welfare_vs_posted_at_matched_latency,mechanism,NA,NA,10,NA,NA
exp6_frontier,sp_medium_hybrid_noema_baseline_1_edf,welfare,mechanism,21.45008752466108,NA,10,NA,NA
exp6_frontier,sp_medium_hybrid_noema_baseline_1_edf,tokens_admitted,mechanism,44.1065,NA,10,NA,NA
exp6_frontier,sp_medium_hybrid_noema_baseline_1_edf,median_latency,mechanism,131.80054305369205,NA,10,NA,NA
exp6_frontier,sp_medium_hybrid_noema_baseline_1_edf,alloc_ratio,mechanism,0.9949176733655156,NA,10,NA,NA
exp6_frontier,sp_medium_hybrid_noema_baseline_1_edf,welfare_vs_posted_at_matched_volume,mechanism,0.9981908588833929,NA,10,NA,NA
exp6_frontier,sp_medium_hybrid_noema_baseline_1_edf,welfare_vs_posted_at_matched_latency,mechanism,0.9984082817994628,NA,10,NA,NA
exp6_frontier,sp_medium_hybrid_noema_baseline_1_greedy_ev,welfare,mechanism,21.488893082713336,NA,10,NA,NA
exp6_frontier,sp_medium_hybrid_noema_baseline_1_greedy_ev,tokens_admitted,mechanism,44.1065,NA,10,NA,NA
exp6_frontier,sp_medium_hybrid_noema_baseline_1_greedy_ev,median_latency,mechanism,131.7941304227573,NA,10,NA,NA
exp6_frontier,sp_medium_hybrid_noema_baseline_1_greedy_ev,alloc_ratio,mechanism,0.9999904769041716,NA,10,NA,NA
exp6_frontier,sp_medium_hybrid_noema_baseline_1_greedy_ev,welfare_vs_posted_at_matched_volume,mechanism,1,NA,10,NA,NA
exp6_frontier,sp_medium_hybrid_noema_baseline_1_greedy_ev,welfare_vs_posted_at_matched_latency,mechanism,1,NA,10,NA,NA
exp6_frontier,sp_medium_hybrid_noema_baseline_1_k8s,welfare,mechanism,21.4522048442451,NA,10,NA,NA
exp6_frontier,sp_medium_hybrid_noema_baseline_1_k8s,tokens_admitted,mechanism,44.1065,NA,10,NA,NA
exp6_frontier,sp_medium_hybrid_noema_baseline_1_k8s,median_latency,mechanism,131.7919890597683,NA,10,NA,NA
exp6_frontier,sp_medium_hybrid_noema_baseline_1_k8s,alloc_ratio,mechanism,0.995093665213256,NA,10,NA,NA
exp6_frontier,sp_medium_hybrid_noema_baseline_1_k8s,welfare_vs_posted_at_matched_volume,mechanism,0.9982895006148029,NA,10,NA,NA
exp6_frontier,sp_medium_hybrid_noema_baseline_1_k8s,welfare_vs_posted_at_matched_latency,mechanism,0.9982127477688227,NA,10,NA,NA
exp6_frontier,sp_medium_hybrid_noema_baseline_1_market,welfare,mechanism,21.870638529224884,NA,10,NA,NA
exp6_frontier,sp_medium_hybrid_noema_baseline_1_market,tokens_admitted,mechanism,44.057,NA,10,NA,NA
exp6_frontier,sp_medium_hybrid_noema_baseline_1_market,median_latency,mechanism,128.5063516219041,NA,10,NA,NA
exp6_frontier,sp_medium_hybrid_noema_baseline_1_market,alloc_ratio,mechanism,0.9992829367850237,NA,10,NA,NA
exp6_frontier,sp_medium_hybrid_noema_baseline_1_market,welfare_vs_posted_at_matched_volume,mechanism,1.0161275919879373,NA,10,NA,NA
exp6_frontier,sp_medium_hybrid_noema_baseline_1_market,welfare_vs_posted_at_matched_latency,mechanism,1.001034899517528,NA,10,NA,NA
exp6_frontier,sp_medium_hybrid_noema_baseline_1_market_asc,welfare,mechanism,21.542946570162673,NA,10,NA,NA
exp6_frontier,sp_medium_hybrid_noema_baseline_1_market_asc,tokens_admitted,mechanism,44.1,NA,10,NA,NA
exp6_frontier,sp_medium_hybrid_noema_baseline_1_market_asc,median_latency,mechanism,131.3118803537981,NA,10,NA,NA
exp6_frontier,sp_medium_hybrid_noema_baseline_1_market_asc,alloc_ratio,mechanism,0.9998998115661686,NA,10,NA,NA
exp6_frontier,sp_medium_hybrid_noema_baseline_1_market_asc,welfare_vs_posted_at_matched_volume,mechanism,1.002367957640044,NA,10,NA,NA
exp6_frontier,sp_medium_hybrid_noema_baseline_1_market_asc,welfare_vs_posted_at_matched_latency,mechanism,1.0003394066878357,NA,10,NA,NA
exp6_frontier,sp_medium_hybrid_noema_baseline_1_market_cc,welfare,mechanism,18.094865603078333,NA,10,NA,NA
exp6_frontier,sp_medium_hybrid_noema_baseline_1_market_cc,tokens_admitted,mechanism,35.8605,NA,10,NA,NA
exp6_frontier,sp_medium_hybrid_noema_baseline_1_market_cc,median_latency,mechanism,126.83553430530718,NA,10,NA,NA
exp6_frontier,sp_medium_hybrid_noema_baseline_1_market_cc,alloc_ratio,mechanism,0.8152182151198679,NA,10,NA,NA
exp6_frontier,sp_medium_hybrid_noema_baseline_1_market_cc,welfare_vs_posted_at_matched_volume,mechanism,0.7079552870084231,NA,10,NA,NA
exp6_frontier,sp_medium_hybrid_noema_baseline_1_market_cc,welfare_vs_posted_at_matched_latency,mechanism,0.8206511577837556,NA,10,NA,NA
exp6_frontier,sp_medium_hybrid_noema_baseline_1_market_posted_slice,welfare,mechanism,21.488893082713336,NA,10,NA,NA
exp6_frontier,sp_medium_hybrid_noema_baseline_1_market_posted_slice,tokens_admitted,mechanism,44.1065,NA,10,NA,NA
exp6_frontier,sp_medium_hybrid_noema_baseline_1_market_posted_slice,median_latency,mechanism,131.7941304227573,NA,10,NA,NA
exp6_frontier,sp_medium_hybrid_noema_baseline_1_market_posted_slice,alloc_ratio,mechanism,0.9999904769041716,NA,10,NA,NA
exp6_frontier,sp_medium_hybrid_noema_baseline_1_market_posted_slice,welfare_vs_posted_at_matched_volume,mechanism,1,NA,10,NA,NA
exp6_frontier,sp_medium_hybrid_noema_baseline_1_market_posted_slice,welfare_vs_posted_at_matched_latency,mechanism,1,NA,10,NA,NA
exp6_frontier,sp_medium_hybrid_noema_baseline_1_posted_price,welfare,mechanism,21.488893082713336,NA,10,NA,NA
exp6_frontier,sp_medium_hybrid_noema_baseline_1_posted_price,tokens_admitted,mechanism,44.1065,NA,10,NA,NA
exp6_frontier,sp_medium_hybrid_noema_baseline_1_posted_price,median_latency,mechanism,131.7941304227573,NA,10,NA,NA
exp6_frontier,sp_medium_hybrid_noema_baseline_1_posted_price,alloc_ratio,mechanism,0.9999904769041716,NA,10,NA,NA
exp6_frontier,sp_medium_hybrid_noema_baseline_1_posted_price,welfare_vs_posted_at_matched_volume,mechanism,NA,NA,10,NA,NA
exp6_frontier,sp_medium_hybrid_noema_baseline_1_posted_price,welfare_vs_posted_at_matched_latency,mechanism,NA,NA,10,NA,NA
exp6_frontier,sp_medium_hybrid_noema_baseline_1_posted_price_edf,welfare,mechanism,21.451352601236636,NA,10,NA,NA
exp6_frontier,sp_medium_hybrid_noema_baseline_1_posted_price_edf,tokens_admitted,mechanism,44.1065,NA,10,NA,NA
exp6_frontier,sp_medium_hybrid_noema_baseline_1_posted_price_edf,median_latency,mechanism,131.79429243159,NA,10,NA,NA
exp6_frontier,sp_medium_hybrid_noema_baseline_1_posted_price_edf,alloc_ratio,mechanism,0.9949633049081519,NA,10,NA,NA
exp6_frontier,sp_medium_hybrid_noema_baseline_1_posted_price_edf,welfare_vs_posted_at_matched_volume,mechanism,0.9982489144896365,NA,10,NA,NA
exp6_frontier,sp_medium_hybrid_noema_baseline_1_posted_price_edf,welfare_vs_posted_at_matched_latency,mechanism,0.9980579580032587,NA,10,NA,NA
exp6_frontier,sp_medium_hybrid_noema_baseline_1_posted_price_fcfs,welfare,mechanism,21.454453861037244,NA,10,NA,NA
exp6_frontier,sp_medium_hybrid_noema_baseline_1_posted_price_fcfs,tokens_admitted,mechanism,44.1065,NA,10,NA,NA
exp6_frontier,sp_medium_hybrid_noema_baseline_1_posted_price_fcfs,median_latency,mechanism,131.79212857311893,NA,10,NA,NA
exp6_frontier,sp_medium_hybrid_noema_baseline_1_posted_price_fcfs,alloc_ratio,mechanism,0.9950931334077473,NA,10,NA,NA
exp6_frontier,sp_medium_hybrid_noema_baseline_1_posted_price_fcfs,welfare_vs_posted_at_matched_volume,mechanism,0.9983952965633573,NA,10,NA,NA
exp6_frontier,sp_medium_hybrid_noema_baseline_1_posted_price_fcfs,welfare_vs_posted_at_matched_latency,mechanism,0.9983609784754491,NA,10,NA,NA
exp6_frontier,sp_medium_hybrid_noema_baseline_1_posted_price_matched,welfare,mechanism,21.488893082713336,NA,10,NA,NA
exp6_frontier,sp_medium_hybrid_noema_baseline_1_posted_price_matched,tokens_admitted,mechanism,44.1065,NA,10,NA,NA
exp6_frontier,sp_medium_hybrid_noema_baseline_1_posted_price_matched,median_latency,mechanism,131.7941304227573,NA,10,NA,NA
exp6_frontier,sp_medium_hybrid_noema_baseline_1_posted_price_matched,alloc_ratio,mechanism,0.9999904769041716,NA,10,NA,NA
exp6_frontier,sp_medium_hybrid_noema_baseline_1_posted_price_matched,welfare_vs_posted_at_matched_volume,mechanism,1,NA,10,NA,NA
exp6_frontier,sp_medium_hybrid_noema_baseline_1_posted_price_matched,welfare_vs_posted_at_matched_latency,mechanism,1,NA,10,NA,NA
exp6_frontier,sp_medium_hybrid_noema_baseline_1_random,welfare,mechanism,21.45213258432029,NA,10,NA,NA
exp6_frontier,sp_medium_hybrid_noema_baseline_1_random,tokens_admitted,mechanism,44.1065,NA,10,NA,NA
exp6_frontier,sp_medium_hybrid_noema_baseline_1_random,median_latency,mechanism,131.69700812172405,NA,10,NA,NA
exp6_frontier,sp_medium_hybrid_noema_baseline_1_random,alloc_ratio,mechanism,0.9948890705797335,NA,10,NA,NA
exp6_frontier,sp_medium_hybrid_noema_baseline_1_random,welfare_vs_posted_at_matched_volume,mechanism,0.9982794705543526,NA,10,NA,NA
exp6_frontier,sp_medium_hybrid_noema_baseline_1_random,welfare_vs_posted_at_matched_latency,mechanism,0.998105841641462,NA,10,NA,NA
exp6_frontier,sp_medium_hybrid_noema_baseline_1.25_posted_price,welfare,mechanism,21.48938638627846,NA,10,NA,NA
exp6_frontier,sp_medium_hybrid_noema_baseline_1.25_posted_price,tokens_admitted,mechanism,44.100500000000004,NA,10,NA,NA
exp6_frontier,sp_medium_hybrid_noema_baseline_1.25_posted_price,median_latency,mechanism,131.7794107358841,NA,10,NA,NA
exp6_frontier,sp_medium_hybrid_noema_baseline_1.25_posted_price,alloc_ratio,mechanism,0.9998860622970991,NA,10,NA,NA
exp6_frontier,sp_medium_hybrid_noema_baseline_1.25_posted_price,welfare_vs_posted_at_matched_volume,mechanism,NA,NA,10,NA,NA
exp6_frontier,sp_medium_hybrid_noema_baseline_1.25_posted_price,welfare_vs_posted_at_matched_latency,mechanism,NA,NA,10,NA,NA
exp6_frontier,sp_medium_hybrid_noema_baseline_1.25_posted_price_edf,welfare,mechanism,21.45169295022356,NA,10,NA,NA
exp6_frontier,sp_medium_hybrid_noema_baseline_1.25_posted_price_edf,tokens_admitted,mechanism,44.1,NA,10,NA,NA
exp6_frontier,sp_medium_hybrid_noema_baseline_1.25_posted_price_edf,median_latency,mechanism,131.77953133281085,NA,10,NA,NA
exp6_frontier,sp_medium_hybrid_noema_baseline_1.25_posted_price_edf,alloc_ratio,mechanism,0.9948502550228103,NA,10,NA,NA
exp6_frontier,sp_medium_hybrid_noema_baseline_1.25_posted_price_edf,welfare_vs_posted_at_matched_volume,mechanism,0.9982260651621601,NA,10,NA,NA
exp6_frontier,sp_medium_hybrid_noema_baseline_1.25_posted_price_edf,welfare_vs_posted_at_matched_latency,mechanism,0.9980887070334947,NA,10,NA,NA
exp6_frontier,sp_medium_hybrid_noema_baseline_1.25_posted_price_fcfs,welfare,mechanism,21.45479164645147,NA,10,NA,NA
exp6_frontier,sp_medium_hybrid_noema_baseline_1.25_posted_price_fcfs,tokens_admitted,mechanism,44.1,NA,10,NA,NA
exp6_frontier,sp_medium_hybrid_noema_baseline_1.25_posted_price_fcfs,median_latency,mechanism,131.77744466743746,NA,10,NA,NA
exp6_frontier,sp_medium_hybrid_noema_baseline_1.25_posted_price_fcfs,alloc_ratio,mechanism,0.9949818528844411,NA,10,NA,NA
exp6_frontier,sp_medium_hybrid_noema_baseline_1.25_posted_price_fcfs,welfare_vs_posted_at_matched_volume,mechanism,0.9983723030391669,NA,10,NA,NA
exp6_frontier,sp_medium_hybrid_noema_baseline_1.25_posted_price_fcfs,welfare_vs_posted_at_matched_latency,mechanism,0.9983250658601934,NA,10,NA,NA
exp6_frontier,sp_medium_hybrid_noema_baseline_1.5_posted_price,welfare,mechanism,21.646762380005082,NA,10,NA,NA
exp6_frontier,sp_medium_hybrid_noema_baseline_1.5_posted_price,tokens_admitted,mechanism,43.913,NA,10,NA,NA
exp6_frontier,sp_medium_hybrid_noema_baseline_1.5_posted_price,median_latency,mechanism,130.29537530254672,NA,10,NA,NA
exp6_frontier,sp_medium_hybrid_noema_baseline_1.5_posted_price,alloc_ratio,mechanism,0.9967461263428851,NA,10,NA,NA
exp6_frontier,sp_medium_hybrid_noema_baseline_1.5_posted_price,welfare_vs_posted_at_matched_volume,mechanism,NA,NA,10,NA,NA
exp6_frontier,sp_medium_hybrid_noema_baseline_1.5_posted_price,welfare_vs_posted_at_matched_latency,mechanism,NA,NA,10,NA,NA
exp6_frontier,sp_medium_hybrid_noema_baseline_1.5_posted_price_edf,welfare,mechanism,21.610038413492877,NA,10,NA,NA
exp6_frontier,sp_medium_hybrid_noema_baseline_1.5_posted_price_edf,tokens_admitted,mechanism,43.912,NA,10,NA,NA
exp6_frontier,sp_medium_hybrid_noema_baseline_1.5_posted_price_edf,median_latency,mechanism,130.2934061233316,NA,10,NA,NA
exp6_frontier,sp_medium_hybrid_noema_baseline_1.5_posted_price_edf,alloc_ratio,mechanism,0.9917997254846735,NA,10,NA,NA
exp6_frontier,sp_medium_hybrid_noema_baseline_1.5_posted_price_edf,welfare_vs_posted_at_matched_volume,mechanism,0.9982561091773612,NA,10,NA,NA
exp6_frontier,sp_medium_hybrid_noema_baseline_1.5_posted_price_edf,welfare_vs_posted_at_matched_latency,mechanism,0.9982854408868673,NA,10,NA,NA
exp6_frontier,sp_medium_hybrid_noema_baseline_1.5_posted_price_fcfs,welfare,mechanism,21.611687424465202,NA,10,NA,NA
exp6_frontier,sp_medium_hybrid_noema_baseline_1.5_posted_price_fcfs,tokens_admitted,mechanism,43.913,NA,10,NA,NA
exp6_frontier,sp_medium_hybrid_noema_baseline_1.5_posted_price_fcfs,median_latency,mechanism,130.32119426082448,NA,10,NA,NA
exp6_frontier,sp_medium_hybrid_noema_baseline_1.5_posted_price_fcfs,alloc_ratio,mechanism,0.9919778548196883,NA,10,NA,NA
exp6_frontier,sp_medium_hybrid_noema_baseline_1.5_posted_price_fcfs,welfare_vs_posted_at_matched_volume,mechanism,0.9983598176726205,NA,10,NA,NA
exp6_frontier,sp_medium_hybrid_noema_baseline_1.5_posted_price_fcfs,welfare_vs_posted_at_matched_latency,mechanism,0.9984554846099521,NA,10,NA,NA
exp6_frontier,sp_medium_hybrid_noema_baseline_1.75_posted_price,welfare,mechanism,23.590821657498683,NA,10,NA,NA
exp6_frontier,sp_medium_hybrid_noema_baseline_1.75_posted_price,tokens_admitted,mechanism,41.8615,NA,10,NA,NA
exp6_frontier,sp_medium_hybrid_noema_baseline_1.75_posted_price,median_latency,mechanism,113.21540234209543,NA,10,NA,NA
exp6_frontier,sp_medium_hybrid_noema_baseline_1.75_posted_price,alloc_ratio,mechanism,0.9629488363645411,NA,10,NA,NA
exp6_frontier,sp_medium_hybrid_noema_baseline_1.75_posted_price,welfare_vs_posted_at_matched_volume,mechanism,NA,NA,10,NA,NA
exp6_frontier,sp_medium_hybrid_noema_baseline_1.75_posted_price,welfare_vs_posted_at_matched_latency,mechanism,NA,NA,10,NA,NA
exp6_frontier,sp_medium_hybrid_noema_baseline_1.75_posted_price_edf,welfare,mechanism,23.564936441181796,NA,10,NA,NA
exp6_frontier,sp_medium_hybrid_noema_baseline_1.75_posted_price_edf,tokens_admitted,mechanism,41.859,NA,10,NA,NA
exp6_frontier,sp_medium_hybrid_noema_baseline_1.75_posted_price_edf,median_latency,mechanism,113.24329522848036,NA,10,NA,NA
exp6_frontier,sp_medium_hybrid_noema_baseline_1.75_posted_price_edf,alloc_ratio,mechanism,0.9601354614819574,NA,10,NA,NA
exp6_frontier,sp_medium_hybrid_noema_baseline_1.75_posted_price_edf,welfare_vs_posted_at_matched_volume,mechanism,0.9988897813933281,NA,10,NA,NA
exp6_frontier,sp_medium_hybrid_noema_baseline_1.75_posted_price_edf,welfare_vs_posted_at_matched_latency,mechanism,0.9990381356267755,NA,10,NA,NA
exp6_frontier,sp_medium_hybrid_noema_baseline_1.75_posted_price_fcfs,welfare,mechanism,23.57105777971828,NA,10,NA,NA
exp6_frontier,sp_medium_hybrid_noema_baseline_1.75_posted_price_fcfs,tokens_admitted,mechanism,41.8595,NA,10,NA,NA
exp6_frontier,sp_medium_hybrid_noema_baseline_1.75_posted_price_fcfs,median_latency,mechanism,113.21068794399497,NA,10,NA,NA
exp6_frontier,sp_medium_hybrid_noema_baseline_1.75_posted_price_fcfs,alloc_ratio,mechanism,0.960201913097842,NA,10,NA,NA
exp6_frontier,sp_medium_hybrid_noema_baseline_1.75_posted_price_fcfs,welfare_vs_posted_at_matched_volume,mechanism,0.9991429407661684,NA,10,NA,NA
exp6_frontier,sp_medium_hybrid_noema_baseline_1.75_posted_price_fcfs,welfare_vs_posted_at_matched_latency,mechanism,0.9991564218384947,NA,10,NA,NA
exp6_frontier,sp_medium_hybrid_noema_baseline_2_market_posted_slice,welfare,mechanism,21.499678916993506,NA,10,NA,NA
exp6_frontier,sp_medium_hybrid_noema_baseline_2_market_posted_slice,tokens_admitted,mechanism,44.0765,NA,10,NA,NA
exp6_frontier,sp_medium_hybrid_noema_baseline_2_market_posted_slice,median_latency,mechanism,131.6634490357056,NA,10,NA,NA
exp6_frontier,sp_medium_hybrid_noema_baseline_2_market_posted_slice,alloc_ratio,mechanism,0.9994887381800306,NA,10,NA,NA
exp6_frontier,sp_medium_hybrid_noema_baseline_2_market_posted_slice,welfare_vs_posted_at_matched_volume,mechanism,0.9996641895888938,NA,10,NA,NA
exp6_frontier,sp_medium_hybrid_noema_baseline_2_market_posted_slice,welfare_vs_posted_at_matched_latency,mechanism,0.9999761262782105,NA,10,NA,NA
exp6_frontier,sp_medium_hybrid_noema_baseline_2_posted_price,welfare,mechanism,25.71909458943626,NA,10,NA,NA
exp6_frontier,sp_medium_hybrid_noema_baseline_2_posted_price,tokens_admitted,mechanism,37.0555,NA,10,NA,NA
exp6_frontier,sp_medium_hybrid_noema_baseline_2_posted_price,median_latency,mechanism,87.92122803323001,NA,10,NA,NA
exp6_frontier,sp_medium_hybrid_noema_baseline_2_posted_price,alloc_ratio,mechanism,0.8801221144673085,NA,10,NA,NA
exp6_frontier,sp_medium_hybrid_noema_baseline_2_posted_price,welfare_vs_posted_at_matched_volume,mechanism,NA,NA,10,NA,NA
exp6_frontier,sp_medium_hybrid_noema_baseline_2_posted_price,welfare_vs_posted_at_matched_latency,mechanism,NA,NA,10,NA,NA
exp6_frontier,sp_medium_hybrid_noema_baseline_2_posted_price_edf,welfare,mechanism,25.714049404471474,NA,10,NA,NA
exp6_frontier,sp_medium_hybrid_noema_baseline_2_posted_price_edf,tokens_admitted,mechanism,37.055,NA,10,NA,NA
exp6_frontier,sp_medium_hybrid_noema_baseline_2_posted_price_edf,median_latency,mechanism,87.9259992115671,NA,10,NA,NA
exp6_frontier,sp_medium_hybrid_noema_baseline_2_posted_price_edf,alloc_ratio,mechanism,0.8796572626364231,NA,10,NA,NA
exp6_frontier,sp_medium_hybrid_noema_baseline_2_posted_price_edf,welfare_vs_posted_at_matched_volume,mechanism,0.9998431031637056,NA,10,NA,NA
exp6_frontier,sp_medium_hybrid_noema_baseline_2_posted_price_edf,welfare_vs_posted_at_matched_latency,mechanism,0.9998435382363919,NA,10,NA,NA
exp6_frontier,sp_medium_hybrid_noema_baseline_2_posted_price_fcfs,welfare,mechanism,25.714299479864707,NA,10,NA,NA
exp6_frontier,sp_medium_hybrid_noema_baseline_2_posted_price_fcfs,tokens_admitted,mechanism,37.054,NA,10,NA,NA
exp6_frontier,sp_medium_hybrid_noema_baseline_2_posted_price_fcfs,median_latency,mechanism,87.92622162686332,NA,10,NA,NA
exp6_frontier,sp_medium_hybrid_noema_baseline_2_posted_price_fcfs,alloc_ratio,mechanism,0.8796576423949939,NA,10,NA,NA
exp6_frontier,sp_medium_hybrid_noema_baseline_2_posted_price_fcfs,welfare_vs_posted_at_matched_volume,mechanism,0.9998260300379012,NA,10,NA,NA
exp6_frontier,sp_medium_hybrid_noema_baseline_2_posted_price_fcfs,welfare_vs_posted_at_matched_latency,mechanism,0.9998600215587299,NA,10,NA,NA
exp6_frontier,sp_medium_hybrid_noema_baseline_2_posted_price_matched,welfare,mechanism,25.71909458943626,NA,10,NA,NA
exp6_frontier,sp_medium_hybrid_noema_baseline_2_posted_price_matched,tokens_admitted,mechanism,37.0555,NA,10,NA,NA
exp6_frontier,sp_medium_hybrid_noema_baseline_2_posted_price_matched,median_latency,mechanism,87.92122803323001,NA,10,NA,NA
exp6_frontier,sp_medium_hybrid_noema_baseline_2_posted_price_matched,alloc_ratio,mechanism,0.8801221144673085,NA,10,NA,NA
exp6_frontier,sp_medium_hybrid_noema_baseline_2_posted_price_matched,welfare_vs_posted_at_matched_volume,mechanism,1,NA,10,NA,NA
exp6_frontier,sp_medium_hybrid_noema_baseline_2_posted_price_matched,welfare_vs_posted_at_matched_latency,mechanism,1,NA,10,NA,NA
exp6_frontier,sp_medium_hybrid_noema_baseline_2.25_posted_price,welfare,mechanism,25.000381564629045,NA,10,NA,NA
exp6_frontier,sp_medium_hybrid_noema_baseline_2.25_posted_price,tokens_admitted,mechanism,32.1175,NA,10,NA,NA
exp6_frontier,sp_medium_hybrid_noema_baseline_2.25_posted_price,median_latency,mechanism,77.15041193603619,NA,10,NA,NA
exp6_frontier,sp_medium_hybrid_noema_baseline_2.25_posted_price,alloc_ratio,mechanism,0.7880315598016303,NA,10,NA,NA
exp6_frontier,sp_medium_hybrid_noema_baseline_2.25_posted_price,welfare_vs_posted_at_matched_volume,mechanism,NA,NA,10,NA,NA
exp6_frontier,sp_medium_hybrid_noema_baseline_2.25_posted_price,welfare_vs_posted_at_matched_latency,mechanism,NA,NA,10,NA,NA
exp6_frontier,sp_medium_hybrid_noema_baseline_2.25_posted_price_edf,welfare,mechanism,24.99851281843531,NA,10,NA,NA
exp6_frontier,sp_medium_hybrid_noema_baseline_2.25_posted_price_edf,tokens_admitted,mechanism,32.117,NA,10,NA,NA
exp6_frontier,sp_medium_hybrid_noema_baseline_2.25_posted_price_edf,median_latency,mechanism,77.15621158017115,NA,10,NA,NA
exp6_frontier,sp_medium_hybrid_noema_baseline_2.25_posted_price_edf,alloc_ratio,mechanism,0.78799237094054575,NA,10,NA,NA
exp6_frontier,sp_medium_hybrid_noema_baseline_2.25_posted_price_edf,welfare_vs_posted_at_matched_volume,mechanism,0.9999349440514003,NA,10,NA,NA
exp6_frontier,sp_medium_hybrid_noema_baseline_2.25_posted_price_edf,welfare_vs_posted_at_matched_latency,mechanism,0.9999490175609871,NA,10,NA,NA
exp6_frontier,sp_medium_hybrid_noema_baseline_2.25_posted_price_fcfs,welfare,mechanism,24.999701674700912,NA,10,NA,NA
exp6_frontier,sp_medium_hybrid_noema_baseline_2.25_posted_price_fcfs,tokens_admitted,mechanism,32.117,NA,10,NA,NA
exp6_frontier,sp_medium_hybrid_noema_baseline_2.25_posted_price_fcfs,median_latency,mechanism,77.1537444808583,NA,10,NA,NA
exp6_frontier,sp_medium_hybrid_noema_baseline_2.25_posted_price_fcfs,alloc_ratio,mechanism,0.7879836808585129,NA,10,NA,NA
exp6_frontier,sp_medium_hybrid_noema_baseline_2.25_posted_price_fcfs,welfare_vs_posted_at_matched_volume,mechanism,0.9999827694614647,NA,10,NA,NA
exp6_frontier,sp_medium_hybrid_noema_baseline_2.25_posted_price_fcfs,welfare_vs_posted_at_matched_latency,mechanism,1.000053884045432,NA,10,NA,NA
exp6_frontier,sp_medium_hybrid_noema_baseline_2.5_posted_price,welfare,mechanism,22.677499366214438,NA,10,NA,NA
exp6_frontier,sp_medium_hybrid_noema_baseline_2.5_posted_price,tokens_admitted,mechanism,27.398,NA,10,NA,NA
exp6_frontier,sp_medium_hybrid_noema_baseline_2.5_posted_price,median_latency,mechanism,74.06726662625539,NA,10,NA,NA
exp6_frontier,sp_medium_hybrid_noema_baseline_2.5_posted_price,alloc_ratio,mechanism,0.693066082875739,NA,10,NA,NA
exp6_frontier,sp_medium_hybrid_noema_baseline_2.5_posted_price,welfare_vs_posted_at_matched_volume,mechanism,NA,NA,10,NA,NA
exp6_frontier,sp_medium_hybrid_noema_baseline_2.5_posted_price,welfare_vs_posted_at_matched_latency,mechanism,NA,NA,10,NA,NA
exp6_frontier,sp_medium_hybrid_noema_baseline_2.5_posted_price_edf,welfare,mechanism,22.676847316049034,NA,10,NA,NA
exp6_frontier,sp_medium_hybrid_noema_baseline_2.5_posted_price_edf,tokens_admitted,mechanism,27.398,NA,10,NA,NA
exp6_frontier,sp_medium_hybrid_noema_baseline_2.5_posted_price_edf,median_latency,mechanism,74.06819719915495,NA,10,NA,NA
exp6_frontier,sp_medium_hybrid_noema_baseline_2.5_posted_price_edf,alloc_ratio,mechanism,0.693066082875739,NA,10,NA,NA
exp6_frontier,sp_medium_hybrid_noema_baseline_2.5_posted_price_edf,welfare_vs_posted_at_matched_volume,mechanism,0.9999721520108191,NA,10,NA,NA
exp6_frontier,sp_medium_hybrid_noema_baseline_2.5_posted_price_edf,welfare_vs_posted_at_matched_latency,mechanism,1.0002022048239119,NA,10,NA,NA
exp6_frontier,sp_medium_hybrid_noema_baseline_2.5_posted_price_fcfs,welfare,mechanism,22.67738810397434,NA,10,NA,NA
exp6_frontier,sp_medium_hybrid_noema_baseline_2.5_posted_price_fcfs,tokens_admitted,mechanism,27.398,NA,10,NA,NA
exp6_frontier,sp_medium_hybrid_noema_baseline_2.5_posted_price_fcfs,median_latency,mechanism,74.07005761829987,NA,10,NA,NA
exp6_frontier,sp_medium_hybrid_noema_baseline_2.5_posted_price_fcfs,alloc_ratio,mechanism,0.693066082875739,NA,10,NA,NA
exp6_frontier,sp_medium_hybrid_noema_baseline_2.5_posted_price_fcfs,welfare_vs_posted_at_matched_volume,mechanism,0.999996182918038,NA,10,NA,NA
exp6_frontier,sp_medium_hybrid_noema_baseline_2.5_posted_price_fcfs,welfare_vs_posted_at_matched_latency,mechanism,1.0001108488058505,NA,10,NA,NA
exp6_frontier,sp_medium_hybrid_noema_baseline_3_posted_price,welfare,mechanism,16.500329246757484,NA,10,NA,NA
exp6_frontier,sp_medium_hybrid_noema_baseline_3_posted_price,tokens_admitted,mechanism,18.422,NA,10,NA,NA
exp6_frontier,sp_medium_hybrid_noema_baseline_3_posted_price,median_latency,mechanism,71.9833442206247,NA,10,NA,NA
exp6_frontier,sp_medium_hybrid_noema_baseline_3_posted_price,alloc_ratio,mechanism,0.49267778740075,NA,10,NA,NA
exp6_frontier,sp_medium_hybrid_noema_baseline_3_posted_price,welfare_vs_posted_at_matched_volume,mechanism,NA,NA,10,NA,NA
exp6_frontier,sp_medium_hybrid_noema_baseline_3_posted_price,welfare_vs_posted_at_matched_latency,mechanism,NA,NA,10,NA,NA
exp6_frontier,sp_medium_hybrid_noema_baseline_3_posted_price_edf,welfare,mechanism,16.498436228006966,NA,10,NA,NA
exp6_frontier,sp_medium_hybrid_noema_baseline_3_posted_price_edf,tokens_admitted,mechanism,18.422,NA,10,NA,NA
exp6_frontier,sp_medium_hybrid_noema_baseline_3_posted_price_edf,median_latency,mechanism,71.98250436068211,NA,10,NA,NA
exp6_frontier,sp_medium_hybrid_noema_baseline_3_posted_price_edf,alloc_ratio,mechanism,0.49267778740075,NA,10,NA,NA
exp6_frontier,sp_medium_hybrid_noema_baseline_3_posted_price_edf,welfare_vs_posted_at_matched_volume,mechanism,0.9998852786163043,NA,10,NA,NA
exp6_frontier,sp_medium_hybrid_noema_baseline_3_posted_price_edf,welfare_vs_posted_at_matched_latency,mechanism,0.9990002098930821,NA,10,NA,NA
exp6_frontier,sp_medium_hybrid_noema_baseline_3_posted_price_fcfs,welfare,mechanism,16.499369986119824,NA,10,NA,NA
exp6_frontier,sp_medium_hybrid_noema_baseline_3_posted_price_fcfs,tokens_admitted,mechanism,18.422,NA,10,NA,NA
exp6_frontier,sp_medium_hybrid_noema_baseline_3_posted_price_fcfs,median_latency,mechanism,71.98292913330624,NA,10,NA,NA
exp6_frontier,sp_medium_hybrid_noema_baseline_3_posted_price_fcfs,alloc_ratio,mechanism,0.49267778740075,NA,10,NA,NA
exp6_frontier,sp_medium_hybrid_noema_baseline_3_posted_price_fcfs,welfare_vs_posted_at_matched_volume,mechanism,0.9999426141460621,NA,10,NA,NA
exp6_frontier,sp_medium_hybrid_noema_baseline_3_posted_price_fcfs,welfare_vs_posted_at_matched_latency,mechanism,0.9994810293256858,NA,10,NA,NA
exp6_frontier,sp_medium_hybrid_noema_baseline_4_posted_price,welfare,mechanism,0,NA,10,NA,NA
exp6_frontier,sp_medium_hybrid_noema_baseline_4_posted_price,tokens_admitted,mechanism,0,NA,10,NA,NA
exp6_frontier,sp_medium_hybrid_noema_baseline_4_posted_price,median_latency,mechanism,NA,NA,10,NA,NA
exp6_frontier,sp_medium_hybrid_noema_baseline_4_posted_price,alloc_ratio,mechanism,0,NA,10,NA,NA
exp6_frontier,sp_medium_hybrid_noema_baseline_4_posted_price,welfare_vs_posted_at_matched_volume,mechanism,NA,NA,10,NA,NA
exp6_frontier,sp_medium_hybrid_noema_baseline_4_posted_price,welfare_vs_posted_at_matched_latency,mechanism,NA,NA,10,NA,NA
exp6_frontier,sp_medium_hybrid_noema_baseline_4_posted_price_edf,welfare,mechanism,0,NA,10,NA,NA
exp6_frontier,sp_medium_hybrid_noema_baseline_4_posted_price_edf,tokens_admitted,mechanism,0,NA,10,NA,NA
exp6_frontier,sp_medium_hybrid_noema_baseline_4_posted_price_edf,median_latency,mechanism,NA,NA,10,NA,NA
exp6_frontier,sp_medium_hybrid_noema_baseline_4_posted_price_edf,alloc_ratio,mechanism,0,NA,10,NA,NA
exp6_frontier,sp_medium_hybrid_noema_baseline_4_posted_price_edf,welfare_vs_posted_at_matched_volume,mechanism,NA,NA,10,NA,NA
exp6_frontier,sp_medium_hybrid_noema_baseline_4_posted_price_edf,welfare_vs_posted_at_matched_latency,mechanism,NA,NA,10,NA,NA
exp6_frontier,sp_medium_hybrid_noema_baseline_4_posted_price_fcfs,welfare,mechanism,0,NA,10,NA,NA
exp6_frontier,sp_medium_hybrid_noema_baseline_4_posted_price_fcfs,tokens_admitted,mechanism,0,NA,10,NA,NA
exp6_frontier,sp_medium_hybrid_noema_baseline_4_posted_price_fcfs,median_latency,mechanism,NA,NA,10,NA,NA
exp6_frontier,sp_medium_hybrid_noema_baseline_4_posted_price_fcfs,alloc_ratio,mechanism,0,NA,10,NA,NA
exp6_frontier,sp_medium_hybrid_noema_baseline_4_posted_price_fcfs,welfare_vs_posted_at_matched_volume,mechanism,NA,NA,10,NA,NA
exp6_frontier,sp_medium_hybrid_noema_baseline_4_posted_price_fcfs,welfare_vs_posted_at_matched_latency,mechanism,NA,NA,10,NA,NA
exp6_frontier,sp_medium_hybrid_noema_baseline_4_posted_price_matched,welfare,mechanism,0,NA,10,NA,NA
exp6_frontier,sp_medium_hybrid_noema_baseline_4_posted_price_matched,tokens_admitted,mechanism,0,NA,10,NA,NA
exp6_frontier,sp_medium_hybrid_noema_baseline_4_posted_price_matched,median_latency,mechanism,NA,NA,10,NA,NA
exp6_frontier,sp_medium_hybrid_noema_baseline_4_posted_price_matched,alloc_ratio,mechanism,0,NA,10,NA,NA
exp6_frontier,sp_medium_hybrid_noema_baseline_4_posted_price_matched,welfare_vs_posted_at_matched_volume,mechanism,NA,NA,10,NA,NA
exp6_frontier,sp_medium_hybrid_noema_baseline_4_posted_price_matched,welfare_vs_posted_at_matched_latency,mechanism,NA,NA,10,NA,NA
exp6_frontier,sp_medium_hybrid_noema_calibrated_1_edf,welfare,mechanism,30.906129415789607,NA,10,NA,NA
exp6_frontier,sp_medium_hybrid_noema_calibrated_1_edf,tokens_admitted,mechanism,44.1065,NA,10,NA,NA
exp6_frontier,sp_medium_hybrid_noema_calibrated_1_edf,median_latency,mechanism,78.76066811491864,NA,10,NA,NA
exp6_frontier,sp_medium_hybrid_noema_calibrated_1_edf,alloc_ratio,mechanism,0.9949176733655156,NA,10,NA,NA
exp6_frontier,sp_medium_hybrid_noema_calibrated_1_edf,welfare_vs_posted_at_matched_volume,mechanism,0.9942831123315011,NA,10,NA,NA
exp6_frontier,sp_medium_hybrid_noema_calibrated_1_edf,welfare_vs_posted_at_matched_latency,mechanism,0.9946586428807157,NA,10,NA,NA
exp6_frontier,sp_medium_hybrid_noema_calibrated_1_greedy_ev,welfare,mechanism,31.083900484919567,NA,10,NA,NA
exp6_frontier,sp_medium_hybrid_noema_calibrated_1_greedy_ev,tokens_admitted,mechanism,44.1065,NA,10,NA,NA
exp6_frontier,sp_medium_hybrid_noema_calibrated_1_greedy_ev,median_latency,mechanism,78.75872269699552,NA,10,NA,NA
exp6_frontier,sp_medium_hybrid_noema_calibrated_1_greedy_ev,alloc_ratio,mechanism,0.9999904769041716,NA,10,NA,NA
exp6_frontier,sp_medium_hybrid_noema_calibrated_1_greedy_ev,welfare_vs_posted_at_matched_volume,mechanism,1,NA,10,NA,NA
exp6_frontier,sp_medium_hybrid_noema_calibrated_1_greedy_ev,welfare_vs_posted_at_matched_latency,mechanism,1,NA,10,NA,NA
exp6_frontier,sp_medium_hybrid_noema_calibrated_1_k8s,welfare,mechanism,30.913273722635413,NA,10,NA,NA
exp6_frontier,sp_medium_hybrid_noema_calibrated_1_k8s,tokens_admitted,mechanism,44.1065,NA,10,NA,NA
exp6_frontier,sp_medium_hybrid_noema_calibrated_1_k8s,median_latency,mechanism,78.7571905348828,NA,10,NA,NA
exp6_frontier,sp_medium_hybrid_noema_calibrated_1_k8s,alloc_ratio,mechanism,0.995093665213256,NA,10,NA,NA
exp6_frontier,sp_medium_hybrid_noema_calibrated_1_k8s,welfare_vs_posted_at_matched_volume,mechanism,0.9945131259574331,NA,10,NA,NA
exp6_frontier,sp_medium_hybrid_noema_calibrated_1_k8s,welfare_vs_posted_at_matched_latency,mechanism,0.9946644536457961,NA,10,NA,NA
exp6_frontier,sp_medium_hybrid_noema_calibrated_1_market,welfare,mechanism,31.06601902453555,NA,10,NA,NA
exp6_frontier,sp_medium_hybrid_noema_calibrated_1_market,tokens_admitted,mechanism,44.057,NA,10,NA,NA
exp6_frontier,sp_medium_hybrid_noema_calibrated_1_market,median_latency,mechanism,78.7380572807481,NA,10,NA,NA
exp6_frontier,sp_medium_hybrid_noema_calibrated_1_market,alloc_ratio,mechanism,0.9992829367850237,NA,10,NA,NA
exp6_frontier,sp_medium_hybrid_noema_calibrated_1_market,welfare_vs_posted_at_matched_volume,mechanism,0.9999240134162798,NA,10,NA,NA
exp6_frontier,sp_medium_hybrid_noema_calibrated_1_market,welfare_vs_posted_at_matched_latency,mechanism,0.9997502655883135,NA,10,NA,NA
exp6_frontier,sp_medium_hybrid_noema_calibrated_1_market_asc,welfare,mechanism,31.080923630289938,NA,10,NA,NA
exp6_frontier,sp_medium_hybrid_noema_calibrated_1_market_asc,tokens_admitted,mechanism,44.1,NA,10,NA,NA
exp6_frontier,sp_medium_hybrid_noema_calibrated_1_market_asc,median_latency,mechanism,78.75859001418897,NA,10,NA,NA
exp6_frontier,sp_medium_hybrid_noema_calibrated_1_market_asc,alloc_ratio,mechanism,0.9998998115661686,NA,10,NA,NA
exp6_frontier,sp_medium_hybrid_noema_calibrated_1_market_asc,welfare_vs_posted_at_matched_volume,mechanism,0.9999745930333594,NA,10,NA,NA
exp6_frontier,sp_medium_hybrid_noema_calibrated_1_market_asc,welfare_vs_posted_at_matched_latency,mechanism,0.9999072606017888,NA,10,NA,NA
exp6_frontier,sp_medium_hybrid_noema_calibrated_1_market_cc,welfare,mechanism,25.19279886455759,NA,10,NA,NA
exp6_frontier,sp_medium_hybrid_noema_calibrated_1_market_cc,tokens_admitted,mechanism,35.763,NA,10,NA,NA
exp6_frontier,sp_medium_hybrid_noema_calibrated_1_market_cc,median_latency,mechanism,78.8282790344906,NA,10,NA,NA
exp6_frontier,sp_medium_hybrid_noema_calibrated_1_market_cc,alloc_ratio,mechanism,0.8096624620873472,NA,10,NA,NA
exp6_frontier,sp_medium_hybrid_noema_calibrated_1_market_cc,welfare_vs_posted_at_matched_volume,mechanism,0.8981683678337559,NA,10,NA,NA
exp6_frontier,sp_medium_hybrid_noema_calibrated_1_market_cc,welfare_vs_posted_at_matched_latency,mechanism,0.8253906463988515,NA,10,NA,NA
exp6_frontier,sp_medium_hybrid_noema_calibrated_1_market_posted_slice,welfare,mechanism,31.083900484919567,NA,10,NA,NA
exp6_frontier,sp_medium_hybrid_noema_calibrated_1_market_posted_slice,tokens_admitted,mechanism,44.1065,NA,10,NA,NA
exp6_frontier,sp_medium_hybrid_noema_calibrated_1_market_posted_slice,median_latency,mechanism,78.75872269699552,NA,10,NA,NA
exp6_frontier,sp_medium_hybrid_noema_calibrated_1_market_posted_slice,alloc_ratio,mechanism,0.9999904769041716,NA,10,NA,NA
exp6_frontier,sp_medium_hybrid_noema_calibrated_1_market_posted_slice,welfare_vs_posted_at_matched_volume,mechanism,1,NA,10,NA,NA
exp6_frontier,sp_medium_hybrid_noema_calibrated_1_market_posted_slice,welfare_vs_posted_at_matched_latency,mechanism,1,NA,10,NA,NA
exp6_frontier,sp_medium_hybrid_noema_calibrated_1_posted_price,welfare,mechanism,31.083900484919567,NA,10,NA,NA
exp6_frontier,sp_medium_hybrid_noema_calibrated_1_posted_price,tokens_admitted,mechanism,44.1065,NA,10,NA,NA
exp6_frontier,sp_medium_hybrid_noema_calibrated_1_posted_price,median_latency,mechanism,78.75872269699552,NA,10,NA,NA
exp6_frontier,sp_medium_hybrid_noema_calibrated_1_posted_price,alloc_ratio,mechanism,0.9999904769041716,NA,10,NA,NA
exp6_frontier,sp_medium_hybrid_noema_calibrated_1_posted_price,welfare_vs_posted_at_matched_volume,mechanism,NA,NA,10,NA,NA
exp6_frontier,sp_medium_hybrid_noema_calibrated_1_posted_price,welfare_vs_posted_at_matched_latency,mechanism,NA,NA,10,NA,NA
exp6_frontier,sp_medium_hybrid_noema_calibrated_1_posted_price_edf,welfare,mechanism,30.909204089992265,NA,10,NA,NA
exp6_frontier,sp_medium_hybrid_noema_calibrated_1_posted_price_edf,tokens_admitted,mechanism,44.1065,NA,10,NA,NA
exp6_frontier,sp_medium_hybrid_noema_calibrated_1_posted_price_edf,median_latency,mechanism,78.75820911512528,NA,10,NA,NA
exp6_frontier,sp_medium_hybrid_noema_calibrated_1_posted_price_edf,alloc_ratio,mechanism,0.9949633049081519,NA,10,NA,NA
exp6_frontier,sp_medium_hybrid_noema_calibrated_1_posted_price_edf,welfare_vs_posted_at_matched_volume,mechanism,0.9943815172693747,NA,10,NA,NA
exp6_frontier,sp_medium_hybrid_noema_calibrated_1_posted_price_edf,welfare_vs_posted_at_matched_latency,mechanism,0.9943585828901915,NA,10,NA,NA
exp6_frontier,sp_medium_hybrid_noema_calibrated_1_posted_price_fcfs,welfare,mechanism,30.91520793291237,NA,10,NA,NA
exp6_frontier,sp_medium_hybrid_noema_calibrated_1_posted_price_fcfs,tokens_admitted,mechanism,44.1065,NA,10,NA,NA
exp6_frontier,sp_medium_hybrid_noema_calibrated_1_posted_price_fcfs,median_latency,mechanism,78.75780568807264,NA,10,NA,NA
exp6_frontier,sp_medium_hybrid_noema_calibrated_1_posted_price_fcfs,alloc_ratio,mechanism,0.9950931334077473,NA,10,NA,NA
exp6_frontier,sp_medium_hybrid_noema_calibrated_1_posted_price_fcfs,welfare_vs_posted_at_matched_volume,mechanism,0.9945746664891335,NA,10,NA,NA
exp6_frontier,sp_medium_hybrid_noema_calibrated_1_posted_price_fcfs,welfare_vs_posted_at_matched_latency,mechanism,0.9948044335468041,NA,10,NA,NA
exp6_frontier,sp_medium_hybrid_noema_calibrated_1_posted_price_matched,welfare,mechanism,31.083900484919567,NA,10,NA,NA
exp6_frontier,sp_medium_hybrid_noema_calibrated_1_posted_price_matched,tokens_admitted,mechanism,44.1065,NA,10,NA,NA
exp6_frontier,sp_medium_hybrid_noema_calibrated_1_posted_price_matched,median_latency,mechanism,78.75872269699552,NA,10,NA,NA
exp6_frontier,sp_medium_hybrid_noema_calibrated_1_posted_price_matched,alloc_ratio,mechanism,0.9999904769041716,NA,10,NA,NA
exp6_frontier,sp_medium_hybrid_noema_calibrated_1_posted_price_matched,welfare_vs_posted_at_matched_volume,mechanism,1,NA,10,NA,NA
exp6_frontier,sp_medium_hybrid_noema_calibrated_1_posted_price_matched,welfare_vs_posted_at_matched_latency,mechanism,1,NA,10,NA,NA
exp6_frontier,sp_medium_hybrid_noema_calibrated_1_random,welfare,mechanism,30.907956883403504,NA,10,NA,NA
exp6_frontier,sp_medium_hybrid_noema_calibrated_1_random,tokens_admitted,mechanism,44.1065,NA,10,NA,NA
exp6_frontier,sp_medium_hybrid_noema_calibrated_1_random,median_latency,mechanism,78.71329863910297,NA,10,NA,NA
exp6_frontier,sp_medium_hybrid_noema_calibrated_1_random,alloc_ratio,mechanism,0.9948890705797335,NA,10,NA,NA
exp6_frontier,sp_medium_hybrid_noema_calibrated_1_random,welfare_vs_posted_at_matched_volume,mechanism,0.9943446875282098,NA,10,NA,NA
exp6_frontier,sp_medium_hybrid_noema_calibrated_1_random,welfare_vs_posted_at_matched_latency,mechanism,0.9957282562039829,NA,10,NA,NA
exp6_frontier,sp_medium_hybrid_noema_calibrated_1.25_posted_price,welfare,mechanism,31.081861033534977,NA,10,NA,NA
exp6_frontier,sp_medium_hybrid_noema_calibrated_1.25_posted_price,tokens_admitted,mechanism,44.100500000000004,NA,10,NA,NA
exp6_frontier,sp_medium_hybrid_noema_calibrated_1.25_posted_price,median_latency,mechanism,78.75454745259243,NA,10,NA,NA
exp6_frontier,sp_medium_hybrid_noema_calibrated_1.25_posted_price,alloc_ratio,mechanism,0.9998860622970991,NA,10,NA,NA
exp6_frontier,sp_medium_hybrid_noema_calibrated_1.25_posted_price,welfare_vs_posted_at_matched_volume,mechanism,NA,NA,10,NA,NA
exp6_frontier,sp_medium_hybrid_noema_calibrated_1.25_posted_price,welfare_vs_posted_at_matched_latency,mechanism,NA,NA,10,NA,NA
exp6_frontier,sp_medium_hybrid_noema_calibrated_1.25_posted_price_edf,welfare,mechanism,30.906989609452953,NA,10,NA,NA
exp6_frontier,sp_medium_hybrid_noema_calibrated_1.25_posted_price_edf,tokens_admitted,mechanism,44.1,NA,10,NA,NA
exp6_frontier,sp_medium_hybrid_noema_calibrated_1.25_posted_price_edf,median_latency,mechanism,78.75394804383603,NA,10,NA,NA
exp6_frontier,sp_medium_hybrid_noema_calibrated_1.25_posted_price_edf,alloc_ratio,mechanism,0.9948502550228103,NA,10,NA,NA
exp6_frontier,sp_medium_hybrid_noema_calibrated_1.25_posted_price_edf,welfare_vs_posted_at_matched_volume,mechanism,0.9943813386598473,NA,10,NA,NA
exp6_frontier,sp_medium_hybrid_noema_calibrated_1.25_posted_price_edf,welfare_vs_posted_at_matched_latency,mechanism,0.994367742159219,NA,10,NA,NA
exp6_frontier,sp_medium_hybrid_noema_calibrated_1.25_posted_price_fcfs,welfare,mechanism,30.91305162073145,NA,10,NA,NA
exp6_frontier,sp_medium_hybrid_noema_calibrated_1.25_posted_price_fcfs,tokens_admitted,mechanism,44.1,NA,10,NA,NA
exp6_frontier,sp_medium_hybrid_noema_calibrated_1.25_posted_price_fcfs,median_latency,mechanism,78.7535940498787,NA,10,NA,NA
exp6_frontier,sp_medium_hybrid_noema_calibrated_1.25_posted_price_fcfs,alloc_ratio,mechanism,0.9949818528844411,NA,10,NA,NA
exp6_frontier,sp_medium_hybrid_noema_calibrated_1.25_posted_price_fcfs,welfare_vs_posted_at_matched_volume,mechanism,0.9945763798625694,NA,10,NA,NA
exp6_frontier,sp_medium_hybrid_noema_calibrated_1.25_posted_price_fcfs,welfare_vs_posted_at_matched_latency,mechanism,0.9946752187069112,NA,10,NA,NA
exp6_frontier,sp_medium_hybrid_noema_calibrated_1.5_posted_price,welfare,mechanism,31.02432970556734,NA,10,NA,NA
exp6_frontier,sp_medium_hybrid_noema_calibrated_1.5_posted_price,tokens_admitted,mechanism,43.913,NA,10,NA,NA
exp6_frontier,sp_medium_hybrid_noema_calibrated_1.5_posted_price,median_latency,mechanism,78.61789238331193,NA,10,NA,NA
exp6_frontier,sp_medium_hybrid_noema_calibrated_1.5_posted_price,alloc_ratio,mechanism,0.9967461263428851,NA,10,NA,NA
exp6_frontier,sp_medium_hybrid_noema_calibrated_1.5_posted_price,welfare_vs_posted_at_matched_volume,mechanism,NA,NA,10,NA,NA
exp6_frontier,sp_medium_hybrid_noema_calibrated_1.5_posted_price,welfare_vs_posted_at_matched_latency,mechanism,NA,NA,10,NA,NA
exp6_frontier,sp_medium_hybrid_noema_calibrated_1.5_posted_price_edf,welfare,mechanism,30.85289333566201,NA,10,NA,NA
exp6_frontier,sp_medium_hybrid_noema_calibrated_1.5_posted_price_edf,tokens_admitted,mechanism,43.912,NA,10,NA,NA
exp6_frontier,sp_medium_hybrid_noema_calibrated_1.5_posted_price_edf,median_latency,mechanism,78.61653564190284,NA,10,NA,NA
exp6_frontier,sp_medium_hybrid_noema_calibrated_1.5_posted_price_edf,alloc_ratio,mechanism,0.9917997254846735,NA,10,NA,NA
exp6_frontier,sp_medium_hybrid_noema_calibrated_1.5_posted_price_edf,welfare_vs_posted_at_matched_volume,mechanism,0.9944840116107787,NA,10,NA,NA
exp6_frontier,sp_medium_hybrid_noema_calibrated_1.5_posted_price_edf,welfare_vs_posted_at_matched_latency,mechanism,0.9944813104805328,NA,10,NA,NA
exp6_frontier,sp_medium_hybrid_noema_calibrated_1.5_posted_price_fcfs,welfare,mechanism,30.860926886622266,NA,10,NA,NA
exp6_frontier,sp_medium_hybrid_noema_calibrated_1.5_posted_price_fcfs,tokens_admitted,mechanism,43.913,NA,10,NA,NA
exp6_frontier,sp_medium_hybrid_noema_calibrated_1.5_posted_price_fcfs,median_latency,mechanism,78.61325326863287,NA,10,NA,NA
exp6_frontier,sp_medium_hybrid_noema_calibrated_1.5_posted_price_fcfs,alloc_ratio,mechanism,0.9919778548196883,NA,10,NA,NA
exp6_frontier,sp_medium_hybrid_noema_calibrated_1.5_posted_price_fcfs,welfare_vs_posted_at_matched_volume,mechanism,0.9947326685317412,NA,10,NA,NA
exp6_frontier,sp_medium_hybrid_noema_calibrated_1.5_posted_price_fcfs,welfare_vs_posted_at_matched_latency,mechanism,0.9947722840323053,NA,10,NA,NA
exp6_frontier,sp_medium_hybrid_noema_calibrated_1.75_posted_price,welfare,mechanism,30.462577308650737,NA,10,NA,NA
exp6_frontier,sp_medium_hybrid_noema_calibrated_1.75_posted_price,tokens_admitted,mechanism,41.8615,NA,10,NA,NA
exp6_frontier,sp_medium_hybrid_noema_calibrated_1.75_posted_price,median_latency,mechanism,77.00606726648358,NA,10,NA,NA
exp6_frontier,sp_medium_hybrid_noema_calibrated_1.75_posted_price,alloc_ratio,mechanism,0.9629488363645411,NA,10,NA,NA
exp6_frontier,sp_medium_hybrid_noema_calibrated_1.75_posted_price,welfare_vs_posted_at_matched_volume,mechanism,NA,NA,10,NA,NA
exp6_frontier,sp_medium_hybrid_noema_calibrated_1.75_posted_price,welfare_vs_posted_at_matched_latency,mechanism,NA,NA,10,NA,NA
exp6_frontier,sp_medium_hybrid_noema_calibrated_1.75_posted_price_edf,welfare,mechanism,30.365496109139926,NA,10,NA,NA
exp6_frontier,sp_medium_hybrid_noema_calibrated_1.75_posted_price_edf,tokens_admitted,mechanism,41.859,NA,10,NA,NA
exp6_frontier,sp_medium_hybrid_noema_calibrated_1.75_posted_price_edf,median_latency,mechanism,77.00887720815435,NA,10,NA,NA
exp6_frontier,sp_medium_hybrid_noema_calibrated_1.75_posted_price_edf,alloc_ratio,mechanism,0.9601354614819574,NA,10,NA,NA
exp6_frontier,sp_medium_hybrid_noema_calibrated_1.75_posted_price_edf,welfare_vs_posted_at_matched_volume,mechanism,0.9968500579561105,NA,10,NA,NA
exp6_frontier,sp_medium_hybrid_noema_calibrated_1.75_posted_price_edf,welfare_vs_posted_at_matched_latency,mechanism,0.9967963972743936,NA,10,NA,NA
exp6_frontier,sp_medium_hybrid_noema_calibrated_1.75_posted_price_fcfs,welfare,mechanism,30.368992372181303,NA,10,NA,NA
exp6_frontier,sp_medium_hybrid_noema_calibrated_1.75_posted_price_fcfs,tokens_admitted,mechanism,41.8595,NA,10,NA,NA
exp6_frontier,sp_medium_hybrid_noema_calibrated_1.75_posted_price_fcfs,median_latency,mechanism,77.00503640030483,NA,10,NA,NA
exp6_frontier,sp_medium_hybrid_noema_calibrated_1.75_posted_price_fcfs,alloc_ratio,mechanism,0.960201913097842,NA,10,NA,NA
exp6_frontier,sp_medium_hybrid_noema_calibrated_1.75_posted_price_fcfs,welfare_vs_posted_at_matched_volume,mechanism,0.9969578691824146,NA,10,NA,NA
exp6_frontier,sp_medium_hybrid_noema_calibrated_1.75_posted_price_fcfs,welfare_vs_posted_at_matched_latency,mechanism,0.9969718621150673,NA,10,NA,NA
exp6_frontier,sp_medium_hybrid_noema_calibrated_2_market_posted_slice,welfare,mechanism,31.074531576364564,NA,10,NA,NA
exp6_frontier,sp_medium_hybrid_noema_calibrated_2_market_posted_slice,tokens_admitted,mechanism,44.0765,NA,10,NA,NA
exp6_frontier,sp_medium_hybrid_noema_calibrated_2_market_posted_slice,median_latency,mechanism,78.73750423554688,NA,10,NA,NA
exp6_frontier,sp_medium_hybrid_noema_calibrated_2_market_posted_slice,alloc_ratio,mechanism,0.9994887381800306,NA,10,NA,NA
exp6_frontier,sp_medium_hybrid_noema_calibrated_2_market_posted_slice,welfare_vs_posted_at_matched_volume,mechanism,1.0000127853240168,NA,10,NA,NA
exp6_frontier,sp_medium_hybrid_noema_calibrated_2_market_posted_slice,welfare_vs_posted_at_matched_latency,mechanism,1.0000079246996871,NA,10,NA,NA
exp6_frontier,sp_medium_hybrid_noema_calibrated_2_posted_price,welfare,mechanism,28.695994422378732,NA,10,NA,NA
exp6_frontier,sp_medium_hybrid_noema_calibrated_2_posted_price,tokens_admitted,mechanism,37.0555,NA,10,NA,NA
exp6_frontier,sp_medium_hybrid_noema_calibrated_2_posted_price,median_latency,mechanism,74.11544854032357,NA,10,NA,NA
exp6_frontier,sp_medium_hybrid_noema_calibrated_2_posted_price,alloc_ratio,mechanism,0.8801221144673085,NA,10,NA,NA
exp6_frontier,sp_medium_hybrid_noema_calibrated_2_posted_price,welfare_vs_posted_at_matched_volume,mechanism,NA,NA,10,NA,NA
exp6_frontier,sp_medium_hybrid_noema_calibrated_2_posted_price,welfare_vs_posted_at_matched_latency,mechanism,NA,NA,10,NA,NA
exp6_frontier,sp_medium_hybrid_noema_calibrated_2_posted_price_edf,welfare,mechanism,28.677967429970213,NA,10,NA,NA
exp6_frontier,sp_medium_hybrid_noema_calibrated_2_posted_price_edf,tokens_admitted,mechanism,37.055,NA,10,NA,NA
exp6_frontier,sp_medium_hybrid_noema_calibrated_2_posted_price_edf,median_latency,mechanism,74.11824379360628,NA,10,NA,NA
exp6_frontier,sp_medium_hybrid_noema_calibrated_2_posted_price_edf,alloc_ratio,mechanism,0.8796572626364231,NA,10,NA,NA
exp6_frontier,sp_medium_hybrid_noema_calibrated_2_posted_price_edf,welfare_vs_posted_at_matched_volume,mechanism,0.9993889276521049,NA,10,NA,NA
exp6_frontier,sp_medium_hybrid_noema_calibrated_2_posted_price_edf,welfare_vs_posted_at_matched_latency,mechanism,0.9993527191999029,NA,10,NA,NA
exp6_frontier,sp_medium_hybrid_noema_calibrated_2_posted_price_fcfs,welfare,mechanism,28.67939798873274,NA,10,NA,NA
exp6_frontier,sp_medium_hybrid_noema_calibrated_2_posted_price_fcfs,tokens_admitted,mechanism,37.054,NA,10,NA,NA
exp6_frontier,sp_medium_hybrid_noema_calibrated_2_posted_price_fcfs,median_latency,mechanism,74.11732553003017,NA,10,NA,NA
exp6_frontier,sp_medium_hybrid_noema_calibrated_2_posted_price_fcfs,alloc_ratio,mechanism,0.8796576423949939,NA,10,NA,NA
exp6_frontier,sp_medium_hybrid_noema_calibrated_2_posted_price_fcfs,welfare_vs_posted_at_matched_volume,mechanism,0.999449523304229,NA,10,NA,NA
exp6_frontier,sp_medium_hybrid_noema_calibrated_2_posted_price_fcfs,welfare_vs_posted_at_matched_latency,mechanism,0.9994324653732232,NA,10,NA,NA
exp6_frontier,sp_medium_hybrid_noema_calibrated_2_posted_price_matched,welfare,mechanism,28.695994422378732,NA,10,NA,NA
exp6_frontier,sp_medium_hybrid_noema_calibrated_2_posted_price_matched,tokens_admitted,mechanism,37.0555,NA,10,NA,NA
exp6_frontier,sp_medium_hybrid_noema_calibrated_2_posted_price_matched,median_latency,mechanism,74.11544854032357,NA,10,NA,NA
exp6_frontier,sp_medium_hybrid_noema_calibrated_2_posted_price_matched,alloc_ratio,mechanism,0.8801221144673085,NA,10,NA,NA
exp6_frontier,sp_medium_hybrid_noema_calibrated_2_posted_price_matched,welfare_vs_posted_at_matched_volume,mechanism,1,NA,10,NA,NA
exp6_frontier,sp_medium_hybrid_noema_calibrated_2_posted_price_matched,welfare_vs_posted_at_matched_latency,mechanism,1,NA,10,NA,NA
exp6_frontier,sp_medium_hybrid_noema_calibrated_2.25_posted_price,welfare,mechanism,26.198755457198317,NA,10,NA,NA
exp6_frontier,sp_medium_hybrid_noema_calibrated_2.25_posted_price,tokens_admitted,mechanism,32.1175,NA,10,NA,NA
exp6_frontier,sp_medium_hybrid_noema_calibrated_2.25_posted_price,median_latency,mechanism,72.3770711427925,NA,10,NA,NA
exp6_frontier,sp_medium_hybrid_noema_calibrated_2.25_posted_price,alloc_ratio,mechanism,0.7880315598016303,NA,10,NA,NA
exp6_frontier,sp_medium_hybrid_noema_calibrated_2.25_posted_price,welfare_vs_posted_at_matched_volume,mechanism,NA,NA,10,NA,NA
exp6_frontier,sp_medium_hybrid_noema_calibrated_2.25_posted_price,welfare_vs_posted_at_matched_latency,mechanism,NA,NA,10,NA,NA
exp6_frontier,sp_medium_hybrid_noema_calibrated_2.25_posted_price_edf,welfare,mechanism,26.1960675119523,NA,10,NA,NA
exp6_frontier,sp_medium_hybrid_noema_calibrated_2.25_posted_price_edf,tokens_admitted,mechanism,32.117,NA,10,NA,NA
exp6_frontier,sp_medium_hybrid_noema_calibrated_2.25_posted_price_edf,median_latency,mechanism,72.37885260122947,NA,10,NA,NA
exp6_frontier,sp_medium_hybrid_noema_calibrated_2.25_posted_price_edf,alloc_ratio,mechanism,0.78799237094054575,NA,10,NA,NA
exp6_frontier,sp_medium_hybrid_noema_calibrated_2.25_posted_price_edf,welfare_vs_posted_at_matched_volume,mechanism,0.9999096486813073,NA,10,NA,NA
exp6_frontier,sp_medium_hybrid_noema_calibrated_2.25_posted_price_edf,welfare_vs_posted_at_matched_latency,mechanism,0.9998569231284028,NA,10,NA,NA
exp6_frontier,sp_medium_hybrid_noema_calibrated_2.25_posted_price_fcfs,welfare,mechanism,26.197060223792832,NA,10,NA,NA
exp6_frontier,sp_medium_hybrid_noema_calibrated_2.25_posted_price_fcfs,tokens_admitted,mechanism,32.117,NA,10,NA,NA
exp6_frontier,sp_medium_hybrid_noema_calibrated_2.25_posted_price_fcfs,median_latency,mechanism,72.37861891285264,NA,10,NA,NA
exp6_frontier,sp_medium_hybrid_noema_calibrated_2.25_posted_price_fcfs,alloc_ratio,mechanism,0.7879836808585129,NA,10,NA,NA
exp6_frontier,sp_medium_hybrid_noema_calibrated_2.25_posted_price_fcfs,welfare_vs_posted_at_matched_volume,mechanism,0.9999474587159933,NA,10,NA,NA
exp6_frontier,sp_medium_hybrid_noema_calibrated_2.25_posted_price_fcfs,welfare_vs_posted_at_matched_latency,mechanism,0.9999236011870721,NA,10,NA,NA
exp6_frontier,sp_medium_hybrid_noema_calibrated_2.5_posted_price,welfare,mechanism,23.288053251345012,NA,10,NA,NA
exp6_frontier,sp_medium_hybrid_noema_calibrated_2.5_posted_price,tokens_admitted,mechanism,27.398,NA,10,NA,NA
exp6_frontier,sp_medium_hybrid_noema_calibrated_2.5_posted_price,median_latency,mechanism,71.51883461196589,NA,10,NA,NA
exp6_frontier,sp_medium_hybrid_noema_calibrated_2.5_posted_price,alloc_ratio,mechanism,0.693066082875739,NA,10,NA,NA
exp6_frontier,sp_medium_hybrid_noema_calibrated_2.5_posted_price,welfare_vs_posted_at_matched_volume,mechanism,NA,NA,10,NA,NA
exp6_frontier,sp_medium_hybrid_noema_calibrated_2.5_posted_price,welfare_vs_posted_at_matched_latency,mechanism,NA,NA,10,NA,NA
exp6_frontier,sp_medium_hybrid_noema_calibrated_2.5_posted_price_edf,welfare,mechanism,23.287399993768076,NA,10,NA,NA
exp6_frontier,sp_medium_hybrid_noema_calibrated_2.5_posted_price_edf,tokens_admitted,mechanism,27.398,NA,10,NA,NA
exp6_frontier,sp_medium_hybrid_noema_calibrated_2.5_posted_price_edf,median_latency,mechanism,71.51931188718032,NA,10,NA,NA
exp6_frontier,sp_medium_hybrid_noema_calibrated_2.5_posted_price_edf,alloc_ratio,mechanism,0.693066082875739,NA,10,NA,NA
exp6_frontier,sp_medium_hybrid_noema_calibrated_2.5_posted_price_edf,welfare_vs_posted_at_matched_volume,mechanism,0.9999727998984803,NA,10,NA,NA
exp6_frontier,sp_medium_hybrid_noema_calibrated_2.5_posted_price_edf,welfare_vs_posted_at_matched_latency,mechanism,1.000175611629187,NA,10,NA,NA
exp6_frontier,sp_medium_hybrid_noema_calibrated_2.5_posted_price_fcfs,welfare,mechanism,23.28795166255028,NA,10,NA,NA
exp6_frontier,sp_medium_hybrid_noema_calibrated_2.5_posted_price_fcfs,tokens_admitted,mechanism,27.398,NA,10,NA,NA
exp6_frontier,sp_medium_hybrid_noema_calibrated_2.5_posted_price_fcfs,median_latency,mechanism,71.5190519704034,NA,10,NA,NA
exp6_frontier,sp_medium_hybrid_noema_calibrated_2.5_posted_price_fcfs,alloc_ratio,mechanism,0.693066082875739,NA,10,NA,NA
exp6_frontier,sp_medium_hybrid_noema_calibrated_2.5_posted_price_fcfs,welfare_vs_posted_at_matched_volume,mechanism,0.999996725925542,NA,10,NA,NA
exp6_frontier,sp_medium_hybrid_noema_calibrated_2.5_posted_price_fcfs,welfare_vs_posted_at_matched_latency,mechanism,1.0002781565647991,NA,10,NA,NA
exp6_frontier,sp_medium_hybrid_noema_calibrated_3_posted_price,welfare,mechanism,16.712109380377083,NA,10,NA,NA
exp6_frontier,sp_medium_hybrid_noema_calibrated_3_posted_price,tokens_admitted,mechanism,18.422,NA,10,NA,NA
exp6_frontier,sp_medium_hybrid_noema_calibrated_3_posted_price,median_latency,mechanism,70.78171229373945,NA,10,NA,NA
exp6_frontier,sp_medium_hybrid_noema_calibrated_3_posted_price,alloc_ratio,mechanism,0.49267778740075,NA,10,NA,NA
exp6_frontier,sp_medium_hybrid_noema_calibrated_3_posted_price,welfare_vs_posted_at_matched_volume,mechanism,NA,NA,10,NA,NA
exp6_frontier,sp_medium_hybrid_noema_calibrated_3_posted_price,welfare_vs_posted_at_matched_latency,mechanism,NA,NA,10,NA,NA
exp6_frontier,sp_medium_hybrid_noema_calibrated_3_posted_price_edf,welfare,mechanism,16.71022881417354,NA,10,NA,NA
exp6_frontier,sp_medium_hybrid_noema_calibrated_3_posted_price_edf,tokens_admitted,mechanism,18.422,NA,10,NA,NA
exp6_frontier,sp_medium_hybrid_noema_calibrated_3_posted_price_edf,median_latency,mechanism,70.7814200494511,NA,10,NA,NA
exp6_frontier,sp_medium_hybrid_noema_calibrated_3_posted_price_edf,alloc_ratio,mechanism,0.49267778740075,NA,10,NA,NA
exp6_frontier,sp_medium_hybrid_noema_calibrated_3_posted_price_edf,welfare_vs_posted_at_matched_volume,mechanism,0.9998874881731582,NA,10,NA,NA
exp6_frontier,sp_medium_hybrid_noema_calibrated_3_posted_price_edf,welfare_vs_posted_at_matched_latency,mechanism,0.9987373548085903,NA,10,NA,NA
exp6_frontier,sp_medium_hybrid_noema_calibrated_3_posted_price_fcfs,welfare,mechanism,16.71115759071084,NA,10,NA,NA
exp6_frontier,sp_medium_hybrid_noema_calibrated_3_posted_price_fcfs,tokens_admitted,mechanism,18.422,NA,10,NA,NA
exp6_frontier,sp_medium_hybrid_noema_calibrated_3_posted_price_fcfs,median_latency,mechanism,70.78153066261598,NA,10,NA,NA
exp6_frontier,sp_medium_hybrid_noema_calibrated_3_posted_price_fcfs,alloc_ratio,mechanism,0.49267778740075,NA,10,NA,NA
exp6_frontier,sp_medium_hybrid_noema_calibrated_3_posted_price_fcfs,welfare_vs_posted_at_matched_volume,mechanism,0.9999438160575356,NA,10,NA,NA
exp6_frontier,sp_medium_hybrid_noema_calibrated_3_posted_price_fcfs,welfare_vs_posted_at_matched_latency,mechanism,0.9992892799455392,NA,10,NA,NA
exp6_frontier,sp_medium_hybrid_noema_calibrated_4_posted_price,welfare,mechanism,0,NA,10,NA,NA
exp6_frontier,sp_medium_hybrid_noema_calibrated_4_posted_price,tokens_admitted,mechanism,0,NA,10,NA,NA
exp6_frontier,sp_medium_hybrid_noema_calibrated_4_posted_price,median_latency,mechanism,NA,NA,10,NA,NA
exp6_frontier,sp_medium_hybrid_noema_calibrated_4_posted_price,alloc_ratio,mechanism,0,NA,10,NA,NA
exp6_frontier,sp_medium_hybrid_noema_calibrated_4_posted_price,welfare_vs_posted_at_matched_volume,mechanism,NA,NA,10,NA,NA
exp6_frontier,sp_medium_hybrid_noema_calibrated_4_posted_price,welfare_vs_posted_at_matched_latency,mechanism,NA,NA,10,NA,NA
exp6_frontier,sp_medium_hybrid_noema_calibrated_4_posted_price_edf,welfare,mechanism,0,NA,10,NA,NA
exp6_frontier,sp_medium_hybrid_noema_calibrated_4_posted_price_edf,tokens_admitted,mechanism,0,NA,10,NA,NA
exp6_frontier,sp_medium_hybrid_noema_calibrated_4_posted_price_edf,median_latency,mechanism,NA,NA,10,NA,NA
exp6_frontier,sp_medium_hybrid_noema_calibrated_4_posted_price_edf,alloc_ratio,mechanism,0,NA,10,NA,NA
exp6_frontier,sp_medium_hybrid_noema_calibrated_4_posted_price_edf,welfare_vs_posted_at_matched_volume,mechanism,NA,NA,10,NA,NA
exp6_frontier,sp_medium_hybrid_noema_calibrated_4_posted_price_edf,welfare_vs_posted_at_matched_latency,mechanism,NA,NA,10,NA,NA
exp6_frontier,sp_medium_hybrid_noema_calibrated_4_posted_price_fcfs,welfare,mechanism,0,NA,10,NA,NA
exp6_frontier,sp_medium_hybrid_noema_calibrated_4_posted_price_fcfs,tokens_admitted,mechanism,0,NA,10,NA,NA
exp6_frontier,sp_medium_hybrid_noema_calibrated_4_posted_price_fcfs,median_latency,mechanism,NA,NA,10,NA,NA
exp6_frontier,sp_medium_hybrid_noema_calibrated_4_posted_price_fcfs,alloc_ratio,mechanism,0,NA,10,NA,NA
exp6_frontier,sp_medium_hybrid_noema_calibrated_4_posted_price_fcfs,welfare_vs_posted_at_matched_volume,mechanism,NA,NA,10,NA,NA
exp6_frontier,sp_medium_hybrid_noema_calibrated_4_posted_price_fcfs,welfare_vs_posted_at_matched_latency,mechanism,NA,NA,10,NA,NA
exp6_frontier,sp_medium_hybrid_noema_calibrated_4_posted_price_matched,welfare,mechanism,0,NA,10,NA,NA
exp6_frontier,sp_medium_hybrid_noema_calibrated_4_posted_price_matched,tokens_admitted,mechanism,0,NA,10,NA,NA
exp6_frontier,sp_medium_hybrid_noema_calibrated_4_posted_price_matched,median_latency,mechanism,NA,NA,10,NA,NA
exp6_frontier,sp_medium_hybrid_noema_calibrated_4_posted_price_matched,alloc_ratio,mechanism,0,NA,10,NA,NA
exp6_frontier,sp_medium_hybrid_noema_calibrated_4_posted_price_matched,welfare_vs_posted_at_matched_volume,mechanism,NA,NA,10,NA,NA
exp6_frontier,sp_medium_hybrid_noema_calibrated_4_posted_price_matched,welfare_vs_posted_at_matched_latency,mechanism,NA,NA,10,NA,NA
exp6_frontier,sp_medium_naive_baseline_1_edf,welfare,mechanism,21.45008752466108,NA,10,NA,NA
exp6_frontier,sp_medium_naive_baseline_1_edf,tokens_admitted,mechanism,44.1065,NA,10,NA,NA
exp6_frontier,sp_medium_naive_baseline_1_edf,median_latency,mechanism,131.80054305369205,NA,10,NA,NA
exp6_frontier,sp_medium_naive_baseline_1_edf,alloc_ratio,mechanism,0.9949176733655156,NA,10,NA,NA
exp6_frontier,sp_medium_naive_baseline_1_edf,welfare_vs_posted_at_matched_volume,mechanism,NA,NA,10,NA,NA
exp6_frontier,sp_medium_naive_baseline_1_edf,welfare_vs_posted_at_matched_latency,mechanism,NA,NA,10,NA,NA
exp6_frontier,sp_medium_naive_baseline_1_greedy_ev,welfare,mechanism,21.488934079244505,NA,10,NA,NA
exp6_frontier,sp_medium_naive_baseline_1_greedy_ev,tokens_admitted,mechanism,44.1065,NA,10,NA,NA
exp6_frontier,sp_medium_naive_baseline_1_greedy_ev,median_latency,mechanism,131.79627000895405,NA,10,NA,NA
exp6_frontier,sp_medium_naive_baseline_1_greedy_ev,alloc_ratio,mechanism,0.9999964225472696,NA,10,NA,NA
exp6_frontier,sp_medium_naive_baseline_1_greedy_ev,welfare_vs_posted_at_matched_volume,mechanism,NA,NA,10,NA,NA
exp6_frontier,sp_medium_naive_baseline_1_greedy_ev,welfare_vs_posted_at_matched_latency,mechanism,NA,NA,10,NA,NA
exp6_frontier,sp_medium_naive_baseline_1_k8s,welfare,mechanism,21.4522048442451,NA,10,NA,NA
exp6_frontier,sp_medium_naive_baseline_1_k8s,tokens_admitted,mechanism,44.1065,NA,10,NA,NA
exp6_frontier,sp_medium_naive_baseline_1_k8s,median_latency,mechanism,131.7919890597683,NA,10,NA,NA
exp6_frontier,sp_medium_naive_baseline_1_k8s,alloc_ratio,mechanism,0.995093665213256,NA,10,NA,NA
exp6_frontier,sp_medium_naive_baseline_1_k8s,welfare_vs_posted_at_matched_volume,mechanism,NA,NA,10,NA,NA
exp6_frontier,sp_medium_naive_baseline_1_k8s,welfare_vs_posted_at_matched_latency,mechanism,NA,NA,10,NA,NA
exp6_frontier,sp_medium_naive_baseline_1_market,welfare,mechanism,25.65585610723215,NA,10,NA,NA
exp6_frontier,sp_medium_naive_baseline_1_market,tokens_admitted,mechanism,40.407000000000004,NA,10,NA,NA
exp6_frontier,sp_medium_naive_baseline_1_market,median_latency,mechanism,95.51404905197103,NA,10,NA,NA
exp6_frontier,sp_medium_naive_baseline_1_market,alloc_ratio,mechanism,0.9383494670026291,NA,10,NA,NA
exp6_frontier,sp_medium_naive_baseline_1_market,welfare_vs_posted_at_matched_volume,mechanism,1.0661957546761034,NA,10,NA,NA
exp6_frontier,sp_medium_naive_baseline_1_market,welfare_vs_posted_at_matched_latency,mechanism,1.0498306125218018,NA,10,NA,NA
exp6_frontier,sp_medium_naive_baseline_1_market_asc,welfare,mechanism,25.28722773122733,NA,10,NA,NA
exp6_frontier,sp_medium_naive_baseline_1_market_asc,tokens_admitted,mechanism,40.8,NA,10,NA,NA
exp6_frontier,sp_medium_naive_baseline_1_market_asc,median_latency,mechanism,98.0318257063169,NA,10,NA,NA
exp6_frontier,sp_medium_naive_baseline_1_market_asc,alloc_ratio,mechanism,0.9448455882464051,NA,10,NA,NA
exp6_frontier,sp_medium_naive_baseline_1_market_asc,welfare_vs_posted_at_matched_volume,mechanism,1.0532213526410612,NA,10,NA,NA
exp6_frontier,sp_medium_naive_baseline_1_market_asc,welfare_vs_posted_at_matched_latency,mechanism,1.0384323141045657,NA,10,NA,NA
exp6_frontier,sp_medium_naive_baseline_1_market_cc,welfare,mechanism,18.75962283727864,NA,10,NA,NA
exp6_frontier,sp_medium_naive_baseline_1_market_cc,tokens_admitted,mechanism,31.6345,NA,10,NA,NA
exp6_frontier,sp_medium_naive_baseline_1_market_cc,median_latency,mechanism,104.98947293939003,NA,10,NA,NA
exp6_frontier,sp_medium_naive_baseline_1_market_cc,alloc_ratio,mechanism,0.733477202928968,NA,10,NA,NA
exp6_frontier,sp_medium_naive_baseline_1_market_cc,welfare_vs_posted_at_matched_volume,mechanism,0.7691530573871159,NA,10,NA,NA
exp6_frontier,sp_medium_naive_baseline_1_market_cc,welfare_vs_posted_at_matched_latency,mechanism,0.7889612842762402,NA,10,NA,NA
exp6_frontier,sp_medium_naive_baseline_1_posted_price,welfare,mechanism,23.99459526835644,NA,10,NA,NA
exp6_frontier,sp_medium_naive_baseline_1_posted_price,tokens_admitted,mechanism,40.9415,NA,10,NA,NA
exp6_frontier,sp_medium_naive_baseline_1_posted_price,median_latency,mechanism,108.19847534469949,NA,10,NA,NA
exp6_frontier,sp_medium_naive_baseline_1_posted_price,alloc_ratio,mechanism,0.946658918642971,NA,10,NA,NA
exp6_frontier,sp_medium_naive_baseline_1_posted_price,welfare_vs_posted_at_matched_volume,mechanism,NA,NA,10,NA,NA
exp6_frontier,sp_medium_naive_baseline_1_posted_price,welfare_vs_posted_at_matched_latency,mechanism,NA,NA,10,NA,NA
exp6_frontier,sp_medium_naive_baseline_1_posted_price_edf,welfare,mechanism,23.986892838940214,NA,10,NA,NA
exp6_frontier,sp_medium_naive_baseline_1_posted_price_edf,tokens_admitted,mechanism,40.9425,NA,10,NA,NA
exp6_frontier,sp_medium_naive_baseline_1_posted_price_edf,median_latency,mechanism,108.14886092026202,NA,10,NA,NA
exp6_frontier,sp_medium_naive_baseline_1_posted_price_edf,alloc_ratio,mechanism,0.9442020536096002,NA,10,NA,NA
exp6_frontier,sp_medium_naive_baseline_1_posted_price_edf,welfare_vs_posted_at_matched_volume,mechanism,0.999622923735211,NA,10,NA,NA
exp6_frontier,sp_medium_naive_baseline_1_posted_price_edf,welfare_vs_posted_at_matched_latency,mechanism,0.9998859495653533,NA,10,NA,NA
exp6_frontier,sp_medium_naive_baseline_1_posted_price_fcfs,welfare,mechanism,23.98969511440343,NA,10,NA,NA
exp6_frontier,sp_medium_naive_baseline_1_posted_price_fcfs,tokens_admitted,mechanism,40.943,NA,10,NA,NA
exp6_frontier,sp_medium_naive_baseline_1_posted_price_fcfs,median_latency,mechanism,108.148144177906,NA,10,NA,NA
exp6_frontier,sp_medium_naive_baseline_1_posted_price_fcfs,alloc_ratio,mechanism,0.9442930076050041,NA,10,NA,NA
exp6_frontier,sp_medium_naive_baseline_1_posted_price_fcfs,welfare_vs_posted_at_matched_volume,mechanism,0.9998357361233929,NA,10,NA,NA
exp6_frontier,sp_medium_naive_baseline_1_posted_price_fcfs,welfare_vs_posted_at_matched_latency,mechanism,1.0000459044015828,NA,10,NA,NA
exp6_frontier,sp_medium_naive_baseline_1_posted_price_matched,welfare,mechanism,21.487789163654547,NA,10,NA,NA
exp6_frontier,sp_medium_naive_baseline_1_posted_price_matched,tokens_admitted,mechanism,44.1025,NA,10,NA,NA
exp6_frontier,sp_medium_naive_baseline_1_posted_price_matched,median_latency,mechanism,131.79270546082563,NA,10,NA,NA
exp6_frontier,sp_medium_naive_baseline_1_posted_price_matched,alloc_ratio,mechanism,0.9999261697751212,NA,10,NA,NA
exp6_frontier,sp_medium_naive_baseline_1_posted_price_matched,welfare_vs_posted_at_matched_volume,mechanism,NA,NA,10,NA,NA
exp6_frontier,sp_medium_naive_baseline_1_posted_price_matched,welfare_vs_posted_at_matched_latency,mechanism,NA,NA,10,NA,NA
exp6_frontier,sp_medium_naive_baseline_1_random,welfare,mechanism,21.45213258432029,NA,10,NA,NA
exp6_frontier,sp_medium_naive_baseline_1_random,tokens_admitted,mechanism,44.1065,NA,10,NA,NA
exp6_frontier,sp_medium_naive_baseline_1_random,median_latency,mechanism,131.69700812172405,NA,10,NA,NA
exp6_frontier,sp_medium_naive_baseline_1_random,alloc_ratio,mechanism,0.9948890705797335,NA,10,NA,NA
exp6_frontier,sp_medium_naive_baseline_1_random,welfare_vs_posted_at_matched_volume,mechanism,NA,NA,10,NA,NA
exp6_frontier,sp_medium_naive_baseline_1_random,welfare_vs_posted_at_matched_latency,mechanism,NA,NA,10,NA,NA
exp6_frontier,sp_medium_naive_baseline_1.25_posted_price,welfare,mechanism,25.005659640290318,NA,10,NA,NA
exp6_frontier,sp_medium_naive_baseline_1.25_posted_price,tokens_admitted,mechanism,32.9295,NA,10,NA,NA
exp6_frontier,sp_medium_naive_baseline_1.25_posted_price,median_latency,mechanism,79.14256037380272,NA,10,NA,NA
exp6_frontier,sp_medium_naive_baseline_1.25_posted_price,alloc_ratio,mechanism,0.8019896662840764,NA,10,NA,NA
exp6_frontier,sp_medium_naive_baseline_1.25_posted_price,welfare_vs_posted_at_matched_volume,mechanism,NA,NA,10,NA,NA
exp6_frontier,sp_medium_naive_baseline_1.25_posted_price,welfare_vs_posted_at_matched_latency,mechanism,NA,NA,10,NA,NA
exp6_frontier,sp_medium_naive_baseline_1.25_posted_price_edf,welfare,mechanism,25.005126711997026,NA,10,NA,NA
exp6_frontier,sp_medium_naive_baseline_1.25_posted_price_edf,tokens_admitted,mechanism,32.929,NA,10,NA,NA
exp6_frontier,sp_medium_naive_baseline_1.25_posted_price_edf,median_latency,mechanism,79.1434457139042,NA,10,NA,NA
exp6_frontier,sp_medium_naive_baseline_1.25_posted_price_edf,alloc_ratio,mechanism,0.801916267310545,NA,10,NA,NA
exp6_frontier,sp_medium_naive_baseline_1.25_posted_price_edf,welfare_vs_posted_at_matched_volume,mechanism,0.9999887370241398,NA,10,NA,NA
exp6_frontier,sp_medium_naive_baseline_1.25_posted_price_edf,welfare_vs_posted_at_matched_latency,mechanism,1.0000372977180974,NA,10,NA,NA
exp6_frontier,sp_medium_naive_baseline_1.25_posted_price_fcfs,welfare,mechanism,25.004345394054567,NA,10,NA,NA
exp6_frontier,sp_medium_naive_baseline_1.25_posted_price_fcfs,tokens_admitted,mechanism,32.929,NA,10,NA,NA
exp6_frontier,sp_medium_naive_baseline_1.25_posted_price_fcfs,median_latency,mechanism,79.14591297573256,NA,10,NA,NA
exp6_frontier,sp_medium_naive_baseline_1.25_posted_price_fcfs,alloc_ratio,mechanism,0.8019012046691054,NA,10,NA,NA
exp6_frontier,sp_medium_naive_baseline_1.25_posted_price_fcfs,welfare_vs_posted_at_matched_volume,mechanism,0.9999586315514891,NA,10,NA,NA
exp6_frontier,sp_medium_naive_baseline_1.25_posted_price_fcfs,welfare_vs_posted_at_matched_latency,mechanism,0.9999904242089968,NA,10,NA,NA
exp6_frontier,sp_medium_naive_baseline_1.5_posted_price,welfare,mechanism,21.343683271255532,NA,10,NA,NA
exp6_frontier,sp_medium_naive_baseline_1.5_posted_price,tokens_admitted,mechanism,25.3535,NA,10,NA,NA
exp6_frontier,sp_medium_naive_baseline_1.5_posted_price,median_latency,mechanism,73.4291917548688,NA,10,NA,NA
exp6_frontier,sp_medium_naive_baseline_1.5_posted_price,alloc_ratio,mechanism,0.6483759489635018,NA,10,NA,NA
exp6_frontier,sp_medium_naive_baseline_1.5_posted_price,welfare_vs_posted_at_matched_volume,mechanism,NA,NA,10,NA,NA
exp6_frontier,sp_medium_naive_baseline_1.5_posted_price,welfare_vs_posted_at_matched_latency,mechanism,NA,NA,10,NA,NA
exp6_frontier,sp_medium_naive_baseline_1.5_posted_price_edf,welfare,mechanism,21.34254485680066,NA,10,NA,NA
exp6_frontier,sp_medium_naive_baseline_1.5_posted_price_edf,tokens_admitted,mechanism,25.3535,NA,10,NA,NA
exp6_frontier,sp_medium_naive_baseline_1.5_posted_price_edf,median_latency,mechanism,73.43239560681971,NA,10,NA,NA
exp6_frontier,sp_medium_naive_baseline_1.5_posted_price_edf,alloc_ratio,mechanism,0.6483759489635018,NA,10,NA,NA
exp6_frontier,sp_medium_naive_baseline_1.5_posted_price_edf,welfare_vs_posted_at_matched_volume,mechanism,0.9999475383471212,NA,10,NA,NA
exp6_frontier,sp_medium_naive_baseline_1.5_posted_price_edf,welfare_vs_posted_at_matched_latency,mechanism,1.000051615075054,NA,10,NA,NA
exp6_frontier,sp_medium_naive_baseline_1.5_posted_price_fcfs,welfare,mechanism,21.343275206676932,NA,10,NA,NA
exp6_frontier,sp_medium_naive_baseline_1.5_posted_price_fcfs,tokens_admitted,mechanism,25.3535,NA,10,NA,NA
exp6_frontier,sp_medium_naive_baseline_1.5_posted_price_fcfs,median_latency,mechanism,73.43089766195611,NA,10,NA,NA
exp6_frontier,sp_medium_naive_baseline_1.5_posted_price_fcfs,alloc_ratio,mechanism,0.6483759489635018,NA,10,NA,NA
exp6_frontier,sp_medium_naive_baseline_1.5_posted_price_fcfs,welfare_vs_posted_at_matched_volume,mechanism,0.9999818897415432,NA,10,NA,NA
exp6_frontier,sp_medium_naive_baseline_1.5_posted_price_fcfs,welfare_vs_posted_at_matched_latency,mechanism,1.0003475423780033,NA,10,NA,NA
exp6_frontier,sp_medium_naive_baseline_1.75_posted_price,welfare,mechanism,16.391969677596638,NA,10,NA,NA
exp6_frontier,sp_medium_naive_baseline_1.75_posted_price,tokens_admitted,mechanism,18.335,NA,10,NA,NA
exp6_frontier,sp_medium_naive_baseline_1.75_posted_price,median_latency,mechanism,71.99850811279406,NA,10,NA,NA
exp6_frontier,sp_medium_naive_baseline_1.75_posted_price,alloc_ratio,mechanism,0.48954118546749986,NA,10,NA,NA
exp6_frontier,sp_medium_naive_baseline_1.75_posted_price,welfare_vs_posted_at_matched_volume,mechanism,NA,NA,10,NA,NA
exp6_frontier,sp_medium_naive_baseline_1.75_posted_price,welfare_vs_posted_at_matched_latency,mechanism,NA,NA,10,NA,NA
exp6_frontier,sp_medium_naive_baseline_1.75_posted_price_edf,welfare,mechanism,16.390028718276444,NA,10,NA,NA
exp6_frontier,sp_medium_naive_baseline_1.75_posted_price_edf,tokens_admitted,mechanism,18.335,NA,10,NA,NA
exp6_frontier,sp_medium_naive_baseline_1.75_posted_price_edf,median_latency,mechanism,71.99621948734112,NA,10,NA,NA
exp6_frontier,sp_medium_naive_baseline_1.75_posted_price_edf,alloc_ratio,mechanism,0.48954118546749986,NA,10,NA,NA
exp6_frontier,sp_medium_naive_baseline_1.75_posted_price_edf,welfare_vs_posted_at_matched_volume,mechanism,0.9998817056596039,NA,10,NA,NA
exp6_frontier,sp_medium_naive_baseline_1.75_posted_price_edf,welfare_vs_posted_at_matched_latency,mechanism,1.0009364930918203,NA,10,NA,NA
exp6_frontier,sp_medium_naive_baseline_1.75_posted_price_fcfs,welfare,mechanism,16.391133587841917,NA,10,NA,NA
exp6_frontier,sp_medium_naive_baseline_1.75_posted_price_fcfs,tokens_admitted,mechanism,18.335,NA,10,NA,NA
exp6_frontier,sp_medium_naive_baseline_1.75_posted_price_fcfs,median_latency,mechanism,71.99727774264491,NA,10,NA,NA
exp6_frontier,sp_medium_naive_baseline_1.75_posted_price_fcfs,alloc_ratio,mechanism,0.48954118546749986,NA,10,NA,NA
exp6_frontier,sp_medium_naive_baseline_1.75_posted_price_fcfs,welfare_vs_posted_at_matched_volume,mechanism,0.9999496152162166,NA,10,NA,NA
exp6_frontier,sp_medium_naive_baseline_1.75_posted_price_fcfs,welfare_vs_posted_at_matched_latency,mechanism,1.0006478675159722,NA,10,NA,NA
exp6_frontier,sp_medium_naive_baseline_2_posted_price,welfare,mechanism,10.978247946673262,NA,10,NA,NA
exp6_frontier,sp_medium_naive_baseline_2_posted_price,tokens_admitted,mechanism,11.682,NA,10,NA,NA
exp6_frontier,sp_medium_naive_baseline_2_posted_price,median_latency,mechanism,71.06739388033624,NA,10,NA,NA
exp6_frontier,sp_medium_naive_baseline_2_posted_price,alloc_ratio,mechanism,0.32437446985107316,NA,10,NA,NA
exp6_frontier,sp_medium_naive_baseline_2_posted_price,welfare_vs_posted_at_matched_volume,mechanism,NA,NA,10,NA,NA
exp6_frontier,sp_medium_naive_baseline_2_posted_price,welfare_vs_posted_at_matched_latency,mechanism,NA,NA,10,NA,NA
exp6_frontier,sp_medium_naive_baseline_2_posted_price_edf,welfare,mechanism,10.978414944811137,NA,10,NA,NA
exp6_frontier,sp_medium_naive_baseline_2_posted_price_edf,tokens_admitted,mechanism,11.682,NA,10,NA,NA
exp6_frontier,sp_medium_naive_baseline_2_posted_price_edf,median_latency,mechanism,71.07081007021164,NA,10,NA,NA
exp6_frontier,sp_medium_naive_baseline_2_posted_price_edf,alloc_ratio,mechanism,0.32437446985107316,NA,10,NA,NA
exp6_frontier,sp_medium_naive_baseline_2_posted_price_edf,welfare_vs_posted_at_matched_volume,mechanism,1.0000152750726294,NA,10,NA,NA
exp6_frontier,sp_medium_naive_baseline_2_posted_price_edf,welfare_vs_posted_at_matched_latency,mechanism,0.9976270840220447,NA,10,NA,NA
exp6_frontier,sp_medium_naive_baseline_2_posted_price_fcfs,welfare,mechanism,10.978103624712968,NA,10,NA,NA
exp6_frontier,sp_medium_naive_baseline_2_posted_price_fcfs,tokens_admitted,mechanism,11.682,NA,10,NA,NA
exp6_frontier,sp_medium_naive_baseline_2_posted_price_fcfs,median_latency,mechanism,71.06879113724065,NA,10,NA,NA
exp6_frontier,sp_medium_naive_baseline_2_posted_price_fcfs,alloc_ratio,mechanism,0.32437446985107316,NA,10,NA,NA
exp6_frontier,sp_medium_naive_baseline_2_posted_price_fcfs,welfare_vs_posted_at_matched_volume,mechanism,0.9999868557689989,NA,10,NA,NA
exp6_frontier,sp_medium_naive_baseline_2_posted_price_fcfs,welfare_vs_posted_at_matched_latency,mechanism,0.9973281599576755,NA,10,NA,NA
exp6_frontier,sp_medium_naive_baseline_2_posted_price_matched,welfare,mechanism,25.266389237102093,NA,10,NA,NA
exp6_frontier,sp_medium_naive_baseline_2_posted_price_matched,tokens_admitted,mechanism,34.538,NA,10,NA,NA
exp6_frontier,sp_medium_naive_baseline_2_posted_price_matched,median_latency,mechanism,82.72881614600696,NA,10,NA,NA
exp6_frontier,sp_medium_naive_baseline_2_posted_price_matched,alloc_ratio,mechanism,0.8324729779573998,NA,10,NA,NA
exp6_frontier,sp_medium_naive_baseline_2_posted_price_matched,welfare_vs_posted_at_matched_volume,mechanism,1.0186494471051257,NA,10,NA,NA
exp6_frontier,sp_medium_naive_baseline_2_posted_price_matched,welfare_vs_posted_at_matched_latency,mechanism,1.0154227950687629,NA,10,NA,NA
exp6_frontier,sp_medium_naive_baseline_2.25_posted_price,welfare,mechanism,0,NA,10,NA,NA
exp6_frontier,sp_medium_naive_baseline_2.25_posted_price,tokens_admitted,mechanism,0,NA,10,NA,NA
exp6_frontier,sp_medium_naive_baseline_2.25_posted_price,median_latency,mechanism,NA,NA,10,NA,NA
exp6_frontier,sp_medium_naive_baseline_2.25_posted_price,alloc_ratio,mechanism,0,NA,10,NA,NA
exp6_frontier,sp_medium_naive_baseline_2.25_posted_price,welfare_vs_posted_at_matched_volume,mechanism,NA,NA,10,NA,NA
exp6_frontier,sp_medium_naive_baseline_2.25_posted_price,welfare_vs_posted_at_matched_latency,mechanism,NA,NA,10,NA,NA
exp6_frontier,sp_medium_naive_baseline_2.25_posted_price_edf,welfare,mechanism,0,NA,10,NA,NA
exp6_frontier,sp_medium_naive_baseline_2.25_posted_price_edf,tokens_admitted,mechanism,0,NA,10,NA,NA
exp6_frontier,sp_medium_naive_baseline_2.25_posted_price_edf,median_latency,mechanism,NA,NA,10,NA,NA
exp6_frontier,sp_medium_naive_baseline_2.25_posted_price_edf,alloc_ratio,mechanism,0,NA,10,NA,NA
exp6_frontier,sp_medium_naive_baseline_2.25_posted_price_edf,welfare_vs_posted_at_matched_volume,mechanism,NA,NA,10,NA,NA
exp6_frontier,sp_medium_naive_baseline_2.25_posted_price_edf,welfare_vs_posted_at_matched_latency,mechanism,NA,NA,10,NA,NA
exp6_frontier,sp_medium_naive_baseline_2.25_posted_price_fcfs,welfare,mechanism,0,NA,10,NA,NA
exp6_frontier,sp_medium_naive_baseline_2.25_posted_price_fcfs,tokens_admitted,mechanism,0,NA,10,NA,NA
exp6_frontier,sp_medium_naive_baseline_2.25_posted_price_fcfs,median_latency,mechanism,NA,NA,10,NA,NA
exp6_frontier,sp_medium_naive_baseline_2.25_posted_price_fcfs,alloc_ratio,mechanism,0,NA,10,NA,NA
exp6_frontier,sp_medium_naive_baseline_2.25_posted_price_fcfs,welfare_vs_posted_at_matched_volume,mechanism,NA,NA,10,NA,NA
exp6_frontier,sp_medium_naive_baseline_2.25_posted_price_fcfs,welfare_vs_posted_at_matched_latency,mechanism,NA,NA,10,NA,NA
exp6_frontier,sp_medium_naive_baseline_2.5_posted_price,welfare,mechanism,0,NA,10,NA,NA
exp6_frontier,sp_medium_naive_baseline_2.5_posted_price,tokens_admitted,mechanism,0,NA,10,NA,NA
exp6_frontier,sp_medium_naive_baseline_2.5_posted_price,median_latency,mechanism,NA,NA,10,NA,NA
exp6_frontier,sp_medium_naive_baseline_2.5_posted_price,alloc_ratio,mechanism,0,NA,10,NA,NA
exp6_frontier,sp_medium_naive_baseline_2.5_posted_price,welfare_vs_posted_at_matched_volume,mechanism,NA,NA,10,NA,NA
exp6_frontier,sp_medium_naive_baseline_2.5_posted_price,welfare_vs_posted_at_matched_latency,mechanism,NA,NA,10,NA,NA
exp6_frontier,sp_medium_naive_baseline_2.5_posted_price_edf,welfare,mechanism,0,NA,10,NA,NA
exp6_frontier,sp_medium_naive_baseline_2.5_posted_price_edf,tokens_admitted,mechanism,0,NA,10,NA,NA
exp6_frontier,sp_medium_naive_baseline_2.5_posted_price_edf,median_latency,mechanism,NA,NA,10,NA,NA
exp6_frontier,sp_medium_naive_baseline_2.5_posted_price_edf,alloc_ratio,mechanism,0,NA,10,NA,NA
exp6_frontier,sp_medium_naive_baseline_2.5_posted_price_edf,welfare_vs_posted_at_matched_volume,mechanism,NA,NA,10,NA,NA
exp6_frontier,sp_medium_naive_baseline_2.5_posted_price_edf,welfare_vs_posted_at_matched_latency,mechanism,NA,NA,10,NA,NA
exp6_frontier,sp_medium_naive_baseline_2.5_posted_price_fcfs,welfare,mechanism,0,NA,10,NA,NA
exp6_frontier,sp_medium_naive_baseline_2.5_posted_price_fcfs,tokens_admitted,mechanism,0,NA,10,NA,NA
exp6_frontier,sp_medium_naive_baseline_2.5_posted_price_fcfs,median_latency,mechanism,NA,NA,10,NA,NA
exp6_frontier,sp_medium_naive_baseline_2.5_posted_price_fcfs,alloc_ratio,mechanism,0,NA,10,NA,NA
exp6_frontier,sp_medium_naive_baseline_2.5_posted_price_fcfs,welfare_vs_posted_at_matched_volume,mechanism,NA,NA,10,NA,NA
exp6_frontier,sp_medium_naive_baseline_2.5_posted_price_fcfs,welfare_vs_posted_at_matched_latency,mechanism,NA,NA,10,NA,NA
exp6_frontier,sp_medium_naive_baseline_3_posted_price,welfare,mechanism,0,NA,10,NA,NA
exp6_frontier,sp_medium_naive_baseline_3_posted_price,tokens_admitted,mechanism,0,NA,10,NA,NA
exp6_frontier,sp_medium_naive_baseline_3_posted_price,median_latency,mechanism,NA,NA,10,NA,NA
exp6_frontier,sp_medium_naive_baseline_3_posted_price,alloc_ratio,mechanism,0,NA,10,NA,NA
exp6_frontier,sp_medium_naive_baseline_3_posted_price,welfare_vs_posted_at_matched_volume,mechanism,NA,NA,10,NA,NA
exp6_frontier,sp_medium_naive_baseline_3_posted_price,welfare_vs_posted_at_matched_latency,mechanism,NA,NA,10,NA,NA
exp6_frontier,sp_medium_naive_baseline_3_posted_price_edf,welfare,mechanism,0,NA,10,NA,NA
exp6_frontier,sp_medium_naive_baseline_3_posted_price_edf,tokens_admitted,mechanism,0,NA,10,NA,NA
exp6_frontier,sp_medium_naive_baseline_3_posted_price_edf,median_latency,mechanism,NA,NA,10,NA,NA
exp6_frontier,sp_medium_naive_baseline_3_posted_price_edf,alloc_ratio,mechanism,0,NA,10,NA,NA
exp6_frontier,sp_medium_naive_baseline_3_posted_price_edf,welfare_vs_posted_at_matched_volume,mechanism,NA,NA,10,NA,NA
exp6_frontier,sp_medium_naive_baseline_3_posted_price_edf,welfare_vs_posted_at_matched_latency,mechanism,NA,NA,10,NA,NA
exp6_frontier,sp_medium_naive_baseline_3_posted_price_fcfs,welfare,mechanism,0,NA,10,NA,NA
exp6_frontier,sp_medium_naive_baseline_3_posted_price_fcfs,tokens_admitted,mechanism,0,NA,10,NA,NA
exp6_frontier,sp_medium_naive_baseline_3_posted_price_fcfs,median_latency,mechanism,NA,NA,10,NA,NA
exp6_frontier,sp_medium_naive_baseline_3_posted_price_fcfs,alloc_ratio,mechanism,0,NA,10,NA,NA
exp6_frontier,sp_medium_naive_baseline_3_posted_price_fcfs,welfare_vs_posted_at_matched_volume,mechanism,NA,NA,10,NA,NA
exp6_frontier,sp_medium_naive_baseline_3_posted_price_fcfs,welfare_vs_posted_at_matched_latency,mechanism,NA,NA,10,NA,NA
exp6_frontier,sp_medium_naive_baseline_4_posted_price,welfare,mechanism,0,NA,10,NA,NA
exp6_frontier,sp_medium_naive_baseline_4_posted_price,tokens_admitted,mechanism,0,NA,10,NA,NA
exp6_frontier,sp_medium_naive_baseline_4_posted_price,median_latency,mechanism,NA,NA,10,NA,NA
exp6_frontier,sp_medium_naive_baseline_4_posted_price,alloc_ratio,mechanism,0,NA,10,NA,NA
exp6_frontier,sp_medium_naive_baseline_4_posted_price,welfare_vs_posted_at_matched_volume,mechanism,NA,NA,10,NA,NA
exp6_frontier,sp_medium_naive_baseline_4_posted_price,welfare_vs_posted_at_matched_latency,mechanism,NA,NA,10,NA,NA
exp6_frontier,sp_medium_naive_baseline_4_posted_price_edf,welfare,mechanism,0,NA,10,NA,NA
exp6_frontier,sp_medium_naive_baseline_4_posted_price_edf,tokens_admitted,mechanism,0,NA,10,NA,NA
exp6_frontier,sp_medium_naive_baseline_4_posted_price_edf,median_latency,mechanism,NA,NA,10,NA,NA
exp6_frontier,sp_medium_naive_baseline_4_posted_price_edf,alloc_ratio,mechanism,0,NA,10,NA,NA
exp6_frontier,sp_medium_naive_baseline_4_posted_price_edf,welfare_vs_posted_at_matched_volume,mechanism,NA,NA,10,NA,NA
exp6_frontier,sp_medium_naive_baseline_4_posted_price_edf,welfare_vs_posted_at_matched_latency,mechanism,NA,NA,10,NA,NA
exp6_frontier,sp_medium_naive_baseline_4_posted_price_fcfs,welfare,mechanism,0,NA,10,NA,NA
exp6_frontier,sp_medium_naive_baseline_4_posted_price_fcfs,tokens_admitted,mechanism,0,NA,10,NA,NA
exp6_frontier,sp_medium_naive_baseline_4_posted_price_fcfs,median_latency,mechanism,NA,NA,10,NA,NA
exp6_frontier,sp_medium_naive_baseline_4_posted_price_fcfs,alloc_ratio,mechanism,0,NA,10,NA,NA
exp6_frontier,sp_medium_naive_baseline_4_posted_price_fcfs,welfare_vs_posted_at_matched_volume,mechanism,NA,NA,10,NA,NA
exp6_frontier,sp_medium_naive_baseline_4_posted_price_fcfs,welfare_vs_posted_at_matched_latency,mechanism,NA,NA,10,NA,NA
exp6_frontier,sp_medium_naive_baseline_4_posted_price_matched,welfare,mechanism,0,NA,10,NA,NA
exp6_frontier,sp_medium_naive_baseline_4_posted_price_matched,tokens_admitted,mechanism,0,NA,10,NA,NA
exp6_frontier,sp_medium_naive_baseline_4_posted_price_matched,median_latency,mechanism,NA,NA,10,NA,NA
exp6_frontier,sp_medium_naive_baseline_4_posted_price_matched,alloc_ratio,mechanism,0,NA,10,NA,NA
exp6_frontier,sp_medium_naive_baseline_4_posted_price_matched,welfare_vs_posted_at_matched_volume,mechanism,NA,NA,10,NA,NA
exp6_frontier,sp_medium_naive_baseline_4_posted_price_matched,welfare_vs_posted_at_matched_latency,mechanism,NA,NA,10,NA,NA
exp6_frontier,sp_medium_naive_calibrated_1_edf,welfare,mechanism,30.906129415789607,NA,10,NA,NA
exp6_frontier,sp_medium_naive_calibrated_1_edf,tokens_admitted,mechanism,44.1065,NA,10,NA,NA
exp6_frontier,sp_medium_naive_calibrated_1_edf,median_latency,mechanism,78.76066811491864,NA,10,NA,NA
exp6_frontier,sp_medium_naive_calibrated_1_edf,alloc_ratio,mechanism,0.9949176733655156,NA,10,NA,NA
exp6_frontier,sp_medium_naive_calibrated_1_edf,welfare_vs_posted_at_matched_volume,mechanism,NA,NA,10,NA,NA
exp6_frontier,sp_medium_naive_calibrated_1_edf,welfare_vs_posted_at_matched_latency,mechanism,NA,NA,10,NA,NA
exp6_frontier,sp_medium_naive_calibrated_1_greedy_ev,welfare,mechanism,31.084084987529415,NA,10,NA,NA
exp6_frontier,sp_medium_naive_calibrated_1_greedy_ev,tokens_admitted,mechanism,44.1065,NA,10,NA,NA
exp6_frontier,sp_medium_naive_calibrated_1_greedy_ev,median_latency,mechanism,78.75960616696489,NA,10,NA,NA
exp6_frontier,sp_medium_naive_calibrated_1_greedy_ev,alloc_ratio,mechanism,0.9999964225472696,NA,10,NA,NA
exp6_frontier,sp_medium_naive_calibrated_1_greedy_ev,welfare_vs_posted_at_matched_volume,mechanism,NA,NA,10,NA,NA
exp6_frontier,sp_medium_naive_calibrated_1_greedy_ev,welfare_vs_posted_at_matched_latency,mechanism,NA,NA,10,NA,NA
exp6_frontier,sp_medium_naive_calibrated_1_k8s,welfare,mechanism,30.913273722635413,NA,10,NA,NA
exp6_frontier,sp_medium_naive_calibrated_1_k8s,tokens_admitted,mechanism,44.1065,NA,10,NA,NA
exp6_frontier,sp_medium_naive_calibrated_1_k8s,median_latency,mechanism,78.7571905348828,NA,10,NA,NA
exp6_frontier,sp_medium_naive_calibrated_1_k8s,alloc_ratio,mechanism,0.995093665213256,NA,10,NA,NA
exp6_frontier,sp_medium_naive_calibrated_1_k8s,welfare_vs_posted_at_matched_volume,mechanism,NA,NA,10,NA,NA
exp6_frontier,sp_medium_naive_calibrated_1_k8s,welfare_vs_posted_at_matched_latency,mechanism,NA,NA,10,NA,NA
exp6_frontier,sp_medium_naive_calibrated_1_market,welfare,mechanism,29.945034915343985,NA,10,NA,NA
exp6_frontier,sp_medium_naive_calibrated_1_market,tokens_admitted,mechanism,40.407000000000004,NA,10,NA,NA
exp6_frontier,sp_medium_naive_calibrated_1_market,median_latency,mechanism,75.98946954519629,NA,10,NA,NA
exp6_frontier,sp_medium_naive_calibrated_1_market,alloc_ratio,mechanism,0.9383494670026291,NA,10,NA,NA
exp6_frontier,sp_medium_naive_calibrated_1_market,welfare_vs_posted_at_matched_volume,mechanism,1.0028517618266803,NA,10,NA,NA
exp6_frontier,sp_medium_naive_calibrated_1_market,welfare_vs_posted_at_matched_latency,mechanism,1.0116000657816038,NA,10,NA,NA
exp6_frontier,sp_medium_naive_calibrated_1_market_asc,welfare,mechanism,30.06932347489049,NA,10,NA,NA
exp6_frontier,sp_medium_naive_calibrated_1_market_asc,tokens_admitted,mechanism,40.8,NA,10,NA,NA
exp6_frontier,sp_medium_naive_calibrated_1_market_asc,median_latency,mechanism,76.39113901872176,NA,10,NA,NA
exp6_frontier,sp_medium_naive_calibrated_1_market_asc,alloc_ratio,mechanism,0.9448455882464051,NA,10,NA,NA
exp6_frontier,sp_medium_naive_calibrated_1_market_asc,welfare_vs_posted_at_matched_volume,mechanism,1.0011964639794142,NA,10,NA,NA
exp6_frontier,sp_medium_naive_calibrated_1_market_asc,welfare_vs_posted_at_matched_latency,mechanism,1.0031569455485694,NA,10,NA,NA
exp6_frontier,sp_medium_naive_calibrated_1_market_cc,welfare,mechanism,25.280507178785637,NA,10,NA,NA
exp6_frontier,sp_medium_naive_calibrated_1_market_cc,tokens_admitted,mechanism,35.052,NA,10,NA,NA
exp6_frontier,sp_medium_naive_calibrated_1_market_cc,median_latency,mechanism,77.42170114835923,NA,10,NA,NA
exp6_frontier,sp_medium_naive_calibrated_1_market_cc,alloc_ratio,mechanism,0.8036428503273241,NA,10,NA,NA
exp6_frontier,sp_medium_naive_calibrated_1_market_cc,welfare_vs_posted_at_matched_volume,mechanism,0.9194322968419681,NA,10,NA,NA
exp6_frontier,sp_medium_naive_calibrated_1_market_cc,welfare_vs_posted_at_matched_latency,mechanism,NA,NA,10,NA,NA
exp6_frontier,sp_medium_naive_calibrated_1_posted_price,welfare,mechanism,30.09600045203241,NA,10,NA,NA
exp6_frontier,sp_medium_naive_calibrated_1_posted_price,tokens_admitted,mechanism,40.9415,NA,10,NA,NA
exp6_frontier,sp_medium_naive_calibrated_1_posted_price,median_latency,mechanism,76.52100331699944,NA,10,NA,NA
exp6_frontier,sp_medium_naive_calibrated_1_posted_price,alloc_ratio,mechanism,0.946658918642971,NA,10,NA,NA
exp6_frontier,sp_medium_naive_calibrated_1_posted_price,welfare_vs_posted_at_matched_volume,mechanism,NA,NA,10,NA,NA
exp6_frontier,sp_medium_naive_calibrated_1_posted_price,welfare_vs_posted_at_matched_latency,mechanism,NA,NA,10,NA,NA
exp6_frontier,sp_medium_naive_calibrated_1_posted_price_edf,welfare,mechanism,30.010397353473653,NA,10,NA,NA
exp6_frontier,sp_medium_naive_calibrated_1_posted_price_edf,tokens_admitted,mechanism,40.9425,NA,10,NA,NA
exp6_frontier,sp_medium_naive_calibrated_1_posted_price_edf,median_latency,mechanism,76.52245674851905,NA,10,NA,NA
exp6_frontier,sp_medium_naive_calibrated_1_posted_price_edf,alloc_ratio,mechanism,0.9442020536096002,NA,10,NA,NA
exp6_frontier,sp_medium_naive_calibrated_1_posted_price_edf,welfare_vs_posted_at_matched_volume,mechanism,0.9970978716761874,NA,10,NA,NA
exp6_frontier,sp_medium_naive_calibrated_1_posted_price_edf,welfare_vs_posted_at_matched_latency,mechanism,0.9966963620730473,NA,10,NA,NA
exp6_frontier,sp_medium_naive_calibrated_1_posted_price_fcfs,welfare,mechanism,30.015528772957797,NA,10,NA,NA
exp6_frontier,sp_medium_naive_calibrated_1_posted_price_fcfs,tokens_admitted,mechanism,40.943,NA,10,NA,NA
exp6_frontier,sp_medium_naive_calibrated_1_posted_price_fcfs,median_latency,mechanism,76.52330645583577,NA,10,NA,NA
exp6_frontier,sp_medium_naive_calibrated_1_posted_price_fcfs,alloc_ratio,mechanism,0.9442930076050041,NA,10,NA,NA
exp6_frontier,sp_medium_naive_calibrated_1_posted_price_fcfs,welfare_vs_posted_at_matched_volume,mechanism,0.997487767345621,NA,10,NA,NA
exp6_frontier,sp_medium_naive_calibrated_1_posted_price_fcfs,welfare_vs_posted_at_matched_latency,mechanism,0.9971500043710754,NA,10,NA,NA
exp6_frontier,sp_medium_naive_calibrated_1_posted_price_matched,welfare,mechanism,31.082347225598657,NA,10,NA,NA
exp6_frontier,sp_medium_naive_calibrated_1_posted_price_matched,tokens_admitted,mechanism,44.1025,NA,10,NA,NA
exp6_frontier,sp_medium_naive_calibrated_1_posted_price_matched,median_latency,mechanism,78.75808398021609,NA,10,NA,NA
exp6_frontier,sp_medium_naive_calibrated_1_posted_price_matched,alloc_ratio,mechanism,0.9999261697751212,NA,10,NA,NA
exp6_frontier,sp_medium_naive_calibrated_1_posted_price_matched,welfare_vs_posted_at_matched_volume,mechanism,NA,NA,10,NA,NA
exp6_frontier,sp_medium_naive_calibrated_1_posted_price_matched,welfare_vs_posted_at_matched_latency,mechanism,NA,NA,10,NA,NA
exp6_frontier,sp_medium_naive_calibrated_1_random,welfare,mechanism,30.907956883403504,NA,10,NA,NA
exp6_frontier,sp_medium_naive_calibrated_1_random,tokens_admitted,mechanism,44.1065,NA,10,NA,NA
exp6_frontier,sp_medium_naive_calibrated_1_random,median_latency,mechanism,78.71329863910297,NA,10,NA,NA
exp6_frontier,sp_medium_naive_calibrated_1_random,alloc_ratio,mechanism,0.9948890705797335,NA,10,NA,NA
exp6_frontier,sp_medium_naive_calibrated_1_random,welfare_vs_posted_at_matched_volume,mechanism,NA,NA,10,NA,NA
exp6_frontier,sp_medium_naive_calibrated_1_random,welfare_vs_posted_at_matched_latency,mechanism,NA,NA,10,NA,NA
exp6_frontier,sp_medium_naive_calibrated_1.25_posted_price,welfare,mechanism,26.55301435219585,NA,10,NA,NA
exp6_frontier,sp_medium_naive_calibrated_1.25_posted_price,tokens_admitted,mechanism,32.9295,NA,10,NA,NA
exp6_frontier,sp_medium_naive_calibrated_1.25_posted_price,median_latency,mechanism,72.7155789570984,NA,10,NA,NA
exp6_frontier,sp_medium_naive_calibrated_1.25_posted_price,alloc_ratio,mechanism,0.8019896662840764,NA,10,NA,NA
exp6_frontier,sp_medium_naive_calibrated_1.25_posted_price,welfare_vs_posted_at_matched_volume,mechanism,NA,NA,10,NA,NA
exp6_frontier,sp_medium_naive_calibrated_1.25_posted_price,welfare_vs_posted_at_matched_latency,mechanism,NA,NA,10,NA,NA
exp6_frontier,sp_medium_naive_calibrated_1.25_posted_price_edf,welfare,mechanism,26.550608314416834,NA,10,NA,NA
exp6_frontier,sp_medium_naive_calibrated_1.25_posted_price_edf,tokens_admitted,mechanism,32.929,NA,10,NA,NA
exp6_frontier,sp_medium_naive_calibrated_1.25_posted_price_edf,median_latency,mechanism,72.71579311191701,NA,10,NA,NA
exp6_frontier,sp_medium_naive_calibrated_1.25_posted_price_edf,alloc_ratio,mechanism,0.801916267310545,NA,10,NA,NA
exp6_frontier,sp_medium_naive_calibrated_1.25_posted_price_edf,welfare_vs_posted_at_matched_volume,mechanism,0.9999215719191514,NA,10,NA,NA
exp6_frontier,sp_medium_naive_calibrated_1.25_posted_price_edf,welfare_vs_posted_at_matched_latency,mechanism,0.9999814001754352,NA,10,NA,NA
exp6_frontier,sp_medium_naive_calibrated_1.25_posted_price_fcfs,welfare,mechanism,26.549442500078523,NA,10,NA,NA
exp6_frontier,sp_medium_naive_calibrated_1.25_posted_price_fcfs,tokens_admitted,mechanism,32.929,NA,10,NA,NA
exp6_frontier,sp_medium_naive_calibrated_1.25_posted_price_fcfs,median_latency,mechanism,72.71666473854614,NA,10,NA,NA
exp6_frontier,sp_medium_naive_calibrated_1.25_posted_price_fcfs,alloc_ratio,mechanism,0.8019012046691054,NA,10,NA,NA
exp6_frontier,sp_medium_naive_calibrated_1.25_posted_price_fcfs,welfare_vs_posted_at_matched_volume,mechanism,0.9998779213781911,NA,10,NA,NA
exp6_frontier,sp_medium_naive_calibrated_1.25_posted_price_fcfs,welfare_vs_posted_at_matched_latency,mechanism,0.9998750431107958,NA,10,NA,NA
exp6_frontier,sp_medium_naive_calibrated_1.5_posted_price,welfare,mechanism,21.836113785267074,NA,10,NA,NA
exp6_frontier,sp_medium_naive_calibrated_1.5_posted_price,tokens_admitted,mechanism,25.3535,NA,10,NA,NA
exp6_frontier,sp_medium_naive_calibrated_1.5_posted_price,median_latency,mechanism,71.29400721601543,NA,10,NA,NA
exp6_frontier,sp_medium_naive_calibrated_1.5_posted_price,alloc_ratio,mechanism,0.6483759489635018,NA,10,NA,NA
exp6_frontier,sp_medium_naive_calibrated_1.5_posted_price,welfare_vs_posted_at_matched_volume,mechanism,NA,NA,10,NA,NA
exp6_frontier,sp_medium_naive_calibrated_1.5_posted_price,welfare_vs_posted_at_matched_latency,mechanism,NA,NA,10,NA,NA
exp6_frontier,sp_medium_naive_calibrated_1.5_posted_price_edf,welfare,mechanism,21.834982854145462,NA,10,NA,NA
exp6_frontier,sp_medium_naive_calibrated_1.5_posted_price_edf,tokens_admitted,mechanism,25.3535,NA,10,NA,NA
exp6_frontier,sp_medium_naive_calibrated_1.5_posted_price_edf,median_latency,mechanism,71.29485803749768,NA,10,NA,NA
exp6_frontier,sp_medium_naive_calibrated_1.5_posted_price_edf,alloc_ratio,mechanism,0.6483759489635018,NA,10,NA,NA
exp6_frontier,sp_medium_naive_calibrated_1.5_posted_price_edf,welfare_vs_posted_at_matched_volume,mechanism,0.9999490627624679,NA,10,NA,NA
exp6_frontier,sp_medium_naive_calibrated_1.5_posted_price_edf,welfare_vs_posted_at_matched_latency,mechanism,0.9999704420249413,NA,10,NA,NA
exp6_frontier,sp_medium_naive_calibrated_1.5_posted_price_fcfs,welfare,mechanism,21.835705974347263,NA,10,NA,NA
exp6_frontier,sp_medium_naive_calibrated_1.5_posted_price_fcfs,tokens_admitted,mechanism,25.3535,NA,10,NA,NA
exp6_frontier,sp_medium_naive_calibrated_1.5_posted_price_fcfs,median_latency,mechanism,71.29431239058984,NA,10,NA,NA
exp6_frontier,sp_medium_naive_calibrated_1.5_posted_price_fcfs,alloc_ratio,mechanism,0.6483759489635018,NA,10,NA,NA
exp6_frontier,sp_medium_naive_calibrated_1.5_posted_price_fcfs,welfare_vs_posted_at_matched_volume,mechanism,0.9999823720814655,NA,10,NA,NA
exp6_frontier,sp_medium_naive_calibrated_1.5_posted_price_fcfs,welfare_vs_posted_at_matched_latency,mechanism,1.000428665523569,NA,10,NA,NA
exp6_frontier,sp_medium_naive_calibrated_1.75_posted_price,welfare,mechanism,16.60809863577802,NA,10,NA,NA
exp6_frontier,sp_medium_naive_calibrated_1.75_posted_price,tokens_admitted,mechanism,18.335,NA,10,NA,NA
exp6_frontier,sp_medium_naive_calibrated_1.75_posted_price,median_latency,mechanism,70.78627950898844,NA,10,NA,NA
exp6_frontier,sp_medium_naive_calibrated_1.75_posted_price,alloc_ratio,mechanism,0.48954118546749986,NA,10,NA,NA
exp6_frontier,sp_medium_naive_calibrated_1.75_posted_price,welfare_vs_posted_at_matched_volume,mechanism,NA,NA,10,NA,NA
exp6_frontier,sp_medium_naive_calibrated_1.75_posted_price,welfare_vs_posted_at_matched_latency,mechanism,NA,NA,10,NA,NA
exp6_frontier,sp_medium_naive_calibrated_1.75_posted_price_edf,welfare,mechanism,16.60617189350118,NA,10,NA,NA
exp6_frontier,sp_medium_naive_calibrated_1.75_posted_price_edf,tokens_admitted,mechanism,18.335,NA,10,NA,NA
exp6_frontier,sp_medium_naive_calibrated_1.75_posted_price_edf,median_latency,mechanism,70.78525760693718,NA,10,NA,NA
exp6_frontier,sp_medium_naive_calibrated_1.75_posted_price_edf,alloc_ratio,mechanism,0.48954118546749986,NA,10,NA,NA
exp6_frontier,sp_medium_naive_calibrated_1.75_posted_price_edf,welfare_vs_posted_at_matched_volume,mechanism,0.9998841078978553,NA,10,NA,NA
exp6_frontier,sp_medium_naive_calibrated_1.75_posted_price_edf,welfare_vs_posted_at_matched_latency,mechanism,1.000934535886955,NA,10,NA,NA
exp6_frontier,sp_medium_naive_calibrated_1.75_posted_price_fcfs,welfare,mechanism,16.60726727363677,NA,10,NA,NA
exp6_frontier,sp_medium_naive_calibrated_1.75_posted_price_fcfs,tokens_admitted,mechanism,18.335,NA,10,NA,NA
exp6_frontier,sp_medium_naive_calibrated_1.75_posted_price_fcfs,median_latency,mechanism,70.7856783384268,NA,10,NA,NA
exp6_frontier,sp_medium_naive_calibrated_1.75_posted_price_fcfs,alloc_ratio,mechanism,0.48954118546749986,NA,10,NA,NA
exp6_frontier,sp_medium_naive_calibrated_1.75_posted_price_fcfs,welfare_vs_posted_at_matched_volume,mechanism,0.9999505901002874,NA,10,NA,NA
exp6_frontier,sp_medium_naive_calibrated_1.75_posted_price_fcfs,welfare_vs_posted_at_matched_latency,mechanism,1.0009021874528483,NA,10,NA,NA
exp6_frontier,sp_medium_naive_calibrated_2_posted_price,welfare,mechanism,11.059740397112952,NA,10,NA,NA
exp6_frontier,sp_medium_naive_calibrated_2_posted_price,tokens_admitted,mechanism,11.682,NA,10,NA,NA
exp6_frontier,sp_medium_naive_calibrated_2_posted_price,median_latency,mechanism,70.40901529659337,NA,10,NA,NA
exp6_frontier,sp_medium_naive_calibrated_2_posted_price,alloc_ratio,mechanism,0.32437446985107316,NA,10,NA,NA
exp6_frontier,sp_medium_naive_calibrated_2_posted_price,welfare_vs_posted_at_matched_volume,mechanism,NA,NA,10,NA,NA
exp6_frontier,sp_medium_naive_calibrated_2_posted_price,welfare_vs_posted_at_matched_latency,mechanism,NA,NA,10,NA,NA
exp6_frontier,sp_medium_naive_calibrated_2_posted_price_edf,welfare,mechanism,11.059906897953384,NA,10,NA,NA
exp6_frontier,sp_medium_naive_calibrated_2_posted_price_edf,tokens_admitted,mechanism,11.682,NA,10,NA,NA
exp6_frontier,sp_medium_naive_calibrated_2_posted_price_edf,median_latency,mechanism,70.41021511818775,NA,10,NA,NA
exp6_frontier,sp_medium_naive_calibrated_2_posted_price_edf,alloc_ratio,mechanism,0.32437446985107316,NA,10,NA,NA
exp6_frontier,sp_medium_naive_calibrated_2_posted_price_edf,welfare_vs_posted_at_matched_volume,mechanism,1.000015116865393,NA,10,NA,NA
exp6_frontier,sp_medium_naive_calibrated_2_posted_price_edf,welfare_vs_posted_at_matched_latency,mechanism,0.9967212704518142,NA,10,NA,NA
exp6_frontier,sp_medium_naive_calibrated_2_posted_price_fcfs,welfare,mechanism,11.059597721730032,NA,10,NA,NA
exp6_frontier,sp_medium_naive_calibrated_2_posted_price_fcfs,tokens_admitted,mechanism,11.682,NA,10,NA,NA
exp6_frontier,sp_medium_naive_calibrated_2_posted_price_fcfs,median_latency,mechanism,70.40949409087514,NA,10,NA,NA
exp6_frontier,sp_medium_naive_calibrated_2_posted_price_fcfs,alloc_ratio,mechanism,0.32437446985107316,NA,10,NA,NA
exp6_frontier,sp_medium_naive_calibrated_2_posted_price_fcfs,welfare_vs_posted_at_matched_volume,mechanism,0.9999871069335196,NA,10,NA,NA
exp6_frontier,sp_medium_naive_calibrated_2_posted_price_fcfs,welfare_vs_posted_at_matched_latency,mechanism,0.9961099833344076,NA,10,NA,NA
exp6_frontier,sp_medium_naive_calibrated_2_posted_price_matched,welfare,mechanism,27.391808600968986,NA,10,NA,NA
exp6_frontier,sp_medium_naive_calibrated_2_posted_price_matched,tokens_admitted,mechanism,34.538,NA,10,NA,NA
exp6_frontier,sp_medium_naive_calibrated_2_posted_price_matched,median_latency,mechanism,73.27365345173524,NA,10,NA,NA
exp6_frontier,sp_medium_naive_calibrated_2_posted_price_matched,alloc_ratio,mechanism,0.8324729779573998,NA,10,NA,NA
exp6_frontier,sp_medium_naive_calibrated_2_posted_price_matched,welfare_vs_posted_at_matched_volume,mechanism,1.004669535698381,NA,10,NA,NA
exp6_frontier,sp_medium_naive_calibrated_2_posted_price_matched,welfare_vs_posted_at_matched_latency,mechanism,1.0117799544830945,NA,10,NA,NA
exp6_frontier,sp_medium_naive_calibrated_2.25_posted_price,welfare,mechanism,0,NA,10,NA,NA
exp6_frontier,sp_medium_naive_calibrated_2.25_posted_price,tokens_admitted,mechanism,0,NA,10,NA,NA
exp6_frontier,sp_medium_naive_calibrated_2.25_posted_price,median_latency,mechanism,NA,NA,10,NA,NA
exp6_frontier,sp_medium_naive_calibrated_2.25_posted_price,alloc_ratio,mechanism,0,NA,10,NA,NA
exp6_frontier,sp_medium_naive_calibrated_2.25_posted_price,welfare_vs_posted_at_matched_volume,mechanism,NA,NA,10,NA,NA
exp6_frontier,sp_medium_naive_calibrated_2.25_posted_price,welfare_vs_posted_at_matched_latency,mechanism,NA,NA,10,NA,NA
exp6_frontier,sp_medium_naive_calibrated_2.25_posted_price_edf,welfare,mechanism,0,NA,10,NA,NA
exp6_frontier,sp_medium_naive_calibrated_2.25_posted_price_edf,tokens_admitted,mechanism,0,NA,10,NA,NA
exp6_frontier,sp_medium_naive_calibrated_2.25_posted_price_edf,median_latency,mechanism,NA,NA,10,NA,NA
exp6_frontier,sp_medium_naive_calibrated_2.25_posted_price_edf,alloc_ratio,mechanism,0,NA,10,NA,NA
exp6_frontier,sp_medium_naive_calibrated_2.25_posted_price_edf,welfare_vs_posted_at_matched_volume,mechanism,NA,NA,10,NA,NA
exp6_frontier,sp_medium_naive_calibrated_2.25_posted_price_edf,welfare_vs_posted_at_matched_latency,mechanism,NA,NA,10,NA,NA
exp6_frontier,sp_medium_naive_calibrated_2.25_posted_price_fcfs,welfare,mechanism,0,NA,10,NA,NA
exp6_frontier,sp_medium_naive_calibrated_2.25_posted_price_fcfs,tokens_admitted,mechanism,0,NA,10,NA,NA
exp6_frontier,sp_medium_naive_calibrated_2.25_posted_price_fcfs,median_latency,mechanism,NA,NA,10,NA,NA
exp6_frontier,sp_medium_naive_calibrated_2.25_posted_price_fcfs,alloc_ratio,mechanism,0,NA,10,NA,NA
exp6_frontier,sp_medium_naive_calibrated_2.25_posted_price_fcfs,welfare_vs_posted_at_matched_volume,mechanism,NA,NA,10,NA,NA
exp6_frontier,sp_medium_naive_calibrated_2.25_posted_price_fcfs,welfare_vs_posted_at_matched_latency,mechanism,NA,NA,10,NA,NA
exp6_frontier,sp_medium_naive_calibrated_2.5_posted_price,welfare,mechanism,0,NA,10,NA,NA
exp6_frontier,sp_medium_naive_calibrated_2.5_posted_price,tokens_admitted,mechanism,0,NA,10,NA,NA
exp6_frontier,sp_medium_naive_calibrated_2.5_posted_price,median_latency,mechanism,NA,NA,10,NA,NA
exp6_frontier,sp_medium_naive_calibrated_2.5_posted_price,alloc_ratio,mechanism,0,NA,10,NA,NA
exp6_frontier,sp_medium_naive_calibrated_2.5_posted_price,welfare_vs_posted_at_matched_volume,mechanism,NA,NA,10,NA,NA
exp6_frontier,sp_medium_naive_calibrated_2.5_posted_price,welfare_vs_posted_at_matched_latency,mechanism,NA,NA,10,NA,NA
exp6_frontier,sp_medium_naive_calibrated_2.5_posted_price_edf,welfare,mechanism,0,NA,10,NA,NA
exp6_frontier,sp_medium_naive_calibrated_2.5_posted_price_edf,tokens_admitted,mechanism,0,NA,10,NA,NA
exp6_frontier,sp_medium_naive_calibrated_2.5_posted_price_edf,median_latency,mechanism,NA,NA,10,NA,NA
exp6_frontier,sp_medium_naive_calibrated_2.5_posted_price_edf,alloc_ratio,mechanism,0,NA,10,NA,NA
exp6_frontier,sp_medium_naive_calibrated_2.5_posted_price_edf,welfare_vs_posted_at_matched_volume,mechanism,NA,NA,10,NA,NA
exp6_frontier,sp_medium_naive_calibrated_2.5_posted_price_edf,welfare_vs_posted_at_matched_latency,mechanism,NA,NA,10,NA,NA
exp6_frontier,sp_medium_naive_calibrated_2.5_posted_price_fcfs,welfare,mechanism,0,NA,10,NA,NA
exp6_frontier,sp_medium_naive_calibrated_2.5_posted_price_fcfs,tokens_admitted,mechanism,0,NA,10,NA,NA
exp6_frontier,sp_medium_naive_calibrated_2.5_posted_price_fcfs,median_latency,mechanism,NA,NA,10,NA,NA
exp6_frontier,sp_medium_naive_calibrated_2.5_posted_price_fcfs,alloc_ratio,mechanism,0,NA,10,NA,NA
exp6_frontier,sp_medium_naive_calibrated_2.5_posted_price_fcfs,welfare_vs_posted_at_matched_volume,mechanism,NA,NA,10,NA,NA
exp6_frontier,sp_medium_naive_calibrated_2.5_posted_price_fcfs,welfare_vs_posted_at_matched_latency,mechanism,NA,NA,10,NA,NA
exp6_frontier,sp_medium_naive_calibrated_3_posted_price,welfare,mechanism,0,NA,10,NA,NA
exp6_frontier,sp_medium_naive_calibrated_3_posted_price,tokens_admitted,mechanism,0,NA,10,NA,NA
exp6_frontier,sp_medium_naive_calibrated_3_posted_price,median_latency,mechanism,NA,NA,10,NA,NA
exp6_frontier,sp_medium_naive_calibrated_3_posted_price,alloc_ratio,mechanism,0,NA,10,NA,NA
exp6_frontier,sp_medium_naive_calibrated_3_posted_price,welfare_vs_posted_at_matched_volume,mechanism,NA,NA,10,NA,NA
exp6_frontier,sp_medium_naive_calibrated_3_posted_price,welfare_vs_posted_at_matched_latency,mechanism,NA,NA,10,NA,NA
exp6_frontier,sp_medium_naive_calibrated_3_posted_price_edf,welfare,mechanism,0,NA,10,NA,NA
exp6_frontier,sp_medium_naive_calibrated_3_posted_price_edf,tokens_admitted,mechanism,0,NA,10,NA,NA
exp6_frontier,sp_medium_naive_calibrated_3_posted_price_edf,median_latency,mechanism,NA,NA,10,NA,NA
exp6_frontier,sp_medium_naive_calibrated_3_posted_price_edf,alloc_ratio,mechanism,0,NA,10,NA,NA
exp6_frontier,sp_medium_naive_calibrated_3_posted_price_edf,welfare_vs_posted_at_matched_volume,mechanism,NA,NA,10,NA,NA
exp6_frontier,sp_medium_naive_calibrated_3_posted_price_edf,welfare_vs_posted_at_matched_latency,mechanism,NA,NA,10,NA,NA
exp6_frontier,sp_medium_naive_calibrated_3_posted_price_fcfs,welfare,mechanism,0,NA,10,NA,NA
exp6_frontier,sp_medium_naive_calibrated_3_posted_price_fcfs,tokens_admitted,mechanism,0,NA,10,NA,NA
exp6_frontier,sp_medium_naive_calibrated_3_posted_price_fcfs,median_latency,mechanism,NA,NA,10,NA,NA
exp6_frontier,sp_medium_naive_calibrated_3_posted_price_fcfs,alloc_ratio,mechanism,0,NA,10,NA,NA
exp6_frontier,sp_medium_naive_calibrated_3_posted_price_fcfs,welfare_vs_posted_at_matched_volume,mechanism,NA,NA,10,NA,NA
exp6_frontier,sp_medium_naive_calibrated_3_posted_price_fcfs,welfare_vs_posted_at_matched_latency,mechanism,NA,NA,10,NA,NA
exp6_frontier,sp_medium_naive_calibrated_4_posted_price,welfare,mechanism,0,NA,10,NA,NA
exp6_frontier,sp_medium_naive_calibrated_4_posted_price,tokens_admitted,mechanism,0,NA,10,NA,NA
exp6_frontier,sp_medium_naive_calibrated_4_posted_price,median_latency,mechanism,NA,NA,10,NA,NA
exp6_frontier,sp_medium_naive_calibrated_4_posted_price,alloc_ratio,mechanism,0,NA,10,NA,NA
exp6_frontier,sp_medium_naive_calibrated_4_posted_price,welfare_vs_posted_at_matched_volume,mechanism,NA,NA,10,NA,NA
exp6_frontier,sp_medium_naive_calibrated_4_posted_price,welfare_vs_posted_at_matched_latency,mechanism,NA,NA,10,NA,NA
exp6_frontier,sp_medium_naive_calibrated_4_posted_price_edf,welfare,mechanism,0,NA,10,NA,NA
exp6_frontier,sp_medium_naive_calibrated_4_posted_price_edf,tokens_admitted,mechanism,0,NA,10,NA,NA
exp6_frontier,sp_medium_naive_calibrated_4_posted_price_edf,median_latency,mechanism,NA,NA,10,NA,NA
exp6_frontier,sp_medium_naive_calibrated_4_posted_price_edf,alloc_ratio,mechanism,0,NA,10,NA,NA
exp6_frontier,sp_medium_naive_calibrated_4_posted_price_edf,welfare_vs_posted_at_matched_volume,mechanism,NA,NA,10,NA,NA
exp6_frontier,sp_medium_naive_calibrated_4_posted_price_edf,welfare_vs_posted_at_matched_latency,mechanism,NA,NA,10,NA,NA
exp6_frontier,sp_medium_naive_calibrated_4_posted_price_fcfs,welfare,mechanism,0,NA,10,NA,NA
exp6_frontier,sp_medium_naive_calibrated_4_posted_price_fcfs,tokens_admitted,mechanism,0,NA,10,NA,NA
exp6_frontier,sp_medium_naive_calibrated_4_posted_price_fcfs,median_latency,mechanism,NA,NA,10,NA,NA
exp6_frontier,sp_medium_naive_calibrated_4_posted_price_fcfs,alloc_ratio,mechanism,0,NA,10,NA,NA
exp6_frontier,sp_medium_naive_calibrated_4_posted_price_fcfs,welfare_vs_posted_at_matched_volume,mechanism,NA,NA,10,NA,NA
exp6_frontier,sp_medium_naive_calibrated_4_posted_price_fcfs,welfare_vs_posted_at_matched_latency,mechanism,NA,NA,10,NA,NA
exp6_frontier,sp_medium_naive_calibrated_4_posted_price_matched,welfare,mechanism,0,NA,10,NA,NA
exp6_frontier,sp_medium_naive_calibrated_4_posted_price_matched,tokens_admitted,mechanism,0,NA,10,NA,NA
exp6_frontier,sp_medium_naive_calibrated_4_posted_price_matched,median_latency,mechanism,NA,NA,10,NA,NA
exp6_frontier,sp_medium_naive_calibrated_4_posted_price_matched,alloc_ratio,mechanism,0,NA,10,NA,NA
exp6_frontier,sp_medium_naive_calibrated_4_posted_price_matched,welfare_vs_posted_at_matched_volume,mechanism,NA,NA,10,NA,NA
exp6_frontier,sp_medium_naive_calibrated_4_posted_price_matched,welfare_vs_posted_at_matched_latency,mechanism,NA,NA,10,NA,NA
exp6_frontier,tree_high_hybrid_noema_baseline_1_edf,welfare,mechanism,48.19363450995584,NA,10,NA,NA
exp6_frontier,tree_high_hybrid_noema_baseline_1_edf,tokens_admitted,mechanism,83.9075,NA,10,NA,NA
exp6_frontier,tree_high_hybrid_noema_baseline_1_edf,median_latency,mechanism,103.67217570986087,NA,10,NA,NA
exp6_frontier,tree_high_hybrid_noema_baseline_1_edf,alloc_ratio,mechanism,0.774800586957899,NA,10,NA,NA
exp6_frontier,tree_high_hybrid_noema_baseline_1_edf,welfare_vs_posted_at_matched_volume,mechanism,0.9066095056347353,NA,10,NA,NA
exp6_frontier,tree_high_hybrid_noema_baseline_1_edf,welfare_vs_posted_at_matched_latency,mechanism,0.9051254212688917,NA,10,NA,NA
exp6_frontier,tree_high_hybrid_noema_baseline_1_greedy_ev,welfare,mechanism,53.1992228441882,NA,10,NA,NA
exp6_frontier,tree_high_hybrid_noema_baseline_1_greedy_ev,tokens_admitted,mechanism,83.9075,NA,10,NA,NA
exp6_frontier,tree_high_hybrid_noema_baseline_1_greedy_ev,median_latency,mechanism,103.49268729571384,NA,10,NA,NA
exp6_frontier,tree_high_hybrid_noema_baseline_1_greedy_ev,alloc_ratio,mechanism,0.8510269307691244,NA,10,NA,NA
exp6_frontier,tree_high_hybrid_noema_baseline_1_greedy_ev,welfare_vs_posted_at_matched_volume,mechanism,1,NA,10,NA,NA
exp6_frontier,tree_high_hybrid_noema_baseline_1_greedy_ev,welfare_vs_posted_at_matched_latency,mechanism,1,NA,10,NA,NA
exp6_frontier,tree_high_hybrid_noema_baseline_1_k8s,welfare,mechanism,48.4722526083122,NA,10,NA,NA
exp6_frontier,tree_high_hybrid_noema_baseline_1_k8s,tokens_admitted,mechanism,83.9075,NA,10,NA,NA
exp6_frontier,tree_high_hybrid_noema_baseline_1_k8s,median_latency,mechanism,103.01848264698312,NA,10,NA,NA
exp6_frontier,tree_high_hybrid_noema_baseline_1_k8s,alloc_ratio,mechanism,0.7750648450429576,NA,10,NA,NA
exp6_frontier,tree_high_hybrid_noema_baseline_1_k8s,welfare_vs_posted_at_matched_volume,mechanism,0.9119046763500916,NA,10,NA,NA
exp6_frontier,tree_high_hybrid_noema_baseline_1_k8s,welfare_vs_posted_at_matched_latency,mechanism,0.9092558970776674,NA,10,NA,NA
exp6_frontier,tree_high_hybrid_noema_baseline_1_market,welfare,mechanism,48.59985769107473,NA,10,NA,NA
exp6_frontier,tree_high_hybrid_noema_baseline_1_market,tokens_admitted,mechanism,74.5755,NA,10,NA,NA
exp6_frontier,tree_high_hybrid_noema_baseline_1_market,median_latency,mechanism,98.27089573537052,NA,10,NA,NA
exp6_frontier,tree_high_hybrid_noema_baseline_1_market,alloc_ratio,mechanism,0.7544749394239622,NA,10,NA,NA
exp6_frontier,tree_high_hybrid_noema_baseline_1_market,welfare_vs_posted_at_matched_volume,mechanism,0.8801809800285466,NA,10,NA,NA
exp6_frontier,tree_high_hybrid_noema_baseline_1_market,welfare_vs_posted_at_matched_latency,mechanism,0.8957038161439621,NA,10,NA,NA
exp6_frontier,tree_high_hybrid_noema_baseline_1_market_asc,welfare,mechanism,54.212302891986525,NA,10,NA,NA
exp6_frontier,tree_high_hybrid_noema_baseline_1_market_asc,tokens_admitted,mechanism,82.9195,NA,10,NA,NA
exp6_frontier,tree_high_hybrid_noema_baseline_1_market_asc,median_latency,mechanism,98.62061737967781,NA,10,NA,NA
exp6_frontier,tree_high_hybrid_noema_baseline_1_market_asc,alloc_ratio,mechanism,0.8445865812652884,NA,10,NA,NA
exp6_frontier,tree_high_hybrid_noema_baseline_1_market_asc,welfare_vs_posted_at_matched_volume,mechanism,1.0076117631830035,NA,10,NA,NA
exp6_frontier,tree_high_hybrid_noema_baseline_1_market_asc,welfare_vs_posted_at_matched_latency,mechanism,1.0002234262323388,NA,10,NA,NA
exp6_frontier,tree_high_hybrid_noema_baseline_1_market_cc,welfare,mechanism,37.349443521535726,NA,10,NA,NA
exp6_frontier,tree_high_hybrid_noema_baseline_1_market_cc,tokens_admitted,mechanism,58.079499999999996,NA,10,NA,NA
exp6_frontier,tree_high_hybrid_noema_baseline_1_market_cc,median_latency,mechanism,96.13345427290572,NA,10,NA,NA
exp6_frontier,tree_high_hybrid_noema_baseline_1_market_cc,alloc_ratio,mechanism,0.5758984336564127,NA,10,NA,NA
exp6_frontier,tree_high_hybrid_noema_baseline_1_market_cc,welfare_vs_posted_at_matched_volume,mechanism,0.7880040602178612,NA,10,NA,NA
exp6_frontier,tree_high_hybrid_noema_baseline_1_market_cc,welfare_vs_posted_at_matched_latency,mechanism,0.6840655525733819,NA,10,NA,NA
exp6_frontier,tree_high_hybrid_noema_baseline_1_market_posted_slice,welfare,mechanism,56.39857617835193,NA,10,NA,NA
exp6_frontier,tree_high_hybrid_noema_baseline_1_market_posted_slice,tokens_admitted,mechanism,76.283,NA,10,NA,NA
exp6_frontier,tree_high_hybrid_noema_baseline_1_market_posted_slice,median_latency,mechanism,86.57061329720102,NA,10,NA,NA
exp6_frontier,tree_high_hybrid_noema_baseline_1_market_posted_slice,alloc_ratio,mechanism,0.7984271686013188,NA,10,NA,NA
exp6_frontier,tree_high_hybrid_noema_baseline_1_market_posted_slice,welfare_vs_posted_at_matched_volume,mechanism,1.0178806729528866,NA,10,NA,NA
exp6_frontier,tree_high_hybrid_noema_baseline_1_market_posted_slice,welfare_vs_posted_at_matched_latency,mechanism,1.01939644241629,NA,10,NA,NA
exp6_frontier,tree_high_hybrid_noema_baseline_1_posted_price,welfare,mechanism,53.23308235163506,NA,10,NA,NA
exp6_frontier,tree_high_hybrid_noema_baseline_1_posted_price,tokens_admitted,mechanism,83.883,NA,10,NA,NA
exp6_frontier,tree_high_hybrid_noema_baseline_1_posted_price,median_latency,mechanism,103.39046909142264,NA,10,NA,NA
exp6_frontier,tree_high_hybrid_noema_baseline_1_posted_price,alloc_ratio,mechanism,0.8508677959221385,NA,10,NA,NA
exp6_frontier,tree_high_hybrid_noema_baseline_1_posted_price,welfare_vs_posted_at_matched_volume,mechanism,NA,NA,10,NA,NA
exp6_frontier,tree_high_hybrid_noema_baseline_1_posted_price,welfare_vs_posted_at_matched_latency,mechanism,NA,NA,10,NA,NA
exp6_frontier,tree_high_hybrid_noema_baseline_1_posted_price_edf,welfare,mechanism,48.239376275219946,NA,10,NA,NA
exp6_frontier,tree_high_hybrid_noema_baseline_1_posted_price_edf,tokens_admitted,mechanism,83.883,NA,10,NA,NA
exp6_frontier,tree_high_hybrid_noema_baseline_1_posted_price_edf,median_latency,mechanism,103.5091579075545,NA,10,NA,NA
exp6_frontier,tree_high_hybrid_noema_baseline_1_posted_price_edf,alloc_ratio,mechanism,0.7748841323160646,NA,10,NA,NA
exp6_frontier,tree_high_hybrid_noema_baseline_1_posted_price_edf,welfare_vs_posted_at_matched_volume,mechanism,0.906189769366235,NA,10,NA,NA
exp6_frontier,tree_high_hybrid_noema_baseline_1_posted_price_edf,welfare_vs_posted_at_matched_latency,mechanism,0.9061906042693635,NA,10,NA,NA
exp6_frontier,tree_high_hybrid_noema_baseline_1_posted_price_fcfs,welfare,mechanism,48.22896162963109,NA,10,NA,NA
exp6_frontier,tree_high_hybrid_noema_baseline_1_posted_price_fcfs,tokens_admitted,mechanism,83.883,NA,10,NA,NA
exp6_frontier,tree_high_hybrid_noema_baseline_1_posted_price_fcfs,median_latency,mechanism,103.55834103509204,NA,10,NA,NA
exp6_frontier,tree_high_hybrid_noema_baseline_1_posted_price_fcfs,alloc_ratio,mechanism,0.7748002816176289,NA,10,NA,NA
exp6_frontier,tree_high_hybrid_noema_baseline_1_posted_price_fcfs,welfare_vs_posted_at_matched_volume,mechanism,0.9059940385689652,NA,10,NA,NA
exp6_frontier,tree_high_hybrid_noema_baseline_1_posted_price_fcfs,welfare_vs_posted_at_matched_latency,mechanism,0.9063259432151389,NA,10,NA,NA
exp6_frontier,tree_high_hybrid_noema_baseline_1_posted_price_matched,welfare,mechanism,53.23308235163506,NA,10,NA,NA
exp6_frontier,tree_high_hybrid_noema_baseline_1_posted_price_matched,tokens_admitted,mechanism,83.883,NA,10,NA,NA
exp6_frontier,tree_high_hybrid_noema_baseline_1_posted_price_matched,median_latency,mechanism,103.39046909142264,NA,10,NA,NA
exp6_frontier,tree_high_hybrid_noema_baseline_1_posted_price_matched,alloc_ratio,mechanism,0.8508677959221385,NA,10,NA,NA
exp6_frontier,tree_high_hybrid_noema_baseline_1_posted_price_matched,welfare_vs_posted_at_matched_volume,mechanism,1,NA,10,NA,NA
exp6_frontier,tree_high_hybrid_noema_baseline_1_posted_price_matched,welfare_vs_posted_at_matched_latency,mechanism,1,NA,10,NA,NA
exp6_frontier,tree_high_hybrid_noema_baseline_1_random,welfare,mechanism,48.21087319587967,NA,10,NA,NA
exp6_frontier,tree_high_hybrid_noema_baseline_1_random,tokens_admitted,mechanism,83.9075,NA,10,NA,NA
exp6_frontier,tree_high_hybrid_noema_baseline_1_random,median_latency,mechanism,103.67356489149233,NA,10,NA,NA
exp6_frontier,tree_high_hybrid_noema_baseline_1_random,alloc_ratio,mechanism,0.7749365702580665,NA,10,NA,NA
exp6_frontier,tree_high_hybrid_noema_baseline_1_random,welfare_vs_posted_at_matched_volume,mechanism,0.9053385396144091,NA,10,NA,NA
exp6_frontier,tree_high_hybrid_noema_baseline_1_random,welfare_vs_posted_at_matched_latency,mechanism,0.9053128759883304,NA,10,NA,NA
exp6_frontier,tree_high_hybrid_noema_baseline_1.25_posted_price,welfare,mechanism,53.30601836127029,NA,10,NA,NA
exp6_frontier,tree_high_hybrid_noema_baseline_1.25_posted_price,tokens_admitted,mechanism,83.7395,NA,10,NA,NA
exp6_frontier,tree_high_hybrid_noema_baseline_1.25_posted_price,median_latency,mechanism,103.11431608668478,NA,10,NA,NA
exp6_frontier,tree_high_hybrid_noema_baseline_1.25_posted_price,alloc_ratio,mechanism,0.849884731216658,NA,10,NA,NA
exp6_frontier,tree_high_hybrid_noema_baseline_1.25_posted_price,welfare_vs_posted_at_matched_volume,mechanism,NA,NA,10,NA,NA
exp6_frontier,tree_high_hybrid_noema_baseline_1.25_posted_price,welfare_vs_posted_at_matched_latency,mechanism,NA,NA,10,NA,NA
exp6_frontier,tree_high_hybrid_noema_baseline_1.25_posted_price_edf,welfare,mechanism,48.34398615972051,NA,10,NA,NA
exp6_frontier,tree_high_hybrid_noema_baseline_1.25_posted_price_edf,tokens_admitted,mechanism,83.7405,NA,10,NA,NA
exp6_frontier,tree_high_hybrid_noema_baseline_1.25_posted_price_edf,median_latency,mechanism,103.219954471537,NA,10,NA,NA
exp6_frontier,tree_high_hybrid_noema_baseline_1.25_posted_price_edf,alloc_ratio,mechanism,0.7744641691290044,NA,10,NA,NA
exp6_frontier,tree_high_hybrid_noema_baseline_1.25_posted_price_edf,welfare_vs_posted_at_matched_volume,mechanism,0.906918858704993,NA,10,NA,NA
exp6_frontier,tree_high_hybrid_noema_baseline_1.25_posted_price_edf,welfare_vs_posted_at_matched_latency,mechanism,0.9073095424945559,NA,10,NA,NA
exp6_frontier,tree_high_hybrid_noema_baseline_1.25_posted_price_fcfs,welfare,mechanism,48.330504872109145,NA,10,NA,NA
exp6_frontier,tree_high_hybrid_noema_baseline_1.25_posted_price_fcfs,tokens_admitted,mechanism,83.7405,NA,10,NA,NA
exp6_frontier,tree_high_hybrid_noema_baseline_1.25_posted_price_fcfs,median_latency,mechanism,103.27926641936699,NA,10,NA,NA
exp6_frontier,tree_high_hybrid_noema_baseline_1.25_posted_price_fcfs,alloc_ratio,mechanism,0.7743616580026702,NA,10,NA,NA
exp6_frontier,tree_high_hybrid_noema_baseline_1.25_posted_price_fcfs,welfare_vs_posted_at_matched_volume,mechanism,0.9066658928229296,NA,10,NA,NA
exp6_frontier,tree_high_hybrid_noema_baseline_1.25_posted_price_fcfs,welfare_vs_posted_at_matched_latency,mechanism,0.9074504562799575,NA,10,NA,NA
exp6_frontier,tree_high_hybrid_noema_baseline_1.5_posted_price,welfare,mechanism,54.02264092220673,NA,10,NA,NA
exp6_frontier,tree_high_hybrid_noema_baseline_1.5_posted_price,tokens_admitted,mechanism,82.53399999999999,NA,10,NA,NA
exp6_frontier,tree_high_hybrid_noema_baseline_1.5_posted_price,median_latency,mechanism,99.78202478432203,NA,10,NA,NA
exp6_frontier,tree_high_hybrid_noema_baseline_1.5_posted_price,alloc_ratio,mechanism,0.8418011899049757,NA,10,NA,NA
exp6_frontier,tree_high_hybrid_noema_baseline_1.5_posted_price,welfare_vs_posted_at_matched_volume,mechanism,NA,NA,10,NA,NA
exp6_frontier,tree_high_hybrid_noema_baseline_1.5_posted_price,welfare_vs_posted_at_matched_latency,mechanism,NA,NA,10,NA,NA
exp6_frontier,tree_high_hybrid_noema_baseline_1.5_posted_price_edf,welfare,mechanism,49.21349950250739,NA,10,NA,NA
exp6_frontier,tree_high_hybrid_noema_baseline_1.5_posted_price_edf,tokens_admitted,mechanism,82.5315,NA,10,NA,NA
exp6_frontier,tree_high_hybrid_noema_baseline_1.5_posted_price_edf,median_latency,mechanism,99.90463473067229,NA,10,NA,NA
exp6_frontier,tree_high_hybrid_noema_baseline_1.5_posted_price_edf,alloc_ratio,mechanism,0.7697606290841104,NA,10,NA,NA
exp6_frontier,tree_high_hybrid_noema_baseline_1.5_posted_price_edf,welfare_vs_posted_at_matched_volume,mechanism,0.9109716097037307,NA,10,NA,NA
exp6_frontier,tree_high_hybrid_noema_baseline_1.5_posted_price_edf,welfare_vs_posted_at_matched_latency,mechanism,0.9113830124101774,NA,10,NA,NA
exp6_frontier,tree_high_hybrid_noema_baseline_1.5_posted_price_fcfs,welfare,mechanism,49.20307446731267,NA,10,NA,NA
exp6_frontier,tree_high_hybrid_noema_baseline_1.5_posted_price_fcfs,tokens_admitted,mechanism,82.5325,NA,10,NA,NA
exp6_frontier,tree_high_hybrid_noema_baseline_1.5_posted_price_fcfs,median_latency,mechanism,99.89252234420567,NA,10,NA,NA
exp6_frontier,tree_high_hybrid_noema_baseline_1.5_posted_price_fcfs,alloc_ratio,mechanism,0.7696527457193357,NA,10,NA,NA
exp6_frontier,tree_high_hybrid_noema_baseline_1.5_posted_price_fcfs,welfare_vs_posted_at_matched_volume,mechanism,0.9107912343345788,NA,10,NA,NA
exp6_frontier,tree_high_hybrid_noema_baseline_1.5_posted_price_fcfs,welfare_vs_posted_at_matched_latency,mechanism,0.9112011380239992,NA,10,NA,NA
exp6_frontier,tree_high_hybrid_noema_baseline_1.75_posted_price,welfare,mechanism,55.54343105574205,NA,10,NA,NA
exp6_frontier,tree_high_hybrid_noema_baseline_1.75_posted_price,tokens_admitted,mechanism,78.636,NA,10,NA,NA
exp6_frontier,tree_high_hybrid_noema_baseline_1.75_posted_price,median_latency,mechanism,90.33817106555128,NA,10,NA,NA
exp6_frontier,tree_high_hybrid_noema_baseline_1.75_posted_price,alloc_ratio,mechanism,0.814443283510403,NA,10,NA,NA
exp6_frontier,tree_high_hybrid_noema_baseline_1.75_posted_price,welfare_vs_posted_at_matched_volume,mechanism,NA,NA,10,NA,NA
exp6_frontier,tree_high_hybrid_noema_baseline_1.75_posted_price,welfare_vs_posted_at_matched_latency,mechanism,NA,NA,10,NA,NA
exp6_frontier,tree_high_hybrid_noema_baseline_1.75_posted_price_edf,welfare,mechanism,52.06245632295473,NA,10,NA,NA
exp6_frontier,tree_high_hybrid_noema_baseline_1.75_posted_price_edf,tokens_admitted,mechanism,78.642,NA,10,NA,NA
exp6_frontier,tree_high_hybrid_noema_baseline_1.75_posted_price_edf,median_latency,mechanism,90.39481995383422,NA,10,NA,NA
exp6_frontier,tree_high_hybrid_noema_baseline_1.75_posted_price_edf,alloc_ratio,mechanism,0.7645928065335438,NA,10,NA,NA
exp6_frontier,tree_high_hybrid_noema_baseline_1.75_posted_price_edf,welfare_vs_posted_at_matched_volume,mechanism,0.9373837256792779,NA,10,NA,NA
exp6_frontier,tree_high_hybrid_noema_baseline_1.75_posted_price_edf,welfare_vs_posted_at_matched_latency,mechanism,0.9374905994766787,NA,10,NA,NA
exp6_frontier,tree_high_hybrid_noema_baseline_1.75_posted_price_fcfs,welfare,mechanism,52.062547800290105,NA,10,NA,NA
exp6_frontier,tree_high_hybrid_noema_baseline_1.75_posted_price_fcfs,tokens_admitted,mechanism,78.645,NA,10,NA,NA
exp6_frontier,tree_high_hybrid_noema_baseline_1.75_posted_price_fcfs,median_latency,mechanism,90.41893871685193,NA,10,NA,NA
exp6_frontier,tree_high_hybrid_noema_baseline_1.75_posted_price_fcfs,alloc_ratio,mechanism,0.7645992877019491,NA,10,NA,NA
exp6_frontier,tree_high_hybrid_noema_baseline_1.75_posted_price_fcfs,welfare_vs_posted_at_matched_volume,mechanism,0.9373971892646684,NA,10,NA,NA
exp6_frontier,tree_high_hybrid_noema_baseline_1.75_posted_price_fcfs,welfare_vs_posted_at_matched_latency,mechanism,0.9375924772040809,NA,10,NA,NA
exp6_frontier,tree_high_hybrid_noema_baseline_2_market_posted_slice,welfare,mechanism,55.980178841953595,NA,10,NA,NA
exp6_frontier,tree_high_hybrid_noema_baseline_2_market_posted_slice,tokens_admitted,mechanism,80.72449999999999,NA,10,NA,NA
exp6_frontier,tree_high_hybrid_noema_baseline_2_market_posted_slice,median_latency,mechanism,91.57565347075096,NA,10,NA,NA
exp6_frontier,tree_high_hybrid_noema_baseline_2_market_posted_slice,alloc_ratio,mechanism,0.8302346325280514,NA,10,NA,NA
exp6_frontier,tree_high_hybrid_noema_baseline_2_market_posted_slice,welfare_vs_posted_at_matched_volume,mechanism,1.0228488384120604,NA,10,NA,NA
exp6_frontier,tree_high_hybrid_noema_baseline_2_market_posted_slice,welfare_vs_posted_at_matched_latency,mechanism,1.0116954023655913,NA,10,NA,NA
exp6_frontier,tree_high_hybrid_noema_baseline_2_posted_price,welfare,mechanism,55.279795249604454,NA,10,NA,NA
exp6_frontier,tree_high_hybrid_noema_baseline_2_posted_price,tokens_admitted,mechanism,74.1015,NA,10,NA,NA
exp6_frontier,tree_high_hybrid_noema_baseline_2_posted_price,median_latency,mechanism,85.89522110901325,NA,10,NA,NA
exp6_frontier,tree_high_hybrid_noema_baseline_2_posted_price,alloc_ratio,mechanism,0.7788851440393764,NA,10,NA,NA
exp6_frontier,tree_high_hybrid_noema_baseline_2_posted_price,welfare_vs_posted_at_matched_volume,mechanism,NA,NA,10,NA,NA
exp6_frontier,tree_high_hybrid_noema_baseline_2_posted_price,welfare_vs_posted_at_matched_latency,mechanism,NA,NA,10,NA,NA
exp6_frontier,tree_high_hybrid_noema_baseline_2_posted_price_edf,welfare,mechanism,53.33732106255933,NA,10,NA,NA
exp6_frontier,tree_high_hybrid_noema_baseline_2_posted_price_edf,tokens_admitted,mechanism,74.1075,NA,10,NA,NA
exp6_frontier,tree_high_hybrid_noema_baseline_2_posted_price_edf,median_latency,mechanism,85.89748878785554,NA,10,NA,NA
exp6_frontier,tree_high_hybrid_noema_baseline_2_posted_price_edf,alloc_ratio,mechanism,0.7518035836002018,NA,10,NA,NA
exp6_frontier,tree_high_hybrid_noema_baseline_2_posted_price_edf,welfare_vs_posted_at_matched_volume,mechanism,0.9649062354138641,NA,10,NA,NA
exp6_frontier,tree_high_hybrid_noema_baseline_2_posted_price_edf,welfare_vs_posted_at_matched_latency,mechanism,0.9655220977376702,NA,10,NA,NA
exp6_frontier,tree_high_hybrid_noema_baseline_2_posted_price_fcfs,welfare,mechanism,53.33068867462546,NA,10,NA,NA
exp6_frontier,tree_high_hybrid_noema_baseline_2_posted_price_fcfs,tokens_admitted,mechanism,74.116,NA,10,NA,NA
exp6_frontier,tree_high_hybrid_noema_baseline_2_posted_price_fcfs,median_latency,mechanism,85.92305653271595,NA,10,NA,NA
exp6_frontier,tree_high_hybrid_noema_baseline_2_posted_price_fcfs,alloc_ratio,mechanism,0.7518926264769286,NA,10,NA,NA
exp6_frontier,tree_high_hybrid_noema_baseline_2_posted_price_fcfs,welfare_vs_posted_at_matched_volume,mechanism,0.9647613222738789,NA,10,NA,NA
exp6_frontier,tree_high_hybrid_noema_baseline_2_posted_price_fcfs,welfare_vs_posted_at_matched_latency,mechanism,0.965024790387543,NA,10,NA,NA
exp6_frontier,tree_high_hybrid_noema_baseline_2_posted_price_matched,welfare,mechanism,55.279795249604454,NA,10,NA,NA
exp6_frontier,tree_high_hybrid_noema_baseline_2_posted_price_matched,tokens_admitted,mechanism,74.1015,NA,10,NA,NA
exp6_frontier,tree_high_hybrid_noema_baseline_2_posted_price_matched,median_latency,mechanism,85.89522110901325,NA,10,NA,NA
exp6_frontier,tree_high_hybrid_noema_baseline_2_posted_price_matched,alloc_ratio,mechanism,0.7788851440393764,NA,10,NA,NA
exp6_frontier,tree_high_hybrid_noema_baseline_2_posted_price_matched,welfare_vs_posted_at_matched_volume,mechanism,1,NA,10,NA,NA
exp6_frontier,tree_high_hybrid_noema_baseline_2_posted_price_matched,welfare_vs_posted_at_matched_latency,mechanism,1,NA,10,NA,NA
exp6_frontier,tree_high_hybrid_noema_baseline_2.25_posted_price,welfare,mechanism,52.87319330466457,NA,10,NA,NA
exp6_frontier,tree_high_hybrid_noema_baseline_2.25_posted_price,tokens_admitted,mechanism,67.858,NA,10,NA,NA
exp6_frontier,tree_high_hybrid_noema_baseline_2.25_posted_price,median_latency,mechanism,82.74934148982408,NA,10,NA,NA
exp6_frontier,tree_high_hybrid_noema_baseline_2.25_posted_price,alloc_ratio,mechanism,0.7233829755761157,NA,10,NA,NA
exp6_frontier,tree_high_hybrid_noema_baseline_2.25_posted_price,welfare_vs_posted_at_matched_volume,mechanism,NA,NA,10,NA,NA
exp6_frontier,tree_high_hybrid_noema_baseline_2.25_posted_price,welfare_vs_posted_at_matched_latency,mechanism,NA,NA,10,NA,NA
exp6_frontier,tree_high_hybrid_noema_baseline_2.25_posted_price_edf,welfare,mechanism,52.18125296279831,NA,10,NA,NA
exp6_frontier,tree_high_hybrid_noema_baseline_2.25_posted_price_edf,tokens_admitted,mechanism,67.84049999999999,NA,10,NA,NA
exp6_frontier,tree_high_hybrid_noema_baseline_2.25_posted_price_edf,median_latency,mechanism,82.72486134806549,NA,10,NA,NA
exp6_frontier,tree_high_hybrid_noema_baseline_2.25_posted_price_edf,alloc_ratio,mechanism,0.7139020695222217,NA,10,NA,NA
exp6_frontier,tree_high_hybrid_noema_baseline_2.25_posted_price_edf,welfare_vs_posted_at_matched_volume,mechanism,0.9871253727412086,NA,10,NA,NA
exp6_frontier,tree_high_hybrid_noema_baseline_2.25_posted_price_edf,welfare_vs_posted_at_matched_latency,mechanism,0.9878439784439222,NA,10,NA,NA
exp6_frontier,tree_high_hybrid_noema_baseline_2.25_posted_price_fcfs,welfare,mechanism,52.17354926490671,NA,10,NA,NA
exp6_frontier,tree_high_hybrid_noema_baseline_2.25_posted_price_fcfs,tokens_admitted,mechanism,67.8355,NA,10,NA,NA
exp6_frontier,tree_high_hybrid_noema_baseline_2.25_posted_price_fcfs,median_latency,mechanism,82.77646769573481,NA,10,NA,NA
exp6_frontier,tree_high_hybrid_noema_baseline_2.25_posted_price_fcfs,alloc_ratio,mechanism,0.7138554799529818,NA,10,NA,NA
exp6_frontier,tree_high_hybrid_noema_baseline_2.25_posted_price_fcfs,welfare_vs_posted_at_matched_volume,mechanism,0.98701309229516,NA,10,NA,NA
exp6_frontier,tree_high_hybrid_noema_baseline_2.25_posted_price_fcfs,welfare_vs_posted_at_matched_latency,mechanism,0.9865755913544103,NA,10,NA,NA
exp6_frontier,tree_high_hybrid_noema_baseline_2.5_posted_price,welfare,mechanism,47.578972590395644,NA,10,NA,NA
exp6_frontier,tree_high_hybrid_noema_baseline_2.5_posted_price,tokens_admitted,mechanism,58.286,NA,10,NA,NA
exp6_frontier,tree_high_hybrid_noema_baseline_2.5_posted_price,median_latency,mechanism,79.4186512670296,NA,10,NA,NA
exp6_frontier,tree_high_hybrid_noema_baseline_2.5_posted_price,alloc_ratio,mechanism,0.6319484756861656,NA,10,NA,NA
exp6_frontier,tree_high_hybrid_noema_baseline_2.5_posted_price,welfare_vs_posted_at_matched_volume,mechanism,NA,NA,10,NA,NA
exp6_frontier,tree_high_hybrid_noema_baseline_2.5_posted_price,welfare_vs_posted_at_matched_latency,mechanism,NA,NA,10,NA,NA
exp6_frontier,tree_high_hybrid_noema_baseline_2.5_posted_price_edf,welfare,mechanism,47.25966676488279,NA,10,NA,NA
exp6_frontier,tree_high_hybrid_noema_baseline_2.5_posted_price_edf,tokens_admitted,mechanism,58.294,NA,10,NA,NA
exp6_frontier,tree_high_hybrid_noema_baseline_2.5_posted_price_edf,median_latency,mechanism,79.3846980766996,NA,10,NA,NA
exp6_frontier,tree_high_hybrid_noema_baseline_2.5_posted_price_edf,alloc_ratio,mechanism,0.627521087687702,NA,10,NA,NA
exp6_frontier,tree_high_hybrid_noema_baseline_2.5_posted_price_edf,welfare_vs_posted_at_matched_volume,mechanism,0.9932530742659758,NA,10,NA,NA
exp6_frontier,tree_high_hybrid_noema_baseline_2.5_posted_price_edf,welfare_vs_posted_at_matched_latency,mechanism,0.9965745077738147,NA,10,NA,NA
exp6_frontier,tree_high_hybrid_noema_baseline_2.5_posted_price_fcfs,welfare,mechanism,47.25415595274829,NA,10,NA,NA
exp6_frontier,tree_high_hybrid_noema_baseline_2.5_posted_price_fcfs,tokens_admitted,mechanism,58.286500000000004,NA,10,NA,NA
exp6_frontier,tree_high_hybrid_noema_baseline_2.5_posted_price_fcfs,median_latency,mechanism,79.3793158444315,NA,10,NA,NA
exp6_frontier,tree_high_hybrid_noema_baseline_2.5_posted_price_fcfs,alloc_ratio,mechanism,0.6273965151351985,NA,10,NA,NA
exp6_frontier,tree_high_hybrid_noema_baseline_2.5_posted_price_fcfs,welfare_vs_posted_at_matched_volume,mechanism,0.9932668415486462,NA,10,NA,NA
exp6_frontier,tree_high_hybrid_noema_baseline_2.5_posted_price_fcfs,welfare_vs_posted_at_matched_latency,mechanism,0.9970286097638449,NA,10,NA,NA
exp6_frontier,tree_high_hybrid_noema_baseline_3_posted_price,welfare,mechanism,32.41931839267333,NA,10,NA,NA
exp6_frontier,tree_high_hybrid_noema_baseline_3_posted_price,tokens_admitted,mechanism,38.2565,NA,10,NA,NA
exp6_frontier,tree_high_hybrid_noema_baseline_3_posted_price,median_latency,mechanism,75.78533738287535,NA,10,NA,NA
exp6_frontier,tree_high_hybrid_noema_baseline_3_posted_price,alloc_ratio,mechanism,0.421959380262372,NA,10,NA,NA
exp6_frontier,tree_high_hybrid_noema_baseline_3_posted_price,welfare_vs_posted_at_matched_volume,mechanism,NA,NA,10,NA,NA
exp6_frontier,tree_high_hybrid_noema_baseline_3_posted_price,welfare_vs_posted_at_matched_latency,mechanism,NA,NA,10,NA,NA
exp6_frontier,tree_high_hybrid_noema_baseline_3_posted_price_edf,welfare,mechanism,32.313730154388686,NA,10,NA,NA
exp6_frontier,tree_high_hybrid_noema_baseline_3_posted_price_edf,tokens_admitted,mechanism,38.267,NA,10,NA,NA
exp6_frontier,tree_high_hybrid_noema_baseline_3_posted_price_edf,median_latency,mechanism,75.78567715146819,NA,10,NA,NA
exp6_frontier,tree_high_hybrid_noema_baseline_3_posted_price_edf,alloc_ratio,mechanism,0.42044227029349607,NA,10,NA,NA
exp6_frontier,tree_high_hybrid_noema_baseline_3_posted_price_edf,welfare_vs_posted_at_matched_volume,mechanism,0.9965041993146923,NA,10,NA,NA
exp6_frontier,tree_high_hybrid_noema_baseline_3_posted_price_edf,welfare_vs_posted_at_matched_latency,mechanism,0.9887288608978866,NA,10,NA,NA
exp6_frontier,tree_high_hybrid_noema_baseline_3_posted_price_fcfs,welfare,mechanism,32.31875946223184,NA,10,NA,NA
exp6_frontier,tree_high_hybrid_noema_baseline_3_posted_price_fcfs,tokens_admitted,mechanism,38.2695,NA,10,NA,NA
exp6_frontier,tree_high_hybrid_noema_baseline_3_posted_price_fcfs,median_latency,mechanism,75.79658169117874,NA,10,NA,NA
exp6_frontier,tree_high_hybrid_noema_baseline_3_posted_price_fcfs,alloc_ratio,mechanism,0.42049685186589447,NA,10,NA,NA
exp6_frontier,tree_high_hybrid_noema_baseline_3_posted_price_fcfs,welfare_vs_posted_at_matched_volume,mechanism,0.9965945998514528,NA,10,NA,NA
exp6_frontier,tree_high_hybrid_noema_baseline_3_posted_price_fcfs,welfare_vs_posted_at_matched_latency,mechanism,0.9908646990567606,NA,10,NA,NA
exp6_frontier,tree_high_hybrid_noema_baseline_4_posted_price,welfare,mechanism,0,NA,10,NA,NA
exp6_frontier,tree_high_hybrid_noema_baseline_4_posted_price,tokens_admitted,mechanism,0,NA,10,NA,NA
exp6_frontier,tree_high_hybrid_noema_baseline_4_posted_price,median_latency,mechanism,NA,NA,10,NA,NA
exp6_frontier,tree_high_hybrid_noema_baseline_4_posted_price,alloc_ratio,mechanism,0,NA,10,NA,NA
exp6_frontier,tree_high_hybrid_noema_baseline_4_posted_price,welfare_vs_posted_at_matched_volume,mechanism,NA,NA,10,NA,NA
exp6_frontier,tree_high_hybrid_noema_baseline_4_posted_price,welfare_vs_posted_at_matched_latency,mechanism,NA,NA,10,NA,NA
exp6_frontier,tree_high_hybrid_noema_baseline_4_posted_price_edf,welfare,mechanism,0,NA,10,NA,NA
exp6_frontier,tree_high_hybrid_noema_baseline_4_posted_price_edf,tokens_admitted,mechanism,0,NA,10,NA,NA
exp6_frontier,tree_high_hybrid_noema_baseline_4_posted_price_edf,median_latency,mechanism,NA,NA,10,NA,NA
exp6_frontier,tree_high_hybrid_noema_baseline_4_posted_price_edf,alloc_ratio,mechanism,0,NA,10,NA,NA
exp6_frontier,tree_high_hybrid_noema_baseline_4_posted_price_edf,welfare_vs_posted_at_matched_volume,mechanism,NA,NA,10,NA,NA
exp6_frontier,tree_high_hybrid_noema_baseline_4_posted_price_edf,welfare_vs_posted_at_matched_latency,mechanism,NA,NA,10,NA,NA
exp6_frontier,tree_high_hybrid_noema_baseline_4_posted_price_fcfs,welfare,mechanism,0,NA,10,NA,NA
exp6_frontier,tree_high_hybrid_noema_baseline_4_posted_price_fcfs,tokens_admitted,mechanism,0,NA,10,NA,NA
exp6_frontier,tree_high_hybrid_noema_baseline_4_posted_price_fcfs,median_latency,mechanism,NA,NA,10,NA,NA
exp6_frontier,tree_high_hybrid_noema_baseline_4_posted_price_fcfs,alloc_ratio,mechanism,0,NA,10,NA,NA
exp6_frontier,tree_high_hybrid_noema_baseline_4_posted_price_fcfs,welfare_vs_posted_at_matched_volume,mechanism,NA,NA,10,NA,NA
exp6_frontier,tree_high_hybrid_noema_baseline_4_posted_price_fcfs,welfare_vs_posted_at_matched_latency,mechanism,NA,NA,10,NA,NA
exp6_frontier,tree_high_hybrid_noema_baseline_4_posted_price_matched,welfare,mechanism,0,NA,10,NA,NA
exp6_frontier,tree_high_hybrid_noema_baseline_4_posted_price_matched,tokens_admitted,mechanism,0,NA,10,NA,NA
exp6_frontier,tree_high_hybrid_noema_baseline_4_posted_price_matched,median_latency,mechanism,NA,NA,10,NA,NA
exp6_frontier,tree_high_hybrid_noema_baseline_4_posted_price_matched,alloc_ratio,mechanism,0,NA,10,NA,NA
exp6_frontier,tree_high_hybrid_noema_baseline_4_posted_price_matched,welfare_vs_posted_at_matched_volume,mechanism,NA,NA,10,NA,NA
exp6_frontier,tree_high_hybrid_noema_baseline_4_posted_price_matched,welfare_vs_posted_at_matched_latency,mechanism,NA,NA,10,NA,NA
exp6_frontier,tree_high_hybrid_noema_calibrated_1_edf,welfare,mechanism,57.625289597944175,NA,10,NA,NA
exp6_frontier,tree_high_hybrid_noema_calibrated_1_edf,tokens_admitted,mechanism,83.9075,NA,10,NA,NA
exp6_frontier,tree_high_hybrid_noema_calibrated_1_edf,median_latency,mechanism,81.08028617442113,NA,10,NA,NA
exp6_frontier,tree_high_hybrid_noema_calibrated_1_edf,alloc_ratio,mechanism,0.774800586957899,NA,10,NA,NA
exp6_frontier,tree_high_hybrid_noema_calibrated_1_edf,welfare_vs_posted_at_matched_volume,mechanism,0.9090713350537866,NA,10,NA,NA
exp6_frontier,tree_high_hybrid_noema_calibrated_1_edf,welfare_vs_posted_at_matched_latency,mechanism,NA,NA,10,NA,NA
exp6_frontier,tree_high_hybrid_noema_calibrated_1_greedy_ev,welfare,mechanism,63.433846388249,NA,10,NA,NA
exp6_frontier,tree_high_hybrid_noema_calibrated_1_greedy_ev,tokens_admitted,mechanism,83.9075,NA,10,NA,NA
exp6_frontier,tree_high_hybrid_noema_calibrated_1_greedy_ev,median_latency,mechanism,81.05350520985972,NA,10,NA,NA
exp6_frontier,tree_high_hybrid_noema_calibrated_1_greedy_ev,alloc_ratio,mechanism,0.8510273132243454,NA,10,NA,NA
exp6_frontier,tree_high_hybrid_noema_calibrated_1_greedy_ev,welfare_vs_posted_at_matched_volume,mechanism,1,NA,10,NA,NA
exp6_frontier,tree_high_hybrid_noema_calibrated_1_greedy_ev,welfare_vs_posted_at_matched_latency,mechanism,1,NA,10,NA,NA
exp6_frontier,tree_high_hybrid_noema_calibrated_1_k8s,welfare,mechanism,57.760677048233724,NA,10,NA,NA
exp6_frontier,tree_high_hybrid_noema_calibrated_1_k8s,tokens_admitted,mechanism,83.9075,NA,10,NA,NA
exp6_frontier,tree_high_hybrid_noema_calibrated_1_k8s,median_latency,mechanism,80.8398054321151,NA,10,NA,NA
exp6_frontier,tree_high_hybrid_noema_calibrated_1_k8s,alloc_ratio,mechanism,0.7750648450429576,NA,10,NA,NA
exp6_frontier,tree_high_hybrid_noema_calibrated_1_k8s,welfare_vs_posted_at_matched_volume,mechanism,0.9112327484709984,NA,10,NA,NA
exp6_frontier,tree_high_hybrid_noema_calibrated_1_k8s,welfare_vs_posted_at_matched_latency,mechanism,0.9107675787371194,NA,10,NA,NA
exp6_frontier,tree_high_hybrid_noema_calibrated_1_market,welfare,mechanism,56.777096570341385,NA,10,NA,NA
exp6_frontier,tree_high_hybrid_noema_calibrated_1_market,tokens_admitted,mechanism,74.605,NA,10,NA,NA
exp6_frontier,tree_high_hybrid_noema_calibrated_1_market,median_latency,mechanism,79.57394454641545,NA,10,NA,NA
exp6_frontier,tree_high_hybrid_noema_calibrated_1_market,alloc_ratio,mechanism,0.7546988061776692,NA,10,NA,NA
exp6_frontier,tree_high_hybrid_noema_calibrated_1_market,welfare_vs_posted_at_matched_volume,mechanism,0.9303207878427976,NA,10,NA,NA
exp6_frontier,tree_high_hybrid_noema_calibrated_1_market,welfare_vs_posted_at_matched_latency,mechanism,0.8979937236959876,NA,10,NA,NA
exp6_frontier,tree_high_hybrid_noema_calibrated_1_market_asc,welfare,mechanism,63.539746498708645,NA,10,NA,NA
exp6_frontier,tree_high_hybrid_noema_calibrated_1_market_asc,tokens_admitted,mechanism,82.926,NA,10,NA,NA
exp6_frontier,tree_high_hybrid_noema_calibrated_1_market_asc,median_latency,mechanism,80.05031375566726,NA,10,NA,NA
exp6_frontier,tree_high_hybrid_noema_calibrated_1_market_asc,alloc_ratio,mechanism,0.8446284945102109,NA,10,NA,NA
exp6_frontier,tree_high_hybrid_noema_calibrated_1_market_asc,welfare_vs_posted_at_matched_volume,mechanism,1.0024607487515047,NA,10,NA,NA
exp6_frontier,tree_high_hybrid_noema_calibrated_1_market_asc,welfare_vs_posted_at_matched_latency,mechanism,1.0029457863779139,NA,10,NA,NA
exp6_frontier,tree_high_hybrid_noema_calibrated_1_market_cc,welfare,mechanism,44.632005386552926,NA,10,NA,NA
exp6_frontier,tree_high_hybrid_noema_calibrated_1_market_cc,tokens_admitted,mechanism,59.7325,NA,10,NA,NA
exp6_frontier,tree_high_hybrid_noema_calibrated_1_market_cc,median_latency,mechanism,78.95787604015003,NA,10,NA,NA
exp6_frontier,tree_high_hybrid_noema_calibrated_1_market_cc,alloc_ratio,mechanism,0.5922253744314473,NA,10,NA,NA
exp6_frontier,tree_high_hybrid_noema_calibrated_1_market_cc,welfare_vs_posted_at_matched_volume,mechanism,0.8654448965582173,NA,10,NA,NA
exp6_frontier,tree_high_hybrid_noema_calibrated_1_market_cc,welfare_vs_posted_at_matched_latency,mechanism,0.7078267763005408,NA,10,NA,NA
exp6_frontier,tree_high_hybrid_noema_calibrated_1_market_posted_slice,welfare,mechanism,62.292828505196,NA,10,NA,NA
exp6_frontier,tree_high_hybrid_noema_calibrated_1_market_posted_slice,tokens_admitted,mechanism,76.283,NA,10,NA,NA
exp6_frontier,tree_high_hybrid_noema_calibrated_1_market_posted_slice,median_latency,mechanism,76.21577453971624,NA,10,NA,NA
exp6_frontier,tree_high_hybrid_noema_calibrated_1_market_posted_slice,alloc_ratio,mechanism,0.7984271686013188,NA,10,NA,NA
exp6_frontier,tree_high_hybrid_noema_calibrated_1_market_posted_slice,welfare_vs_posted_at_matched_volume,mechanism,1.0086741829690653,NA,10,NA,NA
exp6_frontier,tree_high_hybrid_noema_calibrated_1_market_posted_slice,welfare_vs_posted_at_matched_latency,mechanism,1.0183195632557709,NA,10,NA,NA
exp6_frontier,tree_high_hybrid_noema_calibrated_1_posted_price,welfare,mechanism,63.44234783454639,NA,10,NA,NA
exp6_frontier,tree_high_hybrid_noema_calibrated_1_posted_price,tokens_admitted,mechanism,83.883,NA,10,NA,NA
exp6_frontier,tree_high_hybrid_noema_calibrated_1_posted_price,median_latency,mechanism,81.01828741275781,NA,10,NA,NA
exp6_frontier,tree_high_hybrid_noema_calibrated_1_posted_price,alloc_ratio,mechanism,0.8508681783773595,NA,10,NA,NA
exp6_frontier,tree_high_hybrid_noema_calibrated_1_posted_price,welfare_vs_posted_at_matched_volume,mechanism,NA,NA,10,NA,NA
exp6_frontier,tree_high_hybrid_noema_calibrated_1_posted_price,welfare_vs_posted_at_matched_latency,mechanism,NA,NA,10,NA,NA
exp6_frontier,tree_high_hybrid_noema_calibrated_1_posted_price_edf,welfare,mechanism,57.65051036516401,NA,10,NA,NA
exp6_frontier,tree_high_hybrid_noema_calibrated_1_posted_price_edf,tokens_admitted,mechanism,83.883,NA,10,NA,NA
exp6_frontier,tree_high_hybrid_noema_calibrated_1_posted_price_edf,median_latency,mechanism,81.0638999003364,NA,10,NA,NA
exp6_frontier,tree_high_hybrid_noema_calibrated_1_posted_price_edf,alloc_ratio,mechanism,0.7748841323160646,NA,10,NA,NA
exp6_frontier,tree_high_hybrid_noema_calibrated_1_posted_price_edf,welfare_vs_posted_at_matched_volume,mechanism,0.9087064155319671,NA,10,NA,NA
exp6_frontier,tree_high_hybrid_noema_calibrated_1_posted_price_edf,welfare_vs_posted_at_matched_latency,mechanism,0.9083206552193499,NA,10,NA,NA
exp6_frontier,tree_high_hybrid_noema_calibrated_1_posted_price_fcfs,welfare,mechanism,57.6436984212539,NA,10,NA,NA
exp6_frontier,tree_high_hybrid_noema_calibrated_1_posted_price_fcfs,tokens_admitted,mechanism,83.883,NA,10,NA,NA
exp6_frontier,tree_high_hybrid_noema_calibrated_1_posted_price_fcfs,median_latency,mechanism,81.05017622117026,NA,10,NA,NA
exp6_frontier,tree_high_hybrid_noema_calibrated_1_posted_price_fcfs,alloc_ratio,mechanism,0.7748002816176289,NA,10,NA,NA
exp6_frontier,tree_high_hybrid_noema_calibrated_1_posted_price_fcfs,welfare_vs_posted_at_matched_volume,mechanism,0.9085990548211486,NA,10,NA,NA
exp6_frontier,tree_high_hybrid_noema_calibrated_1_posted_price_fcfs,welfare_vs_posted_at_matched_latency,mechanism,0.9095401028989979,NA,10,NA,NA
exp6_frontier,tree_high_hybrid_noema_calibrated_1_posted_price_matched,welfare,mechanism,63.44234783454639,NA,10,NA,NA
exp6_frontier,tree_high_hybrid_noema_calibrated_1_posted_price_matched,tokens_admitted,mechanism,83.883,NA,10,NA,NA
exp6_frontier,tree_high_hybrid_noema_calibrated_1_posted_price_matched,median_latency,mechanism,81.01828741275781,NA,10,NA,NA
exp6_frontier,tree_high_hybrid_noema_calibrated_1_posted_price_matched,alloc_ratio,mechanism,0.8508681783773595,NA,10,NA,NA
exp6_frontier,tree_high_hybrid_noema_calibrated_1_posted_price_matched,welfare_vs_posted_at_matched_volume,mechanism,1,NA,10,NA,NA
exp6_frontier,tree_high_hybrid_noema_calibrated_1_posted_price_matched,welfare_vs_posted_at_matched_latency,mechanism,1,NA,10,NA,NA
exp6_frontier,tree_high_hybrid_noema_calibrated_1_random,welfare,mechanism,57.64155514548946,NA,10,NA,NA
exp6_frontier,tree_high_hybrid_noema_calibrated_1_random,tokens_admitted,mechanism,83.9075,NA,10,NA,NA
exp6_frontier,tree_high_hybrid_noema_calibrated_1_random,median_latency,mechanism,81.10477192771017,NA,10,NA,NA
exp6_frontier,tree_high_hybrid_noema_calibrated_1_random,alloc_ratio,mechanism,0.7749365702580665,NA,10,NA,NA
exp6_frontier,tree_high_hybrid_noema_calibrated_1_random,welfare_vs_posted_at_matched_volume,mechanism,0.9080218333870947,NA,10,NA,NA
exp6_frontier,tree_high_hybrid_noema_calibrated_1_random,welfare_vs_posted_at_matched_latency,mechanism,0.9085182388545631,NA,10,NA,NA
exp6_frontier,tree_high_hybrid_noema_calibrated_1.25_posted_price,welfare,mechanism,63.431252276859944,NA,10,NA,NA
exp6_frontier,tree_high_hybrid_noema_calibrated_1.25_posted_price,tokens_admitted,mechanism,83.7415,NA,10,NA,NA
exp6_frontier,tree_high_hybrid_noema_calibrated_1.25_posted_price,median_latency,mechanism,80.91092858554549,NA,10,NA,NA
exp6_frontier,tree_high_hybrid_noema_calibrated_1.25_posted_price,alloc_ratio,mechanism,0.8498990937461286,NA,10,NA,NA
exp6_frontier,tree_high_hybrid_noema_calibrated_1.25_posted_price,welfare_vs_posted_at_matched_volume,mechanism,NA,NA,10,NA,NA
exp6_frontier,tree_high_hybrid_noema_calibrated_1.25_posted_price,welfare_vs_posted_at_matched_latency,mechanism,NA,NA,10,NA,NA
exp6_frontier,tree_high_hybrid_noema_calibrated_1.25_posted_price_edf,welfare,mechanism,57.680220149470884,NA,10,NA,NA
exp6_frontier,tree_high_hybrid_noema_calibrated_1.25_posted_price_edf,tokens_admitted,mechanism,83.7425,NA,10,NA,NA
exp6_frontier,tree_high_hybrid_noema_calibrated_1.25_posted_price_edf,median_latency,mechanism,80.95516196123788,NA,10,NA,NA
exp6_frontier,tree_high_hybrid_noema_calibrated_1.25_posted_price_edf,alloc_ratio,mechanism,0.7744780470200942,NA,10,NA,NA
exp6_frontier,tree_high_hybrid_noema_calibrated_1.25_posted_price_edf,welfare_vs_posted_at_matched_volume,mechanism,0.9093317853756581,NA,10,NA,NA
exp6_frontier,tree_high_hybrid_noema_calibrated_1.25_posted_price_edf,welfare_vs_posted_at_matched_latency,mechanism,0.9092686619697748,NA,10,NA,NA
exp6_frontier,tree_high_hybrid_noema_calibrated_1.25_posted_price_fcfs,welfare,mechanism,57.670735968979294,NA,10,NA,NA
exp6_frontier,tree_high_hybrid_noema_calibrated_1.25_posted_price_fcfs,tokens_admitted,mechanism,83.7425,NA,10,NA,NA
exp6_frontier,tree_high_hybrid_noema_calibrated_1.25_posted_price_fcfs,median_latency,mechanism,80.94582606777175,NA,10,NA,NA
exp6_frontier,tree_high_hybrid_noema_calibrated_1.25_posted_price_fcfs,alloc_ratio,mechanism,0.77437553589376,NA,10,NA,NA
exp6_frontier,tree_high_hybrid_noema_calibrated_1.25_posted_price_fcfs,welfare_vs_posted_at_matched_volume,mechanism,0.9091822018026938,NA,10,NA,NA
exp6_frontier,tree_high_hybrid_noema_calibrated_1.25_posted_price_fcfs,welfare_vs_posted_at_matched_latency,mechanism,0.9093375883095447,NA,10,NA,NA
exp6_frontier,tree_high_hybrid_noema_calibrated_1.5_posted_price,welfare,mechanism,63.35460519875817,NA,10,NA,NA
exp6_frontier,tree_high_hybrid_noema_calibrated_1.5_posted_price,tokens_admitted,mechanism,82.5525,NA,10,NA,NA
exp6_frontier,tree_high_hybrid_noema_calibrated_1.5_posted_price,median_latency,mechanism,80.03817841524385,NA,10,NA,NA
exp6_frontier,tree_high_hybrid_noema_calibrated_1.5_posted_price,alloc_ratio,mechanism,0.8419233657969967,NA,10,NA,NA
exp6_frontier,tree_high_hybrid_noema_calibrated_1.5_posted_price,welfare_vs_posted_at_matched_volume,mechanism,NA,NA,10,NA,NA
exp6_frontier,tree_high_hybrid_noema_calibrated_1.5_posted_price,welfare_vs_posted_at_matched_latency,mechanism,NA,NA,10,NA,NA
exp6_frontier,tree_high_hybrid_noema_calibrated_1.5_posted_price_edf,welfare,mechanism,57.830269656411716,NA,10,NA,NA
exp6_frontier,tree_high_hybrid_noema_calibrated_1.5_posted_price_edf,tokens_admitted,mechanism,82.5505,NA,10,NA,NA
exp6_frontier,tree_high_hybrid_noema_calibrated_1.5_posted_price_edf,median_latency,mechanism,80.05546427258463,NA,10,NA,NA
exp6_frontier,tree_high_hybrid_noema_calibrated_1.5_posted_price_edf,alloc_ratio,mechanism,0.7698256003142783,NA,10,NA,NA
exp6_frontier,tree_high_hybrid_noema_calibrated_1.5_posted_price_edf,welfare_vs_posted_at_matched_volume,mechanism,0.9128111417888498,NA,10,NA,NA
exp6_frontier,tree_high_hybrid_noema_calibrated_1.5_posted_price_edf,welfare_vs_posted_at_matched_latency,mechanism,0.9127858972458756,NA,10,NA,NA
exp6_frontier,tree_high_hybrid_noema_calibrated_1.5_posted_price_fcfs,welfare,mechanism,57.822542216972536,NA,10,NA,NA
exp6_frontier,tree_high_hybrid_noema_calibrated_1.5_posted_price_fcfs,tokens_admitted,mechanism,82.55,NA,10,NA,NA
exp6_frontier,tree_high_hybrid_noema_calibrated_1.5_posted_price_fcfs,median_latency,mechanism,80.04498626900744,NA,10,NA,NA
exp6_frontier,tree_high_hybrid_noema_calibrated_1.5_posted_price_fcfs,alloc_ratio,mechanism,0.7697154723163057,NA,10,NA,NA
exp6_frontier,tree_high_hybrid_noema_calibrated_1.5_posted_price_fcfs,welfare_vs_posted_at_matched_volume,mechanism,0.9126906696301769,NA,10,NA,NA
exp6_frontier,tree_high_hybrid_noema_calibrated_1.5_posted_price_fcfs,welfare_vs_posted_at_matched_latency,mechanism,0.9127040852601057,NA,10,NA,NA
exp6_frontier,tree_high_hybrid_noema_calibrated_1.75_posted_price,welfare,mechanism,62.68745625484393,NA,10,NA,NA
exp6_frontier,tree_high_hybrid_noema_calibrated_1.75_posted_price,tokens_admitted,mechanism,78.636,NA,10,NA,NA
exp6_frontier,tree_high_hybrid_noema_calibrated_1.75_posted_price,median_latency,mechanism,77.5938621210155,NA,10,NA,NA
exp6_frontier,tree_high_hybrid_noema_calibrated_1.75_posted_price,alloc_ratio,mechanism,0.814443283510403,NA,10,NA,NA
exp6_frontier,tree_high_hybrid_noema_calibrated_1.75_posted_price,welfare_vs_posted_at_matched_volume,mechanism,NA,NA,10,NA,NA
exp6_frontier,tree_high_hybrid_noema_calibrated_1.75_posted_price,welfare_vs_posted_at_matched_latency,mechanism,NA,NA,10,NA,NA
exp6_frontier,tree_high_hybrid_noema_calibrated_1.75_posted_price_edf,welfare,mechanism,58.80610995371852,NA,10,NA,NA
exp6_frontier,tree_high_hybrid_noema_calibrated_1.75_posted_price_edf,tokens_admitted,mechanism,78.642,NA,10,NA,NA
exp6_frontier,tree_high_hybrid_noema_calibrated_1.75_posted_price_edf,median_latency,mechanism,77.63154963054532,NA,10,NA,NA
exp6_frontier,tree_high_hybrid_noema_calibrated_1.75_posted_price_edf,alloc_ratio,mechanism,0.7645928065335438,NA,10,NA,NA
exp6_frontier,tree_high_hybrid_noema_calibrated_1.75_posted_price_edf,welfare_vs_posted_at_matched_volume,mechanism,0.9380761979151873,NA,10,NA,NA
exp6_frontier,tree_high_hybrid_noema_calibrated_1.75_posted_price_edf,welfare_vs_posted_at_matched_latency,mechanism,0.9379780974894474,NA,10,NA,NA
exp6_frontier,tree_high_hybrid_noema_calibrated_1.75_posted_price_fcfs,welfare,mechanism,58.809018530276866,NA,10,NA,NA
exp6_frontier,tree_high_hybrid_noema_calibrated_1.75_posted_price_fcfs,tokens_admitted,mechanism,78.645,NA,10,NA,NA
exp6_frontier,tree_high_hybrid_noema_calibrated_1.75_posted_price_fcfs,median_latency,mechanism,77.6318433510737,NA,10,NA,NA
exp6_frontier,tree_high_hybrid_noema_calibrated_1.75_posted_price_fcfs,alloc_ratio,mechanism,0.7645992877019491,NA,10,NA,NA
exp6_frontier,tree_high_hybrid_noema_calibrated_1.75_posted_price_fcfs,welfare_vs_posted_at_matched_volume,mechanism,0.9381099591430588,NA,10,NA,NA
exp6_frontier,tree_high_hybrid_noema_calibrated_1.75_posted_price_fcfs,welfare_vs_posted_at_matched_latency,mechanism,0.937981538998334,NA,10,NA,NA
exp6_frontier,tree_high_hybrid_noema_calibrated_2_market_posted_slice,welfare,mechanism,63.62448217904383,NA,10,NA,NA
exp6_frontier,tree_high_hybrid_noema_calibrated_2_market_posted_slice,tokens_admitted,mechanism,80.72449999999999,NA,10,NA,NA
exp6_frontier,tree_high_hybrid_noema_calibrated_2_market_posted_slice,median_latency,mechanism,78.10008893264585,NA,10,NA,NA
exp6_frontier,tree_high_hybrid_noema_calibrated_2_market_posted_slice,alloc_ratio,mechanism,0.8302346325280514,NA,10,NA,NA
exp6_frontier,tree_high_hybrid_noema_calibrated_2_market_posted_slice,welfare_vs_posted_at_matched_volume,mechanism,1.0092038616759522,NA,10,NA,NA
exp6_frontier,tree_high_hybrid_noema_calibrated_2_market_posted_slice,welfare_vs_posted_at_matched_latency,mechanism,1.0128062058593506,NA,10,NA,NA
exp6_frontier,tree_high_hybrid_noema_calibrated_2_posted_price,welfare,mechanism,60.893160351695954,NA,10,NA,NA
exp6_frontier,tree_high_hybrid_noema_calibrated_2_posted_price,tokens_admitted,mechanism,74.1015,NA,10,NA,NA
exp6_frontier,tree_high_hybrid_noema_calibrated_2_posted_price,median_latency,mechanism,75.9691393927669,NA,10,NA,NA
exp6_frontier,tree_high_hybrid_noema_calibrated_2_posted_price,alloc_ratio,mechanism,0.7788851440393764,NA,10,NA,NA
exp6_frontier,tree_high_hybrid_noema_calibrated_2_posted_price,welfare_vs_posted_at_matched_volume,mechanism,NA,NA,10,NA,NA
exp6_frontier,tree_high_hybrid_noema_calibrated_2_posted_price,welfare_vs_posted_at_matched_latency,mechanism,NA,NA,10,NA,NA
exp6_frontier,tree_high_hybrid_noema_calibrated_2_posted_price_edf,welfare,mechanism,58.7610657072349,NA,10,NA,NA
exp6_frontier,tree_high_hybrid_noema_calibrated_2_posted_price_edf,tokens_admitted,mechanism,74.1075,NA,10,NA,NA
exp6_frontier,tree_high_hybrid_noema_calibrated_2_posted_price_edf,median_latency,mechanism,75.98220018146066,NA,10,NA,NA
exp6_frontier,tree_high_hybrid_noema_calibrated_2_posted_price_edf,alloc_ratio,mechanism,0.7518035836002018,NA,10,NA,NA
exp6_frontier,tree_high_hybrid_noema_calibrated_2_posted_price_edf,welfare_vs_posted_at_matched_volume,mechanism,0.9649757990333314,NA,10,NA,NA
exp6_frontier,tree_high_hybrid_noema_calibrated_2_posted_price_edf,welfare_vs_posted_at_matched_latency,mechanism,0.9653585869198591,NA,10,NA,NA
exp6_frontier,tree_high_hybrid_noema_calibrated_2_posted_price_fcfs,welfare,mechanism,58.76050924273678,NA,10,NA,NA
exp6_frontier,tree_high_hybrid_noema_calibrated_2_posted_price_fcfs,tokens_admitted,mechanism,74.116,NA,10,NA,NA
exp6_frontier,tree_high_hybrid_noema_calibrated_2_posted_price_fcfs,median_latency,mechanism,75.98179268378796,NA,10,NA,NA
exp6_frontier,tree_high_hybrid_noema_calibrated_2_posted_price_fcfs,alloc_ratio,mechanism,0.7518926264769286,NA,10,NA,NA
exp6_frontier,tree_high_hybrid_noema_calibrated_2_posted_price_fcfs,welfare_vs_posted_at_matched_volume,mechanism,0.9649046817647874,NA,10,NA,NA
exp6_frontier,tree_high_hybrid_noema_calibrated_2_posted_price_fcfs,welfare_vs_posted_at_matched_latency,mechanism,0.9652756770204883,NA,10,NA,NA
exp6_frontier,tree_high_hybrid_noema_calibrated_2_posted_price_matched,welfare,mechanism,60.893160351695954,NA,10,NA,NA
exp6_frontier,tree_high_hybrid_noema_calibrated_2_posted_price_matched,tokens_admitted,mechanism,74.1015,NA,10,NA,NA
exp6_frontier,tree_high_hybrid_noema_calibrated_2_posted_price_matched,median_latency,mechanism,75.9691393927669,NA,10,NA,NA
exp6_frontier,tree_high_hybrid_noema_calibrated_2_posted_price_matched,alloc_ratio,mechanism,0.7788851440393764,NA,10,NA,NA
exp6_frontier,tree_high_hybrid_noema_calibrated_2_posted_price_matched,welfare_vs_posted_at_matched_volume,mechanism,1,NA,10,NA,NA
exp6_frontier,tree_high_hybrid_noema_calibrated_2_posted_price_matched,welfare_vs_posted_at_matched_latency,mechanism,1,NA,10,NA,NA
exp6_frontier,tree_high_hybrid_noema_calibrated_2.25_posted_price,welfare,mechanism,57.20996574125221,NA,10,NA,NA
exp6_frontier,tree_high_hybrid_noema_calibrated_2.25_posted_price,tokens_admitted,mechanism,67.858,NA,10,NA,NA
exp6_frontier,tree_high_hybrid_noema_calibrated_2.25_posted_price,median_latency,mechanism,74.78718611527808,NA,10,NA,NA
exp6_frontier,tree_high_hybrid_noema_calibrated_2.25_posted_price,alloc_ratio,mechanism,0.7233829755761157,NA,10,NA,NA
exp6_frontier,tree_high_hybrid_noema_calibrated_2.25_posted_price,welfare_vs_posted_at_matched_volume,mechanism,NA,NA,10,NA,NA
exp6_frontier,tree_high_hybrid_noema_calibrated_2.25_posted_price,welfare_vs_posted_at_matched_latency,mechanism,NA,NA,10,NA,NA
exp6_frontier,tree_high_hybrid_noema_calibrated_2.25_posted_price_edf,welfare,mechanism,56.454913701133066,NA,10,NA,NA
exp6_frontier,tree_high_hybrid_noema_calibrated_2.25_posted_price_edf,tokens_admitted,mechanism,67.84049999999999,NA,10,NA,NA
exp6_frontier,tree_high_hybrid_noema_calibrated_2.25_posted_price_edf,median_latency,mechanism,74.77331408224944,NA,10,NA,NA
exp6_frontier,tree_high_hybrid_noema_calibrated_2.25_posted_price_edf,alloc_ratio,mechanism,0.7139020695222217,NA,10,NA,NA
exp6_frontier,tree_high_hybrid_noema_calibrated_2.25_posted_price_edf,welfare_vs_posted_at_matched_volume,mechanism,0.9870291542910571,NA,10,NA,NA
exp6_frontier,tree_high_hybrid_noema_calibrated_2.25_posted_price_edf,welfare_vs_posted_at_matched_latency,mechanism,0.9884814142535268,NA,10,NA,NA
exp6_frontier,tree_high_hybrid_noema_calibrated_2.25_posted_price_fcfs,welfare,mechanism,56.448849788048676,NA,10,NA,NA
exp6_frontier,tree_high_hybrid_noema_calibrated_2.25_posted_price_fcfs,tokens_admitted,mechanism,67.8355,NA,10,NA,NA
exp6_frontier,tree_high_hybrid_noema_calibrated_2.25_posted_price_fcfs,median_latency,mechanism,74.79233909742047,NA,10,NA,NA
exp6_frontier,tree_high_hybrid_noema_calibrated_2.25_posted_price_fcfs,alloc_ratio,mechanism,0.7138554799529818,NA,10,NA,NA
exp6_frontier,tree_high_hybrid_noema_calibrated_2.25_posted_price_fcfs,welfare_vs_posted_at_matched_volume,mechanism,0.9869736515261336,NA,10,NA,NA
exp6_frontier,tree_high_hybrid_noema_calibrated_2.25_posted_price_fcfs,welfare_vs_posted_at_matched_latency,mechanism,0.9870823345998915,NA,10,NA,NA
exp6_frontier,tree_high_hybrid_noema_calibrated_2.5_posted_price,welfare,mechanism,50.56157952682749,NA,10,NA,NA
exp6_frontier,tree_high_hybrid_noema_calibrated_2.5_posted_price,tokens_admitted,mechanism,58.286,NA,10,NA,NA
exp6_frontier,tree_high_hybrid_noema_calibrated_2.5_posted_price,median_latency,mechanism,73.53776035410321,NA,10,NA,NA
exp6_frontier,tree_high_hybrid_noema_calibrated_2.5_posted_price,alloc_ratio,mechanism,0.6319484756861656,NA,10,NA,NA
exp6_frontier,tree_high_hybrid_noema_calibrated_2.5_posted_price,welfare_vs_posted_at_matched_volume,mechanism,NA,NA,10,NA,NA
exp6_frontier,tree_high_hybrid_noema_calibrated_2.5_posted_price,welfare_vs_posted_at_matched_latency,mechanism,NA,NA,10,NA,NA
exp6_frontier,tree_high_hybrid_noema_calibrated_2.5_posted_price_edf,welfare,mechanism,50.21092414479407,NA,10,NA,NA
exp6_frontier,tree_high_hybrid_noema_calibrated_2.5_posted_price_edf,tokens_admitted,mechanism,58.294,NA,10,NA,NA
exp6_frontier,tree_high_hybrid_noema_calibrated_2.5_posted_price_edf,median_latency,mechanism,73.52516560506949,NA,10,NA,NA
exp6_frontier,tree_high_hybrid_noema_calibrated_2.5_posted_price_edf,alloc_ratio,mechanism,0.627521087687702,NA,10,NA,NA
exp6_frontier,tree_high_hybrid_noema_calibrated_2.5_posted_price_edf,welfare_vs_posted_at_matched_volume,mechanism,0.9929895457384668,NA,10,NA,NA
exp6_frontier,tree_high_hybrid_noema_calibrated_2.5_posted_price_edf,welfare_vs_posted_at_matched_latency,mechanism,0.9963949686652344,NA,10,NA,NA
exp6_frontier,tree_high_hybrid_noema_calibrated_2.5_posted_price_fcfs,welfare,mechanism,50.202504254072934,NA,10,NA,NA
exp6_frontier,tree_high_hybrid_noema_calibrated_2.5_posted_price_fcfs,tokens_admitted,mechanism,58.286500000000004,NA,10,NA,NA
exp6_frontier,tree_high_hybrid_noema_calibrated_2.5_posted_price_fcfs,median_latency,mechanism,73.53357888541454,NA,10,NA,NA
exp6_frontier,tree_high_hybrid_noema_calibrated_2.5_posted_price_fcfs,alloc_ratio,mechanism,0.6273965151351985,NA,10,NA,NA
exp6_frontier,tree_high_hybrid_noema_calibrated_2.5_posted_price_fcfs,welfare_vs_posted_at_matched_volume,mechanism,0.9929511692477557,NA,10,NA,NA
exp6_frontier,tree_high_hybrid_noema_calibrated_2.5_posted_price_fcfs,welfare_vs_posted_at_matched_latency,mechanism,0.9951168068136896,NA,10,NA,NA
exp6_frontier,tree_high_hybrid_noema_calibrated_3_posted_price,welfare,mechanism,34.03138855865453,NA,10,NA,NA
exp6_frontier,tree_high_hybrid_noema_calibrated_3_posted_price,tokens_admitted,mechanism,38.2565,NA,10,NA,NA
exp6_frontier,tree_high_hybrid_noema_calibrated_3_posted_price,median_latency,mechanism,72.15555328782702,NA,10,NA,NA
exp6_frontier,tree_high_hybrid_noema_calibrated_3_posted_price,alloc_ratio,mechanism,0.421959380262372,NA,10,NA,NA
exp6_frontier,tree_high_hybrid_noema_calibrated_3_posted_price,welfare_vs_posted_at_matched_volume,mechanism,NA,NA,10,NA,NA
exp6_frontier,tree_high_hybrid_noema_calibrated_3_posted_price,welfare_vs_posted_at_matched_latency,mechanism,NA,NA,10,NA,NA
exp6_frontier,tree_high_hybrid_noema_calibrated_3_posted_price_edf,welfare,mechanism,33.91214744095933,NA,10,NA,NA
exp6_frontier,tree_high_hybrid_noema_calibrated_3_posted_price_edf,tokens_admitted,mechanism,38.267,NA,10,NA,NA
exp6_frontier,tree_high_hybrid_noema_calibrated_3_posted_price_edf,median_latency,mechanism,72.14773156386174,NA,10,NA,NA
exp6_frontier,tree_high_hybrid_noema_calibrated_3_posted_price_edf,alloc_ratio,mechanism,0.42044227029349607,NA,10,NA,NA
exp6_frontier,tree_high_hybrid_noema_calibrated_3_posted_price_edf,welfare_vs_posted_at_matched_volume,mechanism,0.9962425520025886,NA,10,NA,NA
exp6_frontier,tree_high_hybrid_noema_calibrated_3_posted_price_edf,welfare_vs_posted_at_matched_latency,mechanism,0.992128331212618,NA,10,NA,NA
exp6_frontier,tree_high_hybrid_noema_calibrated_3_posted_price_fcfs,welfare,mechanism,33.91630167394062,NA,10,NA,NA
exp6_frontier,tree_high_hybrid_noema_calibrated_3_posted_price_fcfs,tokens_admitted,mechanism,38.2695,NA,10,NA,NA
exp6_frontier,tree_high_hybrid_noema_calibrated_3_posted_price_fcfs,median_latency,mechanism,72.15748670906089,NA,10,NA,NA
exp6_frontier,tree_high_hybrid_noema_calibrated_3_posted_price_fcfs,alloc_ratio,mechanism,0.42049685186589447,NA,10,NA,NA
exp6_frontier,tree_high_hybrid_noema_calibrated_3_posted_price_fcfs,welfare_vs_posted_at_matched_volume,mechanism,0.9962993298859897,NA,10,NA,NA
exp6_frontier,tree_high_hybrid_noema_calibrated_3_posted_price_fcfs,welfare_vs_posted_at_matched_latency,mechanism,0.9892444179528901,NA,10,NA,NA
exp6_frontier,tree_high_hybrid_noema_calibrated_4_posted_price,welfare,mechanism,0,NA,10,NA,NA
exp6_frontier,tree_high_hybrid_noema_calibrated_4_posted_price,tokens_admitted,mechanism,0,NA,10,NA,NA
exp6_frontier,tree_high_hybrid_noema_calibrated_4_posted_price,median_latency,mechanism,NA,NA,10,NA,NA
exp6_frontier,tree_high_hybrid_noema_calibrated_4_posted_price,alloc_ratio,mechanism,0,NA,10,NA,NA
exp6_frontier,tree_high_hybrid_noema_calibrated_4_posted_price,welfare_vs_posted_at_matched_volume,mechanism,NA,NA,10,NA,NA
exp6_frontier,tree_high_hybrid_noema_calibrated_4_posted_price,welfare_vs_posted_at_matched_latency,mechanism,NA,NA,10,NA,NA
exp6_frontier,tree_high_hybrid_noema_calibrated_4_posted_price_edf,welfare,mechanism,0,NA,10,NA,NA
exp6_frontier,tree_high_hybrid_noema_calibrated_4_posted_price_edf,tokens_admitted,mechanism,0,NA,10,NA,NA
exp6_frontier,tree_high_hybrid_noema_calibrated_4_posted_price_edf,median_latency,mechanism,NA,NA,10,NA,NA
exp6_frontier,tree_high_hybrid_noema_calibrated_4_posted_price_edf,alloc_ratio,mechanism,0,NA,10,NA,NA
exp6_frontier,tree_high_hybrid_noema_calibrated_4_posted_price_edf,welfare_vs_posted_at_matched_volume,mechanism,NA,NA,10,NA,NA
exp6_frontier,tree_high_hybrid_noema_calibrated_4_posted_price_edf,welfare_vs_posted_at_matched_latency,mechanism,NA,NA,10,NA,NA
exp6_frontier,tree_high_hybrid_noema_calibrated_4_posted_price_fcfs,welfare,mechanism,0,NA,10,NA,NA
exp6_frontier,tree_high_hybrid_noema_calibrated_4_posted_price_fcfs,tokens_admitted,mechanism,0,NA,10,NA,NA
exp6_frontier,tree_high_hybrid_noema_calibrated_4_posted_price_fcfs,median_latency,mechanism,NA,NA,10,NA,NA
exp6_frontier,tree_high_hybrid_noema_calibrated_4_posted_price_fcfs,alloc_ratio,mechanism,0,NA,10,NA,NA
exp6_frontier,tree_high_hybrid_noema_calibrated_4_posted_price_fcfs,welfare_vs_posted_at_matched_volume,mechanism,NA,NA,10,NA,NA
exp6_frontier,tree_high_hybrid_noema_calibrated_4_posted_price_fcfs,welfare_vs_posted_at_matched_latency,mechanism,NA,NA,10,NA,NA
exp6_frontier,tree_high_hybrid_noema_calibrated_4_posted_price_matched,welfare,mechanism,0,NA,10,NA,NA
exp6_frontier,tree_high_hybrid_noema_calibrated_4_posted_price_matched,tokens_admitted,mechanism,0,NA,10,NA,NA
exp6_frontier,tree_high_hybrid_noema_calibrated_4_posted_price_matched,median_latency,mechanism,NA,NA,10,NA,NA
exp6_frontier,tree_high_hybrid_noema_calibrated_4_posted_price_matched,alloc_ratio,mechanism,0,NA,10,NA,NA
exp6_frontier,tree_high_hybrid_noema_calibrated_4_posted_price_matched,welfare_vs_posted_at_matched_volume,mechanism,NA,NA,10,NA,NA
exp6_frontier,tree_high_hybrid_noema_calibrated_4_posted_price_matched,welfare_vs_posted_at_matched_latency,mechanism,NA,NA,10,NA,NA
exp6_frontier,tree_high_naive_baseline_1_edf,welfare,mechanism,3.8591743273383274,NA,10,NA,NA
exp6_frontier,tree_high_naive_baseline_1_edf,tokens_admitted,mechanism,99.968,NA,10,NA,NA
exp6_frontier,tree_high_naive_baseline_1_edf,median_latency,mechanism,410.6388389184523,NA,10,NA,NA
exp6_frontier,tree_high_naive_baseline_1_edf,alloc_ratio,mechanism,0.9236393129793785,NA,10,NA,NA
exp6_frontier,tree_high_naive_baseline_1_edf,welfare_vs_posted_at_matched_volume,mechanism,0.8163296732832679,NA,10,NA,NA
exp6_frontier,tree_high_naive_baseline_1_edf,welfare_vs_posted_at_matched_latency,mechanism,NA,NA,10,NA,NA
exp6_frontier,tree_high_naive_baseline_1_greedy_ev,welfare,mechanism,4.727739354666672,NA,10,NA,NA
exp6_frontier,tree_high_naive_baseline_1_greedy_ev,tokens_admitted,mechanism,99.968,NA,10,NA,NA
exp6_frontier,tree_high_naive_baseline_1_greedy_ev,median_latency,mechanism,389.10014131236284,NA,10,NA,NA
exp6_frontier,tree_high_naive_baseline_1_greedy_ev,alloc_ratio,mechanism,0.9988124801105831,NA,10,NA,NA
exp6_frontier,tree_high_naive_baseline_1_greedy_ev,welfare_vs_posted_at_matched_volume,mechanism,1,NA,10,NA,NA
exp6_frontier,tree_high_naive_baseline_1_greedy_ev,welfare_vs_posted_at_matched_latency,mechanism,1,NA,10,NA,NA
exp6_frontier,tree_high_naive_baseline_1_k8s,welfare,mechanism,3.8865706627164407,NA,10,NA,NA
exp6_frontier,tree_high_naive_baseline_1_k8s,tokens_admitted,mechanism,99.968,NA,10,NA,NA
exp6_frontier,tree_high_naive_baseline_1_k8s,median_latency,mechanism,410.7744979246767,NA,10,NA,NA
exp6_frontier,tree_high_naive_baseline_1_k8s,alloc_ratio,mechanism,0.9237409428044021,NA,10,NA,NA
exp6_frontier,tree_high_naive_baseline_1_k8s,welfare_vs_posted_at_matched_volume,mechanism,0.8220844578429378,NA,10,NA,NA
exp6_frontier,tree_high_naive_baseline_1_k8s,welfare_vs_posted_at_matched_latency,mechanism,NA,NA,10,NA,NA
exp6_frontier,tree_high_naive_baseline_1_market,welfare,mechanism,15.734710437615993,NA,10,NA,NA
exp6_frontier,tree_high_naive_baseline_1_market,tokens_admitted,mechanism,94.6685,NA,10,NA,NA
exp6_frontier,tree_high_naive_baseline_1_market,median_latency,mechanism,311.7969809562448,NA,10,NA,NA
exp6_frontier,tree_high_naive_baseline_1_market,alloc_ratio,mechanism,0.9508276324672115,NA,10,NA,NA
exp6_frontier,tree_high_naive_baseline_1_market,welfare_vs_posted_at_matched_volume,mechanism,0.861832040137777,NA,10,NA,NA
exp6_frontier,tree_high_naive_baseline_1_market,welfare_vs_posted_at_matched_latency,mechanism,0.9334316971334247,NA,10,NA,NA
exp6_frontier,tree_high_naive_baseline_1_market_asc,welfare,mechanism,6.721417295548368,NA,10,NA,NA
exp6_frontier,tree_high_naive_baseline_1_market_asc,tokens_admitted,mechanism,99.781,NA,10,NA,NA
exp6_frontier,tree_high_naive_baseline_1_market_asc,median_latency,mechanism,346.56176186217175,NA,10,NA,NA
exp6_frontier,tree_high_naive_baseline_1_market_asc,alloc_ratio,mechanism,0.9899391236519529,NA,10,NA,NA
exp6_frontier,tree_high_naive_baseline_1_market_asc,welfare_vs_posted_at_matched_volume,mechanism,1.2901732682692435,NA,10,NA,NA
exp6_frontier,tree_high_naive_baseline_1_market_asc,welfare_vs_posted_at_matched_latency,mechanism,0.5950273745038284,NA,10,NA,NA
exp6_frontier,tree_high_naive_baseline_1_market_cc,welfare,mechanism,5.4498300155573185,NA,10,NA,NA
exp6_frontier,tree_high_naive_baseline_1_market_cc,tokens_admitted,mechanism,52.349000000000004,NA,10,NA,NA
exp6_frontier,tree_high_naive_baseline_1_market_cc,median_latency,mechanism,348.62098049737114,NA,10,NA,NA
exp6_frontier,tree_high_naive_baseline_1_market_cc,alloc_ratio,mechanism,0.5246083011996338,NA,10,NA,NA
exp6_frontier,tree_high_naive_baseline_1_market_cc,welfare_vs_posted_at_matched_volume,mechanism,0.13195658963409646,NA,10,NA,NA
exp6_frontier,tree_high_naive_baseline_1_market_cc,welfare_vs_posted_at_matched_latency,mechanism,0.4967994561561672,NA,10,NA,NA
exp6_frontier,tree_high_naive_baseline_1_posted_price,welfare,mechanism,4.727739354666672,NA,10,NA,NA
exp6_frontier,tree_high_naive_baseline_1_posted_price,tokens_admitted,mechanism,99.968,NA,10,NA,NA
exp6_frontier,tree_high_naive_baseline_1_posted_price,median_latency,mechanism,389.10014131236284,NA,10,NA,NA
exp6_frontier,tree_high_naive_baseline_1_posted_price,alloc_ratio,mechanism,0.9988124801105831,NA,10,NA,NA
exp6_frontier,tree_high_naive_baseline_1_posted_price,welfare_vs_posted_at_matched_volume,mechanism,NA,NA,10,NA,NA
exp6_frontier,tree_high_naive_baseline_1_posted_price,welfare_vs_posted_at_matched_latency,mechanism,NA,NA,10,NA,NA
exp6_frontier,tree_high_naive_baseline_1_posted_price_edf,welfare,mechanism,3.875958715712088,NA,10,NA,NA
exp6_frontier,tree_high_naive_baseline_1_posted_price_edf,tokens_admitted,mechanism,99.9675,NA,10,NA,NA
exp6_frontier,tree_high_naive_baseline_1_posted_price_edf,median_latency,mechanism,410.2851979860992,NA,10,NA,NA
exp6_frontier,tree_high_naive_baseline_1_posted_price_edf,alloc_ratio,mechanism,0.9238211181807262,NA,10,NA,NA
exp6_frontier,tree_high_naive_baseline_1_posted_price_edf,welfare_vs_posted_at_matched_volume,mechanism,0.8195368941832661,NA,10,NA,NA
exp6_frontier,tree_high_naive_baseline_1_posted_price_edf,welfare_vs_posted_at_matched_latency,mechanism,NA,NA,10,NA,NA
exp6_frontier,tree_high_naive_baseline_1_posted_price_fcfs,welfare,mechanism,3.907256773147629,NA,10,NA,NA
exp6_frontier,tree_high_naive_baseline_1_posted_price_fcfs,tokens_admitted,mechanism,99.968,NA,10,NA,NA
exp6_frontier,tree_high_naive_baseline_1_posted_price_fcfs,median_latency,mechanism,409.4538601896465,NA,10,NA,NA
exp6_frontier,tree_high_naive_baseline_1_posted_price_fcfs,alloc_ratio,mechanism,0.9237371893616744,NA,10,NA,NA
exp6_frontier,tree_high_naive_baseline_1_posted_price_fcfs,welfare_vs_posted_at_matched_volume,mechanism,0.8264187357393321,NA,10,NA,NA
exp6_frontier,tree_high_naive_baseline_1_posted_price_fcfs,welfare_vs_posted_at_matched_latency,mechanism,NA,NA,10,NA,NA
exp6_frontier,tree_high_naive_baseline_1_posted_price_matched,welfare,mechanism,4.727739354666672,NA,10,NA,NA
exp6_frontier,tree_high_naive_baseline_1_posted_price_matched,tokens_admitted,mechanism,99.968,NA,10,NA,NA
exp6_frontier,tree_high_naive_baseline_1_posted_price_matched,median_latency,mechanism,389.10014131236284,NA,10,NA,NA
exp6_frontier,tree_high_naive_baseline_1_posted_price_matched,alloc_ratio,mechanism,0.9988124801105831,NA,10,NA,NA
exp6_frontier,tree_high_naive_baseline_1_posted_price_matched,welfare_vs_posted_at_matched_volume,mechanism,1,NA,10,NA,NA
exp6_frontier,tree_high_naive_baseline_1_posted_price_matched,welfare_vs_posted_at_matched_latency,mechanism,1,NA,10,NA,NA
exp6_frontier,tree_high_naive_baseline_1_random,welfare,mechanism,3.9219482179213023,NA,10,NA,NA
exp6_frontier,tree_high_naive_baseline_1_random,tokens_admitted,mechanism,99.968,NA,10,NA,NA
exp6_frontier,tree_high_naive_baseline_1_random,median_latency,mechanism,410.07113898454975,NA,10,NA,NA
exp6_frontier,tree_high_naive_baseline_1_random,alloc_ratio,mechanism,0.9237777897920703,NA,10,NA,NA
exp6_frontier,tree_high_naive_baseline_1_random,welfare_vs_posted_at_matched_volume,mechanism,0.8295828397374136,NA,10,NA,NA
exp6_frontier,tree_high_naive_baseline_1_random,welfare_vs_posted_at_matched_latency,mechanism,NA,NA,10,NA,NA
exp6_frontier,tree_high_naive_baseline_1.25_posted_price,welfare,mechanism,4.928872905577562,NA,10,NA,NA
exp6_frontier,tree_high_naive_baseline_1.25_posted_price,tokens_admitted,mechanism,99.912,NA,10,NA,NA
exp6_frontier,tree_high_naive_baseline_1.25_posted_price,median_latency,mechanism,387.9495278527018,NA,10,NA,NA
exp6_frontier,tree_high_naive_baseline_1.25_posted_price,alloc_ratio,mechanism,0.998392197160408,NA,10,NA,NA
exp6_frontier,tree_high_naive_baseline_1.25_posted_price,welfare_vs_posted_at_matched_volume,mechanism,NA,NA,10,NA,NA
exp6_frontier,tree_high_naive_baseline_1.25_posted_price,welfare_vs_posted_at_matched_latency,mechanism,NA,NA,10,NA,NA
exp6_frontier,tree_high_naive_baseline_1.25_posted_price_edf,welfare,mechanism,4.184764639882171,NA,10,NA,NA
exp6_frontier,tree_high_naive_baseline_1.25_posted_price_edf,tokens_admitted,mechanism,99.9055,NA,10,NA,NA
exp6_frontier,tree_high_naive_baseline_1.25_posted_price_edf,median_latency,mechanism,406.24753317917066,NA,10,NA,NA
exp6_frontier,tree_high_naive_baseline_1.25_posted_price_edf,alloc_ratio,mechanism,0.9261691796675685,NA,10,NA,NA
exp6_frontier,tree_high_naive_baseline_1.25_posted_price_edf,welfare_vs_posted_at_matched_volume,mechanism,0.8478415213543778,NA,10,NA,NA
exp6_frontier,tree_high_naive_baseline_1.25_posted_price_edf,welfare_vs_posted_at_matched_latency,mechanism,NA,NA,10,NA,NA
exp6_frontier,tree_high_naive_baseline_1.25_posted_price_fcfs,welfare,mechanism,4.144687824142421,NA,10,NA,NA
exp6_frontier,tree_high_naive_baseline_1.25_posted_price_fcfs,tokens_admitted,mechanism,99.9155,NA,10,NA,NA
exp6_frontier,tree_high_naive_baseline_1.25_posted_price_fcfs,median_latency,mechanism,407.3061079113436,NA,10,NA,NA
exp6_frontier,tree_high_naive_baseline_1.25_posted_price_fcfs,alloc_ratio,mechanism,0.9249434717077922,NA,10,NA,NA
exp6_frontier,tree_high_naive_baseline_1.25_posted_price_fcfs,welfare_vs_posted_at_matched_volume,mechanism,0.84386564356540394,NA,10,NA,NA
exp6_frontier,tree_high_naive_baseline_1.25_posted_price_fcfs,welfare_vs_posted_at_matched_latency,mechanism,NA,NA,10,NA,NA
exp6_frontier,tree_high_naive_baseline_1.5_posted_price,welfare,mechanism,5.9628993921547595,NA,10,NA,NA
exp6_frontier,tree_high_naive_baseline_1.5_posted_price,tokens_admitted,mechanism,99.4235,NA,10,NA,NA
exp6_frontier,tree_high_naive_baseline_1.5_posted_price,median_latency,mechanism,381.8117825124084,NA,10,NA,NA
exp6_frontier,tree_high_naive_baseline_1.5_posted_price,alloc_ratio,mechanism,0.9943486991900939,NA,10,NA,NA
exp6_frontier,tree_high_naive_baseline_1.5_posted_price,welfare_vs_posted_at_matched_volume,mechanism,NA,NA,10,NA,NA
exp6_frontier,tree_high_naive_baseline_1.5_posted_price,welfare_vs_posted_at_matched_latency,mechanism,NA,NA,10,NA,NA
exp6_frontier,tree_high_naive_baseline_1.5_posted_price_edf,welfare,mechanism,5.846167536780721,NA,10,NA,NA
exp6_frontier,tree_high_naive_baseline_1.5_posted_price_edf,tokens_admitted,mechanism,99.329,NA,10,NA,NA
exp6_frontier,tree_high_naive_baseline_1.5_posted_price_edf,median_latency,mechanism,384.97555320720824,NA,10,NA,NA
exp6_frontier,tree_high_naive_baseline_1.5_posted_price_edf,alloc_ratio,mechanism,0.9429159098960287,NA,10,NA,NA
exp6_frontier,tree_high_naive_baseline_1.5_posted_price_edf,welfare_vs_posted_at_matched_volume,mechanism,0.9406000447123687,NA,10,NA,NA
exp6_frontier,tree_high_naive_baseline_1.5_posted_price_edf,welfare_vs_posted_at_matched_latency,mechanism,1.082396920560745,NA,10,NA,NA
exp6_frontier,tree_high_naive_baseline_1.5_posted_price_fcfs,welfare,mechanism,5.6115485172119435,NA,10,NA,NA
exp6_frontier,tree_high_naive_baseline_1.5_posted_price_fcfs,tokens_admitted,mechanism,99.408,NA,10,NA,NA
exp6_frontier,tree_high_naive_baseline_1.5_posted_price_fcfs,median_latency,mechanism,387.28250165247584,NA,10,NA,NA
exp6_frontier,tree_high_naive_baseline_1.5_posted_price_fcfs,alloc_ratio,mechanism,0.9394721907186165,NA,10,NA,NA
exp6_frontier,tree_high_naive_baseline_1.5_posted_price_fcfs,welfare_vs_posted_at_matched_volume,mechanism,0.9335513166155,NA,10,NA,NA
exp6_frontier,tree_high_naive_baseline_1.5_posted_price_fcfs,welfare_vs_posted_at_matched_latency,mechanism,1.0818753307947973,NA,10,NA,NA
exp6_frontier,tree_high_naive_baseline_1.75_posted_price,welfare,mechanism,12.970254995954024,NA,10,NA,NA
exp6_frontier,tree_high_naive_baseline_1.75_posted_price,tokens_admitted,mechanism,96.791,NA,10,NA,NA
exp6_frontier,tree_high_naive_baseline_1.75_posted_price,median_latency,mechanism,335.53125518661886,NA,10,NA,NA
exp6_frontier,tree_high_naive_baseline_1.75_posted_price,alloc_ratio,mechanism,0.9728668770647388,NA,10,NA,NA
exp6_frontier,tree_high_naive_baseline_1.75_posted_price,welfare_vs_posted_at_matched_volume,mechanism,NA,NA,10,NA,NA
exp6_frontier,tree_high_naive_baseline_1.75_posted_price,welfare_vs_posted_at_matched_latency,mechanism,NA,NA,10,NA,NA
exp6_frontier,tree_high_naive_baseline_1.75_posted_price_edf,welfare,mechanism,13.849354654702964,NA,10,NA,NA
exp6_frontier,tree_high_naive_baseline_1.75_posted_price_edf,tokens_admitted,mechanism,96.5125,NA,10,NA,NA
exp6_frontier,tree_high_naive_baseline_1.75_posted_price_edf,median_latency,mechanism,330.40028900985635,NA,10,NA,NA
exp6_frontier,tree_high_naive_baseline_1.75_posted_price_edf,alloc_ratio,mechanism,0.9519447186862906,NA,10,NA,NA
exp6_frontier,tree_high_naive_baseline_1.75_posted_price_edf,welfare_vs_posted_at_matched_volume,mechanism,1.0161020829951348,NA,10,NA,NA
exp6_frontier,tree_high_naive_baseline_1.75_posted_price_edf,welfare_vs_posted_at_matched_latency,mechanism,1.0031141189692516,NA,10,NA,NA
exp6_frontier,tree_high_naive_baseline_1.75_posted_price_fcfs,welfare,mechanism,13.229362442801932,NA,10,NA,NA
exp6_frontier,tree_high_naive_baseline_1.75_posted_price_fcfs,tokens_admitted,mechanism,96.7445,NA,10,NA,NA
exp6_frontier,tree_high_naive_baseline_1.75_posted_price_fcfs,median_latency,mechanism,335.32591930462655,NA,10,NA,NA
exp6_frontier,tree_high_naive_baseline_1.75_posted_price_fcfs,alloc_ratio,mechanism,0.9531357737763552,NA,10,NA,NA
exp6_frontier,tree_high_naive_baseline_1.75_posted_price_fcfs,welfare_vs_posted_at_matched_volume,mechanism,1.012408386085889,NA,10,NA,NA
exp6_frontier,tree_high_naive_baseline_1.75_posted_price_fcfs,welfare_vs_posted_at_matched_latency,mechanism,1.0165649706959436,NA,10,NA,NA
exp6_frontier,tree_high_naive_baseline_2_posted_price,welfare,mechanism,33.43497526989811,NA,10,NA,NA
exp6_frontier,tree_high_naive_baseline_2_posted_price,tokens_admitted,mechanism,88.594,NA,10,NA,NA
exp6_frontier,tree_high_naive_baseline_2_posted_price,median_latency,mechanism,211.44336574303787,NA,10,NA,NA
exp6_frontier,tree_high_naive_baseline_2_posted_price,alloc_ratio,mechanism,0.9048409769233493,NA,10,NA,NA
exp6_frontier,tree_high_naive_baseline_2_posted_price,welfare_vs_posted_at_matched_volume,mechanism,NA,NA,10,NA,NA
exp6_frontier,tree_high_naive_baseline_2_posted_price,welfare_vs_posted_at_matched_latency,mechanism,NA,NA,10,NA,NA
exp6_frontier,tree_high_naive_baseline_2_posted_price_edf,welfare,mechanism,33.45259445449301,NA,10,NA,NA
exp6_frontier,tree_high_naive_baseline_2_posted_price_edf,tokens_admitted,mechanism,88.419,NA,10,NA,NA
exp6_frontier,tree_high_naive_baseline_2_posted_price_edf,median_latency,mechanism,211.72296826376538,NA,10,NA,NA
exp6_frontier,tree_high_naive_baseline_2_posted_price_edf,alloc_ratio,mechanism,0.8976630373334955,NA,10,NA,NA
exp6_frontier,tree_high_naive_baseline_2_posted_price_edf,welfare_vs_posted_at_matched_volume,mechanism,0.9959115879749841,NA,10,NA,NA
exp6_frontier,tree_high_naive_baseline_2_posted_price_edf,welfare_vs_posted_at_matched_latency,mechanism,1.002229009221049,NA,10,NA,NA
exp6_frontier,tree_high_naive_baseline_2_posted_price_fcfs,welfare,mechanism,33.40407598100508,NA,10,NA,NA
exp6_frontier,tree_high_naive_baseline_2_posted_price_fcfs,tokens_admitted,mechanism,88.5755,NA,10,NA,NA
exp6_frontier,tree_high_naive_baseline_2_posted_price_fcfs,median_latency,mechanism,211.38066982304363,NA,10,NA,NA
exp6_frontier,tree_high_naive_baseline_2_posted_price_fcfs,alloc_ratio,mechanism,0.8990490877050948,NA,10,NA,NA
exp6_frontier,tree_high_naive_baseline_2_posted_price_fcfs,welfare_vs_posted_at_matched_volume,mechanism,1.000118346051735,NA,10,NA,NA
exp6_frontier,tree_high_naive_baseline_2_posted_price_fcfs,welfare_vs_posted_at_matched_latency,mechanism,0.9991465109662161,NA,10,NA,NA
exp6_frontier,tree_high_naive_baseline_2_posted_price_matched,welfare,mechanism,33.43497526989811,NA,10,NA,NA
exp6_frontier,tree_high_naive_baseline_2_posted_price_matched,tokens_admitted,mechanism,88.594,NA,10,NA,NA
exp6_frontier,tree_high_naive_baseline_2_posted_price_matched,median_latency,mechanism,211.44336574303787,NA,10,NA,NA
exp6_frontier,tree_high_naive_baseline_2_posted_price_matched,alloc_ratio,mechanism,0.9048409769233493,NA,10,NA,NA
exp6_frontier,tree_high_naive_baseline_2_posted_price_matched,welfare_vs_posted_at_matched_volume,mechanism,1,NA,10,NA,NA
exp6_frontier,tree_high_naive_baseline_2_posted_price_matched,welfare_vs_posted_at_matched_latency,mechanism,1,NA,10,NA,NA
exp6_frontier,tree_high_naive_baseline_2.25_posted_price,welfare,mechanism,44.07683613806519,NA,10,NA,NA
exp6_frontier,tree_high_naive_baseline_2.25_posted_price,tokens_admitted,mechanism,76.8385,NA,10,NA,NA
exp6_frontier,tree_high_naive_baseline_2.25_posted_price,median_latency,mechanism,140.79883142202647,NA,10,NA,NA
exp6_frontier,tree_high_naive_baseline_2.25_posted_price,alloc_ratio,mechanism,0.8013184970680499,NA,10,NA,NA
exp6_frontier,tree_high_naive_baseline_2.25_posted_price,welfare_vs_posted_at_matched_volume,mechanism,NA,NA,10,NA,NA
exp6_frontier,tree_high_naive_baseline_2.25_posted_price,welfare_vs_posted_at_matched_latency,mechanism,NA,NA,10,NA,NA
exp6_frontier,tree_high_naive_baseline_2.25_posted_price_edf,welfare,mechanism,43.77045009021357,NA,10,NA,NA
exp6_frontier,tree_high_naive_baseline_2.25_posted_price_edf,tokens_admitted,mechanism,76.67,NA,10,NA,NA
exp6_frontier,tree_high_naive_baseline_2.25_posted_price_edf,median_latency,mechanism,141.67456329709924,NA,10,NA,NA
exp6_frontier,tree_high_naive_baseline_2.25_posted_price_edf,alloc_ratio,mechanism,0.7975379416106834,NA,10,NA,NA
exp6_frontier,tree_high_naive_baseline_2.25_posted_price_edf,welfare_vs_posted_at_matched_volume,mechanism,0.9922503375819908,NA,10,NA,NA
exp6_frontier,tree_high_naive_baseline_2.25_posted_price_edf,welfare_vs_posted_at_matched_latency,mechanism,0.9961188921045914,NA,10,NA,NA
exp6_frontier,tree_high_naive_baseline_2.25_posted_price_fcfs,welfare,mechanism,43.968922274619224,NA,10,NA,NA
exp6_frontier,tree_high_naive_baseline_2.25_posted_price_fcfs,tokens_admitted,mechanism,76.83500000000001,NA,10,NA,NA
exp6_frontier,tree_high_naive_baseline_2.25_posted_price_fcfs,median_latency,mechanism,141.25918989533204,NA,10,NA,NA
exp6_frontier,tree_high_naive_baseline_2.25_posted_price_fcfs,alloc_ratio,mechanism,0.7991996783222227,NA,10,NA,NA
exp6_frontier,tree_high_naive_baseline_2.25_posted_price_fcfs,welfare_vs_posted_at_matched_volume,mechanism,0.9983974116460361,NA,10,NA,NA
exp6_frontier,tree_high_naive_baseline_2.25_posted_price_fcfs,welfare_vs_posted_at_matched_latency,mechanism,0.9997332489699624,NA,10,NA,NA
exp6_frontier,tree_high_naive_baseline_2.5_posted_price,welfare,mechanism,46.38348295827657,NA,10,NA,NA
exp6_frontier,tree_high_naive_baseline_2.5_posted_price,tokens_admitted,mechanism,65.622,NA,10,NA,NA
exp6_frontier,tree_high_naive_baseline_2.5_posted_price,median_latency,mechanism,102.1211857820347,NA,10,NA,NA
exp6_frontier,tree_high_naive_baseline_2.5_posted_price,alloc_ratio,mechanism,0.6988324044800224,NA,10,NA,NA
exp6_frontier,tree_high_naive_baseline_2.5_posted_price,welfare_vs_posted_at_matched_volume,mechanism,NA,NA,10,NA,NA
exp6_frontier,tree_high_naive_baseline_2.5_posted_price,welfare_vs_posted_at_matched_latency,mechanism,NA,NA,10,NA,NA
exp6_frontier,tree_high_naive_baseline_2.5_posted_price_edf,welfare,mechanism,46.32680079806993,NA,10,NA,NA
exp6_frontier,tree_high_naive_baseline_2.5_posted_price_edf,tokens_admitted,mechanism,65.56400000000001,NA,10,NA,NA
exp6_frontier,tree_high_naive_baseline_2.5_posted_price_edf,median_latency,mechanism,102.33930607014919,NA,10,NA,NA
exp6_frontier,tree_high_naive_baseline_2.5_posted_price_edf,alloc_ratio,mechanism,0.6977604926668814,NA,10,NA,NA
exp6_frontier,tree_high_naive_baseline_2.5_posted_price_edf,welfare_vs_posted_at_matched_volume,mechanism,0.9992899830209078,NA,10,NA,NA
exp6_frontier,tree_high_naive_baseline_2.5_posted_price_edf,welfare_vs_posted_at_matched_latency,mechanism,1.0001646605735208,NA,10,NA,NA
exp6_frontier,tree_high_naive_baseline_2.5_posted_price_fcfs,welfare,mechanism,46.392339604349104,NA,10,NA,NA
exp6_frontier,tree_high_naive_baseline_2.5_posted_price_fcfs,tokens_admitted,mechanism,65.6,NA,10,NA,NA
exp6_frontier,tree_high_naive_baseline_2.5_posted_price_fcfs,median_latency,mechanism,102.24624905100731,NA,10,NA,NA
exp6_frontier,tree_high_naive_baseline_2.5_posted_price_fcfs,alloc_ratio,mechanism,0.6981452183818795,NA,10,NA,NA
exp6_frontier,tree_high_naive_baseline_2.5_posted_price_fcfs,welfare_vs_posted_at_matched_volume,mechanism,1.0005260066231714,NA,10,NA,NA
exp6_frontier,tree_high_naive_baseline_2.5_posted_price_fcfs,welfare_vs_posted_at_matched_latency,mechanism,1.0017320413606456,NA,10,NA,NA
exp6_frontier,tree_high_naive_baseline_3_posted_price,welfare,mechanism,38.02002376984126,NA,10,NA,NA
exp6_frontier,tree_high_naive_baseline_3_posted_price,tokens_admitted,mechanism,43.8575,NA,10,NA,NA
exp6_frontier,tree_high_naive_baseline_3_posted_price,median_latency,mechanism,75.87854043039653,NA,10,NA,NA
exp6_frontier,tree_high_naive_baseline_3_posted_price,alloc_ratio,mechanism,0.48866282491607577,NA,10,NA,NA
exp6_frontier,tree_high_naive_baseline_3_posted_price,welfare_vs_posted_at_matched_volume,mechanism,NA,NA,10,NA,NA
exp6_frontier,tree_high_naive_baseline_3_posted_price,welfare_vs_posted_at_matched_latency,mechanism,NA,NA,10,NA,NA
exp6_frontier,tree_high_naive_baseline_3_posted_price_edf,welfare,mechanism,38.021635827357336,NA,10,NA,NA
exp6_frontier,tree_high_naive_baseline_3_posted_price_edf,tokens_admitted,mechanism,43.8575,NA,10,NA,NA
exp6_frontier,tree_high_naive_baseline_3_posted_price_edf,median_latency,mechanism,75.874925856036,NA,10,NA,NA
exp6_frontier,tree_high_naive_baseline_3_posted_price_edf,alloc_ratio,mechanism,0.48866282491607577,NA,10,NA,NA
exp6_frontier,tree_high_naive_baseline_3_posted_price_edf,welfare_vs_posted_at_matched_volume,mechanism,1.0000425044531984,NA,10,NA,NA
exp6_frontier,tree_high_naive_baseline_3_posted_price_edf,welfare_vs_posted_at_matched_latency,mechanism,0.9995961628813529,NA,10,NA,NA
exp6_frontier,tree_high_naive_baseline_3_posted_price_fcfs,welfare,mechanism,38.019874812848315,NA,10,NA,NA
exp6_frontier,tree_high_naive_baseline_3_posted_price_fcfs,tokens_admitted,mechanism,43.8575,NA,10,NA,NA
exp6_frontier,tree_high_naive_baseline_3_posted_price_fcfs,median_latency,mechanism,75.86769303263861,NA,10,NA,NA
exp6_frontier,tree_high_naive_baseline_3_posted_price_fcfs,alloc_ratio,mechanism,0.48866282491607577,NA,10,NA,NA
exp6_frontier,tree_high_naive_baseline_3_posted_price_fcfs,welfare_vs_posted_at_matched_volume,mechanism,0.9999962983741704,NA,10,NA,NA
exp6_frontier,tree_high_naive_baseline_3_posted_price_fcfs,welfare_vs_posted_at_matched_latency,mechanism,0.99954674422516,NA,10,NA,NA
exp6_frontier,tree_high_naive_baseline_4_posted_price,welfare,mechanism,0,NA,10,NA,NA
exp6_frontier,tree_high_naive_baseline_4_posted_price,tokens_admitted,mechanism,0,NA,10,NA,NA
exp6_frontier,tree_high_naive_baseline_4_posted_price,median_latency,mechanism,NA,NA,10,NA,NA
exp6_frontier,tree_high_naive_baseline_4_posted_price,alloc_ratio,mechanism,0,NA,10,NA,NA
exp6_frontier,tree_high_naive_baseline_4_posted_price,welfare_vs_posted_at_matched_volume,mechanism,NA,NA,10,NA,NA
exp6_frontier,tree_high_naive_baseline_4_posted_price,welfare_vs_posted_at_matched_latency,mechanism,NA,NA,10,NA,NA
exp6_frontier,tree_high_naive_baseline_4_posted_price_edf,welfare,mechanism,0,NA,10,NA,NA
exp6_frontier,tree_high_naive_baseline_4_posted_price_edf,tokens_admitted,mechanism,0,NA,10,NA,NA
exp6_frontier,tree_high_naive_baseline_4_posted_price_edf,median_latency,mechanism,NA,NA,10,NA,NA
exp6_frontier,tree_high_naive_baseline_4_posted_price_edf,alloc_ratio,mechanism,0,NA,10,NA,NA
exp6_frontier,tree_high_naive_baseline_4_posted_price_edf,welfare_vs_posted_at_matched_volume,mechanism,NA,NA,10,NA,NA
exp6_frontier,tree_high_naive_baseline_4_posted_price_edf,welfare_vs_posted_at_matched_latency,mechanism,NA,NA,10,NA,NA
exp6_frontier,tree_high_naive_baseline_4_posted_price_fcfs,welfare,mechanism,0,NA,10,NA,NA
exp6_frontier,tree_high_naive_baseline_4_posted_price_fcfs,tokens_admitted,mechanism,0,NA,10,NA,NA
exp6_frontier,tree_high_naive_baseline_4_posted_price_fcfs,median_latency,mechanism,NA,NA,10,NA,NA
exp6_frontier,tree_high_naive_baseline_4_posted_price_fcfs,alloc_ratio,mechanism,0,NA,10,NA,NA
exp6_frontier,tree_high_naive_baseline_4_posted_price_fcfs,welfare_vs_posted_at_matched_volume,mechanism,NA,NA,10,NA,NA
exp6_frontier,tree_high_naive_baseline_4_posted_price_fcfs,welfare_vs_posted_at_matched_latency,mechanism,NA,NA,10,NA,NA
exp6_frontier,tree_high_naive_baseline_4_posted_price_matched,welfare,mechanism,0,NA,10,NA,NA
exp6_frontier,tree_high_naive_baseline_4_posted_price_matched,tokens_admitted,mechanism,0,NA,10,NA,NA
exp6_frontier,tree_high_naive_baseline_4_posted_price_matched,median_latency,mechanism,NA,NA,10,NA,NA
exp6_frontier,tree_high_naive_baseline_4_posted_price_matched,alloc_ratio,mechanism,0,NA,10,NA,NA
exp6_frontier,tree_high_naive_baseline_4_posted_price_matched,welfare_vs_posted_at_matched_volume,mechanism,NA,NA,10,NA,NA
exp6_frontier,tree_high_naive_baseline_4_posted_price_matched,welfare_vs_posted_at_matched_latency,mechanism,NA,NA,10,NA,NA
exp6_frontier,tree_high_naive_calibrated_1_edf,welfare,mechanism,56.96861806867984,NA,10,NA,NA
exp6_frontier,tree_high_naive_calibrated_1_edf,tokens_admitted,mechanism,99.968,NA,10,NA,NA
exp6_frontier,tree_high_naive_calibrated_1_edf,median_latency,mechanism,100.49473787288535,NA,10,NA,NA
exp6_frontier,tree_high_naive_calibrated_1_edf,alloc_ratio,mechanism,0.9236393129793785,NA,10,NA,NA
exp6_frontier,tree_high_naive_calibrated_1_edf,welfare_vs_posted_at_matched_volume,mechanism,0.913070548320378,NA,10,NA,NA
exp6_frontier,tree_high_naive_calibrated_1_edf,welfare_vs_posted_at_matched_latency,mechanism,NA,NA,10,NA,NA
exp6_frontier,tree_high_naive_calibrated_1_greedy_ev,welfare,mechanism,62.39238201074061,NA,10,NA,NA
exp6_frontier,tree_high_naive_calibrated_1_greedy_ev,tokens_admitted,mechanism,99.968,NA,10,NA,NA
exp6_frontier,tree_high_naive_calibrated_1_greedy_ev,median_latency,mechanism,99.21080573127912,NA,10,NA,NA
exp6_frontier,tree_high_naive_calibrated_1_greedy_ev,alloc_ratio,mechanism,0.9989760576849062,NA,10,NA,NA
exp6_frontier,tree_high_naive_calibrated_1_greedy_ev,welfare_vs_posted_at_matched_volume,mechanism,1,NA,10,NA,NA
exp6_frontier,tree_high_naive_calibrated_1_greedy_ev,welfare_vs_posted_at_matched_latency,mechanism,1,NA,10,NA,NA
exp6_frontier,tree_high_naive_calibrated_1_k8s,welfare,mechanism,56.979340780600815,NA,10,NA,NA
exp6_frontier,tree_high_naive_calibrated_1_k8s,tokens_admitted,mechanism,99.968,NA,10,NA,NA
exp6_frontier,tree_high_naive_calibrated_1_k8s,median_latency,mechanism,100.47320959305551,NA,10,NA,NA
exp6_frontier,tree_high_naive_calibrated_1_k8s,alloc_ratio,mechanism,0.9237409428044021,NA,10,NA,NA
exp6_frontier,tree_high_naive_calibrated_1_k8s,welfare_vs_posted_at_matched_volume,mechanism,0.9132430357533154,NA,10,NA,NA
exp6_frontier,tree_high_naive_calibrated_1_k8s,welfare_vs_posted_at_matched_latency,mechanism,NA,NA,10,NA,NA
exp6_frontier,tree_high_naive_calibrated_1_market,welfare,mechanism,61.652409068808744,NA,10,NA,NA
exp6_frontier,tree_high_naive_calibrated_1_market,tokens_admitted,mechanism,94.989,NA,10,NA,NA
exp6_frontier,tree_high_naive_calibrated_1_market,median_latency,mechanism,95.1065482763782,NA,10,NA,NA
exp6_frontier,tree_high_naive_calibrated_1_market,alloc_ratio,mechanism,0.954050884832181,NA,10,NA,NA
exp6_frontier,tree_high_naive_calibrated_1_market,welfare_vs_posted_at_matched_volume,mechanism,0.9935659072811361,NA,10,NA,NA
exp6_frontier,tree_high_naive_calibrated_1_market,welfare_vs_posted_at_matched_latency,mechanism,0.9935418393004165,NA,10,NA,NA
exp6_frontier,tree_high_naive_calibrated_1_market_asc,welfare,mechanism,64.05300710440362,NA,10,NA,NA
exp6_frontier,tree_high_naive_calibrated_1_market_asc,tokens_admitted,mechanism,99.779,NA,10,NA,NA
exp6_frontier,tree_high_naive_calibrated_1_market_asc,median_latency,mechanism,95.73771023542228,NA,10,NA,NA
exp6_frontier,tree_high_naive_calibrated_1_market_asc,alloc_ratio,mechanism,0.9899126477915655,NA,10,NA,NA
exp6_frontier,tree_high_naive_calibrated_1_market_asc,welfare_vs_posted_at_matched_volume,mechanism,1.0267904112517403,NA,10,NA,NA
exp6_frontier,tree_high_naive_calibrated_1_market_asc,welfare_vs_posted_at_matched_latency,mechanism,1.0321988520932186,NA,10,NA,NA
exp6_frontier,tree_high_naive_calibrated_1_market_cc,welfare,mechanism,34.86836956075831,NA,10,NA,NA
exp6_frontier,tree_high_naive_calibrated_1_market_cc,tokens_admitted,mechanism,55.1275,NA,10,NA,NA
exp6_frontier,tree_high_naive_calibrated_1_market_cc,median_latency,mechanism,97.40619867250713,NA,10,NA,NA
exp6_frontier,tree_high_naive_calibrated_1_market_cc,alloc_ratio,mechanism,0.5528040930716981,NA,10,NA,NA
exp6_frontier,tree_high_naive_calibrated_1_market_cc,welfare_vs_posted_at_matched_volume,mechanism,0.7423268870125271,NA,10,NA,NA
exp6_frontier,tree_high_naive_calibrated_1_market_cc,welfare_vs_posted_at_matched_latency,mechanism,0.5612736238651727,NA,10,NA,NA
exp6_frontier,tree_high_naive_calibrated_1_posted_price,welfare,mechanism,62.39238201074061,NA,10,NA,NA
exp6_frontier,tree_high_naive_calibrated_1_posted_price,tokens_admitted,mechanism,99.968,NA,10,NA,NA
exp6_frontier,tree_high_naive_calibrated_1_posted_price,median_latency,mechanism,99.21080573127912,NA,10,NA,NA
exp6_frontier,tree_high_naive_calibrated_1_posted_price,alloc_ratio,mechanism,0.9989760576849062,NA,10,NA,NA
exp6_frontier,tree_high_naive_calibrated_1_posted_price,welfare_vs_posted_at_matched_volume,mechanism,NA,NA,10,NA,NA
exp6_frontier,tree_high_naive_calibrated_1_posted_price,welfare_vs_posted_at_matched_latency,mechanism,NA,NA,10,NA,NA
exp6_frontier,tree_high_naive_calibrated_1_posted_price_edf,welfare,mechanism,56.96681495660249,NA,10,NA,NA
exp6_frontier,tree_high_naive_calibrated_1_posted_price_edf,tokens_admitted,mechanism,99.968,NA,10,NA,NA
exp6_frontier,tree_high_naive_calibrated_1_posted_price_edf,median_latency,mechanism,100.50901818772132,NA,10,NA,NA
exp6_frontier,tree_high_naive_calibrated_1_posted_price_edf,alloc_ratio,mechanism,0.9237505392866366,NA,10,NA,NA
exp6_frontier,tree_high_naive_calibrated_1_posted_price_edf,welfare_vs_posted_at_matched_volume,mechanism,0.9130415416921834,NA,10,NA,NA
exp6_frontier,tree_high_naive_calibrated_1_posted_price_edf,welfare_vs_posted_at_matched_latency,mechanism,NA,NA,10,NA,NA
exp6_frontier,tree_high_naive_calibrated_1_posted_price_fcfs,welfare,mechanism,56.99310952993062,NA,10,NA,NA
exp6_frontier,tree_high_naive_calibrated_1_posted_price_fcfs,tokens_admitted,mechanism,99.968,NA,10,NA,NA
exp6_frontier,tree_high_naive_calibrated_1_posted_price_fcfs,median_latency,mechanism,100.47199452240677,NA,10,NA,NA
exp6_frontier,tree_high_naive_calibrated_1_posted_price_fcfs,alloc_ratio,mechanism,0.9236959043156326,NA,10,NA,NA
exp6_frontier,tree_high_naive_calibrated_1_posted_price_fcfs,welfare_vs_posted_at_matched_volume,mechanism,0.9134621556359688,NA,10,NA,NA
exp6_frontier,tree_high_naive_calibrated_1_posted_price_fcfs,welfare_vs_posted_at_matched_latency,mechanism,NA,NA,10,NA,NA
exp6_frontier,tree_high_naive_calibrated_1_posted_price_matched,welfare,mechanism,62.39238201074061,NA,10,NA,NA
exp6_frontier,tree_high_naive_calibrated_1_posted_price_matched,tokens_admitted,mechanism,99.968,NA,10,NA,NA
exp6_frontier,tree_high_naive_calibrated_1_posted_price_matched,median_latency,mechanism,99.21080573127912,NA,10,NA,NA
exp6_frontier,tree_high_naive_calibrated_1_posted_price_matched,alloc_ratio,mechanism,0.9989760576849062,NA,10,NA,NA
exp6_frontier,tree_high_naive_calibrated_1_posted_price_matched,welfare_vs_posted_at_matched_volume,mechanism,1,NA,10,NA,NA
exp6_frontier,tree_high_naive_calibrated_1_posted_price_matched,welfare_vs_posted_at_matched_latency,mechanism,1,NA,10,NA,NA
exp6_frontier,tree_high_naive_calibrated_1_random,welfare,mechanism,57.023359516786144,NA,10,NA,NA
exp6_frontier,tree_high_naive_calibrated_1_random,tokens_admitted,mechanism,99.968,NA,10,NA,NA
exp6_frontier,tree_high_naive_calibrated_1_random,median_latency,mechanism,100.44522381288579,NA,10,NA,NA
exp6_frontier,tree_high_naive_calibrated_1_random,alloc_ratio,mechanism,0.9237777897920703,NA,10,NA,NA
exp6_frontier,tree_high_naive_calibrated_1_random,welfare_vs_posted_at_matched_volume,mechanism,0.9139471463139937,NA,10,NA,NA
exp6_frontier,tree_high_naive_calibrated_1_random,welfare_vs_posted_at_matched_latency,mechanism,NA,NA,10,NA,NA
exp6_frontier,tree_high_naive_calibrated_1.25_posted_price,welfare,mechanism,62.39862252391201,NA,10,NA,NA
exp6_frontier,tree_high_naive_calibrated_1.25_posted_price,tokens_admitted,mechanism,99.92699999999999,NA,10,NA,NA
exp6_frontier,tree_high_naive_calibrated_1.25_posted_price,median_latency,mechanism,99.16749410663662,NA,10,NA,NA
exp6_frontier,tree_high_naive_calibrated_1.25_posted_price,alloc_ratio,mechanism,0.9986680545988111,NA,10,NA,NA
exp6_frontier,tree_high_naive_calibrated_1.25_posted_price,welfare_vs_posted_at_matched_volume,mechanism,NA,NA,10,NA,NA
exp6_frontier,tree_high_naive_calibrated_1.25_posted_price,welfare_vs_posted_at_matched_latency,mechanism,NA,NA,10,NA,NA
exp6_frontier,tree_high_naive_calibrated_1.25_posted_price_edf,welfare,mechanism,57.08381589336586,NA,10,NA,NA
exp6_frontier,tree_high_naive_calibrated_1.25_posted_price_edf,tokens_admitted,mechanism,99.9235,NA,10,NA,NA
exp6_frontier,tree_high_naive_calibrated_1.25_posted_price_edf,median_latency,mechanism,100.38813046083604,NA,10,NA,NA
exp6_frontier,tree_high_naive_calibrated_1.25_posted_price_edf,alloc_ratio,mechanism,0.9245706881573492,NA,10,NA,NA
exp6_frontier,tree_high_naive_calibrated_1.25_posted_price_edf,welfare_vs_posted_at_matched_volume,mechanism,0.9148355076109729,NA,10,NA,NA
exp6_frontier,tree_high_naive_calibrated_1.25_posted_price_edf,welfare_vs_posted_at_matched_latency,mechanism,NA,NA,10,NA,NA
exp6_frontier,tree_high_naive_calibrated_1.25_posted_price_fcfs,welfare,mechanism,57.11085640599397,NA,10,NA,NA
exp6_frontier,tree_high_naive_calibrated_1.25_posted_price_fcfs,tokens_admitted,mechanism,99.926,NA,10,NA,NA
exp6_frontier,tree_high_naive_calibrated_1.25_posted_price_fcfs,median_latency,mechanism,100.35878183446849,NA,10,NA,NA
exp6_frontier,tree_high_naive_calibrated_1.25_posted_price_fcfs,alloc_ratio,mechanism,0.9245351214477441,NA,10,NA,NA
exp6_frontier,tree_high_naive_calibrated_1.25_posted_price_fcfs,welfare_vs_posted_at_matched_volume,mechanism,0.9152619824365322,NA,10,NA,NA
exp6_frontier,tree_high_naive_calibrated_1.25_posted_price_fcfs,welfare_vs_posted_at_matched_latency,mechanism,NA,NA,10,NA,NA
exp6_frontier,tree_high_naive_calibrated_1.5_posted_price,welfare,mechanism,62.35321615679652,NA,10,NA,NA
exp6_frontier,tree_high_naive_calibrated_1.5_posted_price,tokens_admitted,mechanism,99.5295,NA,10,NA,NA
exp6_frontier,tree_high_naive_calibrated_1.5_posted_price,median_latency,mechanism,98.85732587015175,NA,10,NA,NA
exp6_frontier,tree_high_naive_calibrated_1.5_posted_price,alloc_ratio,mechanism,0.9953667736610017,NA,10,NA,NA
exp6_frontier,tree_high_naive_calibrated_1.5_posted_price,welfare_vs_posted_at_matched_volume,mechanism,NA,NA,10,NA,NA
exp6_frontier,tree_high_naive_calibrated_1.5_posted_price,welfare_vs_posted_at_matched_latency,mechanism,NA,NA,10,NA,NA
exp6_frontier,tree_high_naive_calibrated_1.5_posted_price_edf,welfare,mechanism,57.89267700758941,NA,10,NA,NA
exp6_frontier,tree_high_naive_calibrated_1.5_posted_price_edf,tokens_admitted,mechanism,99.527,NA,10,NA,NA
exp6_frontier,tree_high_naive_calibrated_1.5_posted_price_edf,median_latency,mechanism,99.5735478810885,NA,10,NA,NA
exp6_frontier,tree_high_naive_calibrated_1.5_posted_price_edf,alloc_ratio,mechanism,0.9307633688774035,NA,10,NA,NA
exp6_frontier,tree_high_naive_calibrated_1.5_posted_price_edf,welfare_vs_posted_at_matched_volume,mechanism,0.9284686601985502,NA,10,NA,NA
exp6_frontier,tree_high_naive_calibrated_1.5_posted_price_edf,welfare_vs_posted_at_matched_latency,mechanism,0.9268895956569666,NA,10,NA,NA
exp6_frontier,tree_high_naive_calibrated_1.5_posted_price_fcfs,welfare,mechanism,57.89637882328828,NA,10,NA,NA
exp6_frontier,tree_high_naive_calibrated_1.5_posted_price_fcfs,tokens_admitted,mechanism,99.5335,NA,10,NA,NA
exp6_frontier,tree_high_naive_calibrated_1.5_posted_price_fcfs,median_latency,mechanism,99.58338487941505,NA,10,NA,NA
exp6_frontier,tree_high_naive_calibrated_1.5_posted_price_fcfs,alloc_ratio,mechanism,0.9307297246278827,NA,10,NA,NA
exp6_frontier,tree_high_naive_calibrated_1.5_posted_price_fcfs,welfare_vs_posted_at_matched_volume,mechanism,0.9285060898757022,NA,10,NA,NA
exp6_frontier,tree_high_naive_calibrated_1.5_posted_price_fcfs,welfare_vs_posted_at_matched_latency,mechanism,NA,NA,10,NA,NA
exp6_frontier,tree_high_naive_calibrated_1.75_posted_price,welfare,mechanism,62.04848759333203,NA,10,NA,NA
exp6_frontier,tree_high_naive_calibrated_1.75_posted_price,tokens_admitted,mechanism,97.5595,NA,10,NA,NA
exp6_frontier,tree_high_naive_calibrated_1.75_posted_price,median_latency,mechanism,97.49761884263903,NA,10,NA,NA
exp6_frontier,tree_high_naive_calibrated_1.75_posted_price,alloc_ratio,mechanism,0.9792324921211271,NA,10,NA,NA
exp6_frontier,tree_high_naive_calibrated_1.75_posted_price,welfare_vs_posted_at_matched_volume,mechanism,NA,NA,10,NA,NA
exp6_frontier,tree_high_naive_calibrated_1.75_posted_price,welfare_vs_posted_at_matched_latency,mechanism,NA,NA,10,NA,NA
exp6_frontier,tree_high_naive_calibrated_1.75_posted_price_edf,welfare,mechanism,60.34026337821261,NA,10,NA,NA
exp6_frontier,tree_high_naive_calibrated_1.75_posted_price_edf,tokens_admitted,mechanism,97.586,NA,10,NA,NA
exp6_frontier,tree_high_naive_calibrated_1.75_posted_price_edf,median_latency,mechanism,97.7187164011493,NA,10,NA,NA
exp6_frontier,tree_high_naive_calibrated_1.75_posted_price_edf,alloc_ratio,mechanism,0.9538385499890096,NA,10,NA,NA
exp6_frontier,tree_high_naive_calibrated_1.75_posted_price_edf,welfare_vs_posted_at_matched_volume,mechanism,0.9723873249287303,NA,10,NA,NA
exp6_frontier,tree_high_naive_calibrated_1.75_posted_price_edf,welfare_vs_posted_at_matched_latency,mechanism,0.9716467072913437,NA,10,NA,NA
exp6_frontier,tree_high_naive_calibrated_1.75_posted_price_fcfs,welfare,mechanism,60.34393631118513,NA,10,NA,NA
exp6_frontier,tree_high_naive_calibrated_1.75_posted_price_fcfs,tokens_admitted,mechanism,97.5995,NA,10,NA,NA
exp6_frontier,tree_high_naive_calibrated_1.75_posted_price_fcfs,median_latency,mechanism,97.69288608953715,NA,10,NA,NA
exp6_frontier,tree_high_naive_calibrated_1.75_posted_price_fcfs,alloc_ratio,mechanism,0.9538863493392487,NA,10,NA,NA
exp6_frontier,tree_high_naive_calibrated_1.75_posted_price_fcfs,welfare_vs_posted_at_matched_volume,mechanism,0.9724379533874875,NA,10,NA,NA
exp6_frontier,tree_high_naive_calibrated_1.75_posted_price_fcfs,welfare_vs_posted_at_matched_latency,mechanism,0.9717622488003068,NA,10,NA,NA
exp6_frontier,tree_high_naive_calibrated_2_posted_price,welfare,mechanism,62.070211577912346,NA,10,NA,NA
exp6_frontier,tree_high_naive_calibrated_2_posted_price,tokens_admitted,mechanism,89.458,NA,10,NA,NA
exp6_frontier,tree_high_naive_calibrated_2_posted_price,median_latency,mechanism,89.84280353954527,NA,10,NA,NA
exp6_frontier,tree_high_naive_calibrated_2_posted_price,alloc_ratio,mechanism,0.9125218374757061,NA,10,NA,NA
exp6_frontier,tree_high_naive_calibrated_2_posted_price,welfare_vs_posted_at_matched_volume,mechanism,NA,NA,10,NA,NA
exp6_frontier,tree_high_naive_calibrated_2_posted_price,welfare_vs_posted_at_matched_latency,mechanism,NA,NA,10,NA,NA
exp6_frontier,tree_high_naive_calibrated_2_posted_price_edf,welfare,mechanism,61.67349337401623,NA,10,NA,NA
exp6_frontier,tree_high_naive_calibrated_2_posted_price_edf,tokens_admitted,mechanism,89.4775,NA,10,NA,NA
exp6_frontier,tree_high_naive_calibrated_2_posted_price_edf,median_latency,mechanism,89.93778281213791,NA,10,NA,NA
exp6_frontier,tree_high_naive_calibrated_2_posted_price_edf,alloc_ratio,mechanism,0.9068880158512896,NA,10,NA,NA
exp6_frontier,tree_high_naive_calibrated_2_posted_price_edf,welfare_vs_posted_at_matched_volume,mechanism,0.9936401775836234,NA,10,NA,NA
exp6_frontier,tree_high_naive_calibrated_2_posted_price_edf,welfare_vs_posted_at_matched_latency,mechanism,0.9936746936565755,NA,10,NA,NA
exp6_frontier,tree_high_naive_calibrated_2_posted_price_fcfs,welfare,mechanism,61.71458986795815,NA,10,NA,NA
exp6_frontier,tree_high_naive_calibrated_2_posted_price_fcfs,tokens_admitted,mechanism,89.475,NA,10,NA,NA
exp6_frontier,tree_high_naive_calibrated_2_posted_price_fcfs,median_latency,mechanism,89.86900979753523,NA,10,NA,NA
exp6_frontier,tree_high_naive_calibrated_2_posted_price_fcfs,alloc_ratio,mechanism,0.9068377036911661,NA,10,NA,NA
exp6_frontier,tree_high_naive_calibrated_2_posted_price_fcfs,welfare_vs_posted_at_matched_volume,mechanism,0.9942992917138768,NA,10,NA,NA
exp6_frontier,tree_high_naive_calibrated_2_posted_price_fcfs,welfare_vs_posted_at_matched_latency,mechanism,0.9944798759437694,NA,10,NA,NA
exp6_frontier,tree_high_naive_calibrated_2_posted_price_matched,welfare,mechanism,62.070211577912346,NA,10,NA,NA
exp6_frontier,tree_high_naive_calibrated_2_posted_price_matched,tokens_admitted,mechanism,89.458,NA,10,NA,NA
exp6_frontier,tree_high_naive_calibrated_2_posted_price_matched,median_latency,mechanism,89.84280353954527,NA,10,NA,NA
exp6_frontier,tree_high_naive_calibrated_2_posted_price_matched,alloc_ratio,mechanism,0.9125218374757061,NA,10,NA,NA
exp6_frontier,tree_high_naive_calibrated_2_posted_price_matched,welfare_vs_posted_at_matched_volume,mechanism,1,NA,10,NA,NA
exp6_frontier,tree_high_naive_calibrated_2_posted_price_matched,welfare_vs_posted_at_matched_latency,mechanism,1,NA,10,NA,NA
exp6_frontier,tree_high_naive_calibrated_2.25_posted_price,welfare,mechanism,59.2827119913962,NA,10,NA,NA
exp6_frontier,tree_high_naive_calibrated_2.25_posted_price,tokens_admitted,mechanism,77.4965,NA,10,NA,NA
exp6_frontier,tree_high_naive_calibrated_2.25_posted_price,median_latency,mechanism,81.77879830067045,NA,10,NA,NA
exp6_frontier,tree_high_naive_calibrated_2.25_posted_price,alloc_ratio,mechanism,0.8078756474526115,NA,10,NA,NA
exp6_frontier,tree_high_naive_calibrated_2.25_posted_price,welfare_vs_posted_at_matched_volume,mechanism,NA,NA,10,NA,NA
exp6_frontier,tree_high_naive_calibrated_2.25_posted_price,welfare_vs_posted_at_matched_latency,mechanism,NA,NA,10,NA,NA
exp6_frontier,tree_high_naive_calibrated_2.25_posted_price_edf,welfare,mechanism,59.12064600082883,NA,10,NA,NA
exp6_frontier,tree_high_naive_calibrated_2.25_posted_price_edf,tokens_admitted,mechanism,77.437,NA,10,NA,NA
exp6_frontier,tree_high_naive_calibrated_2.25_posted_price_edf,median_latency,mechanism,81.75530710133428,NA,10,NA,NA
exp6_frontier,tree_high_naive_calibrated_2.25_posted_price_edf,alloc_ratio,mechanism,0.8054015867067429,NA,10,NA,NA
exp6_frontier,tree_high_naive_calibrated_2.25_posted_price_edf,welfare_vs_posted_at_matched_volume,mechanism,0.9977904833592879,NA,10,NA,NA
exp6_frontier,tree_high_naive_calibrated_2.25_posted_price_edf,welfare_vs_posted_at_matched_latency,mechanism,0.9978578369990605,NA,10,NA,NA
exp6_frontier,tree_high_naive_calibrated_2.25_posted_price_fcfs,welfare,mechanism,59.09966192528323,NA,10,NA,NA
exp6_frontier,tree_high_naive_calibrated_2.25_posted_price_fcfs,tokens_admitted,mechanism,77.4235,NA,10,NA,NA
exp6_frontier,tree_high_naive_calibrated_2.25_posted_price_fcfs,median_latency,mechanism,81.74252023410583,NA,10,NA,NA
exp6_frontier,tree_high_naive_calibrated_2.25_posted_price_fcfs,alloc_ratio,mechanism,0.8051702637629292,NA,10,NA,NA
exp6_frontier,tree_high_naive_calibrated_2.25_posted_price_fcfs,welfare_vs_posted_at_matched_volume,mechanism,0.997543360893778,NA,10,NA,NA
exp6_frontier,tree_high_naive_calibrated_2.25_posted_price_fcfs,welfare_vs_posted_at_matched_latency,mechanism,0.9977149332474168,NA,10,NA,NA
exp6_frontier,tree_high_naive_calibrated_2.5_posted_price,welfare,mechanism,53.92700929199716,NA,10,NA,NA
exp6_frontier,tree_high_naive_calibrated_2.5_posted_price,tokens_admitted,mechanism,65.804,NA,10,NA,NA
exp6_frontier,tree_high_naive_calibrated_2.5_posted_price,median_latency,mechanism,76.85402032430518,NA,10,NA,NA
exp6_frontier,tree_high_naive_calibrated_2.5_posted_price,alloc_ratio,mechanism,0.7008117251645295,NA,10,NA,NA
exp6_frontier,tree_high_naive_calibrated_2.5_posted_price,welfare_vs_posted_at_matched_volume,mechanism,NA,NA,10,NA,NA
exp6_frontier,tree_high_naive_calibrated_2.5_posted_price,welfare_vs_posted_at_matched_latency,mechanism,NA,NA,10,NA,NA
exp6_frontier,tree_high_naive_calibrated_2.5_posted_price_edf,welfare,mechanism,53.878076696214194,NA,10,NA,NA
exp6_frontier,tree_high_naive_calibrated_2.5_posted_price_edf,tokens_admitted,mechanism,65.7775,NA,10,NA,NA
exp6_frontier,tree_high_naive_calibrated_2.5_posted_price_edf,median_latency,mechanism,76.85704419174756,NA,10,NA,NA
exp6_frontier,tree_high_naive_calibrated_2.5_posted_price_edf,alloc_ratio,mechanism,0.7000817592280077,NA,10,NA,NA
exp6_frontier,tree_high_naive_calibrated_2.5_posted_price_edf,welfare_vs_posted_at_matched_volume,mechanism,0.9994576314379741,NA,10,NA,NA
exp6_frontier,tree_high_naive_calibrated_2.5_posted_price_edf,welfare_vs_posted_at_matched_latency,mechanism,1.0004141730637144,NA,10,NA,NA
exp6_frontier,tree_high_naive_calibrated_2.5_posted_price_fcfs,welfare,mechanism,53.91048820996248,NA,10,NA,NA
exp6_frontier,tree_high_naive_calibrated_2.5_posted_price_fcfs,tokens_admitted,mechanism,65.804,NA,10,NA,NA
exp6_frontier,tree_high_naive_calibrated_2.5_posted_price_fcfs,median_latency,mechanism,76.86364457643703,NA,10,NA,NA
exp6_frontier,tree_high_naive_calibrated_2.5_posted_price_fcfs,alloc_ratio,mechanism,0.700391326757312,NA,10,NA,NA
exp6_frontier,tree_high_naive_calibrated_2.5_posted_price_fcfs,welfare_vs_posted_at_matched_volume,mechanism,0.9997064937531907,NA,10,NA,NA
exp6_frontier,tree_high_naive_calibrated_2.5_posted_price_fcfs,welfare_vs_posted_at_matched_latency,mechanism,0.9999631320746034,NA,10,NA,NA
exp6_frontier,tree_high_naive_calibrated_3_posted_price,welfare,mechanism,39.610884671412464,NA,10,NA,NA
exp6_frontier,tree_high_naive_calibrated_3_posted_price,tokens_admitted,mechanism,43.8575,NA,10,NA,NA
exp6_frontier,tree_high_naive_calibrated_3_posted_price,median_latency,mechanism,72.15454339771908,NA,10,NA,NA
exp6_frontier,tree_high_naive_calibrated_3_posted_price,alloc_ratio,mechanism,0.48866282491607577,NA,10,NA,NA
exp6_frontier,tree_high_naive_calibrated_3_posted_price,welfare_vs_posted_at_matched_volume,mechanism,NA,NA,10,NA,NA
exp6_frontier,tree_high_naive_calibrated_3_posted_price,welfare_vs_posted_at_matched_latency,mechanism,NA,NA,10,NA,NA
exp6_frontier,tree_high_naive_calibrated_3_posted_price_edf,welfare,mechanism,39.61249912809833,NA,10,NA,NA
exp6_frontier,tree_high_naive_calibrated_3_posted_price_edf,tokens_admitted,mechanism,43.8575,NA,10,NA,NA
exp6_frontier,tree_high_naive_calibrated_3_posted_price_edf,median_latency,mechanism,72.15788197988068,NA,10,NA,NA
exp6_frontier,tree_high_naive_calibrated_3_posted_price_edf,alloc_ratio,mechanism,0.48866282491607577,NA,10,NA,NA
exp6_frontier,tree_high_naive_calibrated_3_posted_price_edf,welfare_vs_posted_at_matched_volume,mechanism,1.000040841804678,NA,10,NA,NA
exp6_frontier,tree_high_naive_calibrated_3_posted_price_edf,welfare_vs_posted_at_matched_latency,mechanism,0.9988558871274622,NA,10,NA,NA
exp6_frontier,tree_high_naive_calibrated_3_posted_price_fcfs,welfare,mechanism,39.61061887275093,NA,10,NA,NA
exp6_frontier,tree_high_naive_calibrated_3_posted_price_fcfs,tokens_admitted,mechanism,43.8575,NA,10,NA,NA
exp6_frontier,tree_high_naive_calibrated_3_posted_price_fcfs,median_latency,mechanism,72.15726694565905,NA,10,NA,NA
exp6_frontier,tree_high_naive_calibrated_3_posted_price_fcfs,alloc_ratio,mechanism,0.48866282491607577,NA,10,NA,NA
exp6_frontier,tree_high_naive_calibrated_3_posted_price_fcfs,welfare_vs_posted_at_matched_volume,mechanism,0.9999934798153871,NA,10,NA,NA
exp6_frontier,tree_high_naive_calibrated_3_posted_price_fcfs,welfare_vs_posted_at_matched_latency,mechanism,0.9982766557889914,NA,10,NA,NA
exp6_frontier,tree_high_naive_calibrated_4_posted_price,welfare,mechanism,0,NA,10,NA,NA
exp6_frontier,tree_high_naive_calibrated_4_posted_price,tokens_admitted,mechanism,0,NA,10,NA,NA
exp6_frontier,tree_high_naive_calibrated_4_posted_price,median_latency,mechanism,NA,NA,10,NA,NA
exp6_frontier,tree_high_naive_calibrated_4_posted_price,alloc_ratio,mechanism,0,NA,10,NA,NA
exp6_frontier,tree_high_naive_calibrated_4_posted_price,welfare_vs_posted_at_matched_volume,mechanism,NA,NA,10,NA,NA
exp6_frontier,tree_high_naive_calibrated_4_posted_price,welfare_vs_posted_at_matched_latency,mechanism,NA,NA,10,NA,NA
exp6_frontier,tree_high_naive_calibrated_4_posted_price_edf,welfare,mechanism,0,NA,10,NA,NA
exp6_frontier,tree_high_naive_calibrated_4_posted_price_edf,tokens_admitted,mechanism,0,NA,10,NA,NA
exp6_frontier,tree_high_naive_calibrated_4_posted_price_edf,median_latency,mechanism,NA,NA,10,NA,NA
exp6_frontier,tree_high_naive_calibrated_4_posted_price_edf,alloc_ratio,mechanism,0,NA,10,NA,NA
exp6_frontier,tree_high_naive_calibrated_4_posted_price_edf,welfare_vs_posted_at_matched_volume,mechanism,NA,NA,10,NA,NA
exp6_frontier,tree_high_naive_calibrated_4_posted_price_edf,welfare_vs_posted_at_matched_latency,mechanism,NA,NA,10,NA,NA
exp6_frontier,tree_high_naive_calibrated_4_posted_price_fcfs,welfare,mechanism,0,NA,10,NA,NA
exp6_frontier,tree_high_naive_calibrated_4_posted_price_fcfs,tokens_admitted,mechanism,0,NA,10,NA,NA
exp6_frontier,tree_high_naive_calibrated_4_posted_price_fcfs,median_latency,mechanism,NA,NA,10,NA,NA
exp6_frontier,tree_high_naive_calibrated_4_posted_price_fcfs,alloc_ratio,mechanism,0,NA,10,NA,NA
exp6_frontier,tree_high_naive_calibrated_4_posted_price_fcfs,welfare_vs_posted_at_matched_volume,mechanism,NA,NA,10,NA,NA
exp6_frontier,tree_high_naive_calibrated_4_posted_price_fcfs,welfare_vs_posted_at_matched_latency,mechanism,NA,NA,10,NA,NA
exp6_frontier,tree_high_naive_calibrated_4_posted_price_matched,welfare,mechanism,0,NA,10,NA,NA
exp6_frontier,tree_high_naive_calibrated_4_posted_price_matched,tokens_admitted,mechanism,0,NA,10,NA,NA
exp6_frontier,tree_high_naive_calibrated_4_posted_price_matched,median_latency,mechanism,NA,NA,10,NA,NA
exp6_frontier,tree_high_naive_calibrated_4_posted_price_matched,alloc_ratio,mechanism,0,NA,10,NA,NA
exp6_frontier,tree_high_naive_calibrated_4_posted_price_matched,welfare_vs_posted_at_matched_volume,mechanism,NA,NA,10,NA,NA
exp6_frontier,tree_high_naive_calibrated_4_posted_price_matched,welfare_vs_posted_at_matched_latency,mechanism,NA,NA,10,NA,NA
exp6_frontier,tree_medium_hybrid_noema_baseline_1_edf,welfare,mechanism,50.675935573206594,NA,10,NA,NA
exp6_frontier,tree_medium_hybrid_noema_baseline_1_edf,tokens_admitted,mechanism,72.562,NA,10,NA,NA
exp6_frontier,tree_medium_hybrid_noema_baseline_1_edf,median_latency,mechanism,79.48576476903665,NA,10,NA,NA
exp6_frontier,tree_medium_hybrid_noema_baseline_1_edf,alloc_ratio,mechanism,0.8181172513899748,NA,10,NA,NA
exp6_frontier,tree_medium_hybrid_noema_baseline_1_edf,welfare_vs_posted_at_matched_volume,mechanism,0.9462811819526731,NA,10,NA,NA
exp6_frontier,tree_medium_hybrid_noema_baseline_1_edf,welfare_vs_posted_at_matched_latency,mechanism,0.9435095681773837,NA,10,NA,NA
exp6_frontier,tree_medium_hybrid_noema_baseline_1_greedy_ev,welfare,mechanism,53.5525457686921,NA,10,NA,NA
exp6_frontier,tree_medium_hybrid_noema_baseline_1_greedy_ev,tokens_admitted,mechanism,72.562,NA,10,NA,NA
exp6_frontier,tree_medium_hybrid_noema_baseline_1_greedy_ev,median_latency,mechanism,79.42020547312794,NA,10,NA,NA
exp6_frontier,tree_medium_hybrid_noema_baseline_1_greedy_ev,alloc_ratio,mechanism,0.8629302404920433,NA,10,NA,NA
exp6_frontier,tree_medium_hybrid_noema_baseline_1_greedy_ev,welfare_vs_posted_at_matched_volume,mechanism,1,NA,10,NA,NA
exp6_frontier,tree_medium_hybrid_noema_baseline_1_greedy_ev,welfare_vs_posted_at_matched_latency,mechanism,1,NA,10,NA,NA
exp6_frontier,tree_medium_hybrid_noema_baseline_1_k8s,welfare,mechanism,50.77504372845425,NA,10,NA,NA
exp6_frontier,tree_medium_hybrid_noema_baseline_1_k8s,tokens_admitted,mechanism,72.562,NA,10,NA,NA
exp6_frontier,tree_medium_hybrid_noema_baseline_1_k8s,median_latency,mechanism,79.26512329376587,NA,10,NA,NA
exp6_frontier,tree_medium_hybrid_noema_baseline_1_k8s,alloc_ratio,mechanism,0.8180473176892549,NA,10,NA,NA
exp6_frontier,tree_medium_hybrid_noema_baseline_1_k8s,welfare_vs_posted_at_matched_volume,mechanism,0.9481348392097118,NA,10,NA,NA
exp6_frontier,tree_medium_hybrid_noema_baseline_1_k8s,welfare_vs_posted_at_matched_latency,mechanism,0.9518276119407842,NA,10,NA,NA
exp6_frontier,tree_medium_hybrid_noema_baseline_1_market,welfare,mechanism,53.25480653928172,NA,10,NA,NA
exp6_frontier,tree_medium_hybrid_noema_baseline_1_market,tokens_admitted,mechanism,71.85,NA,10,NA,NA
exp6_frontier,tree_medium_hybrid_noema_baseline_1_market,median_latency,mechanism,79.15829727582931,NA,10,NA,NA
exp6_frontier,tree_medium_hybrid_noema_baseline_1_market,alloc_ratio,mechanism,0.8561987740001046,NA,10,NA,NA
exp6_frontier,tree_medium_hybrid_noema_baseline_1_market,welfare_vs_posted_at_matched_volume,mechanism,0.9995811009125523,NA,10,NA,NA
exp6_frontier,tree_medium_hybrid_noema_baseline_1_market,welfare_vs_posted_at_matched_latency,mechanism,1.0007898764954708,NA,10,NA,NA
exp6_frontier,tree_medium_hybrid_noema_baseline_1_market_asc,welfare,mechanism,53.54219497425027,NA,10,NA,NA
exp6_frontier,tree_medium_hybrid_noema_baseline_1_market_asc,tokens_admitted,mechanism,72.531,NA,10,NA,NA
exp6_frontier,tree_medium_hybrid_noema_baseline_1_market_asc,median_latency,mechanism,79.42331518913055,NA,10,NA,NA
exp6_frontier,tree_medium_hybrid_noema_baseline_1_market_asc,alloc_ratio,mechanism,0.8626416698127529,NA,10,NA,NA
exp6_frontier,tree_medium_hybrid_noema_baseline_1_market_asc,welfare_vs_posted_at_matched_volume,mechanism,1.0000079946039253,NA,10,NA,NA
exp6_frontier,tree_medium_hybrid_noema_baseline_1_market_asc,welfare_vs_posted_at_matched_latency,mechanism,1.0007132246755375,NA,10,NA,NA
exp6_frontier,tree_medium_hybrid_noema_baseline_1_market_cc,welfare,mechanism,37.401608507305376,NA,10,NA,NA
exp6_frontier,tree_medium_hybrid_noema_baseline_1_market_cc,tokens_admitted,mechanism,50.517,NA,10,NA,NA
exp6_frontier,tree_medium_hybrid_noema_baseline_1_market_cc,median_latency,mechanism,77.02672364191551,NA,10,NA,NA
exp6_frontier,tree_medium_hybrid_noema_baseline_1_market_cc,alloc_ratio,mechanism,0.5960774116544824,NA,10,NA,NA
exp6_frontier,tree_medium_hybrid_noema_baseline_1_market_cc,welfare_vs_posted_at_matched_volume,mechanism,0.8889318246304683,NA,10,NA,NA
exp6_frontier,tree_medium_hybrid_noema_baseline_1_market_cc,welfare_vs_posted_at_matched_latency,mechanism,0.7490934996803995,NA,10,NA,NA
exp6_frontier,tree_medium_hybrid_noema_baseline_1_market_posted_slice,welfare,mechanism,53.54910115598129,NA,10,NA,NA
exp6_frontier,tree_medium_hybrid_noema_baseline_1_market_posted_slice,tokens_admitted,mechanism,72.4915,NA,10,NA,NA
exp6_frontier,tree_medium_hybrid_noema_baseline_1_market_posted_slice,median_latency,mechanism,79.36717869515856,NA,10,NA,NA
exp6_frontier,tree_medium_hybrid_noema_baseline_1_market_posted_slice,alloc_ratio,mechanism,0.8624581660186489,NA,10,NA,NA
exp6_frontier,tree_medium_hybrid_noema_baseline_1_market_posted_slice,welfare_vs_posted_at_matched_volume,mechanism,1.000429822410557,NA,10,NA,NA
exp6_frontier,tree_medium_hybrid_noema_baseline_1_market_posted_slice,welfare_vs_posted_at_matched_latency,mechanism,1.0012344946038114,NA,10,NA,NA
exp6_frontier,tree_medium_hybrid_noema_baseline_1_posted_price,welfare,mechanism,53.5525457686921,NA,10,NA,NA
exp6_frontier,tree_medium_hybrid_noema_baseline_1_posted_price,tokens_admitted,mechanism,72.562,NA,10,NA,NA
exp6_frontier,tree_medium_hybrid_noema_baseline_1_posted_price,median_latency,mechanism,79.42020547312794,NA,10,NA,NA
exp6_frontier,tree_medium_hybrid_noema_baseline_1_posted_price,alloc_ratio,mechanism,0.8629302404920433,NA,10,NA,NA
exp6_frontier,tree_medium_hybrid_noema_baseline_1_posted_price,welfare_vs_posted_at_matched_volume,mechanism,NA,NA,10,NA,NA
exp6_frontier,tree_medium_hybrid_noema_baseline_1_posted_price,welfare_vs_posted_at_matched_latency,mechanism,NA,NA,10,NA,NA
exp6_frontier,tree_medium_hybrid_noema_baseline_1_posted_price_edf,welfare,mechanism,50.682199250043844,NA,10,NA,NA
exp6_frontier,tree_medium_hybrid_noema_baseline_1_posted_price_edf,tokens_admitted,mechanism,72.562,NA,10,NA,NA
exp6_frontier,tree_medium_hybrid_noema_baseline_1_posted_price_edf,median_latency,mechanism,79.48626910797114,NA,10,NA,NA
exp6_frontier,tree_medium_hybrid_noema_baseline_1_posted_price_edf,alloc_ratio,mechanism,0.8181930512635626,NA,10,NA,NA
exp6_frontier,tree_medium_hybrid_noema_baseline_1_posted_price_edf,welfare_vs_posted_at_matched_volume,mechanism,0.9464001308843932,NA,10,NA,NA
exp6_frontier,tree_medium_hybrid_noema_baseline_1_posted_price_edf,welfare_vs_posted_at_matched_latency,mechanism,NA,NA,10,NA,NA
exp6_frontier,tree_medium_hybrid_noema_baseline_1_posted_price_fcfs,welfare,mechanism,50.66687050104589,NA,10,NA,NA
exp6_frontier,tree_medium_hybrid_noema_baseline_1_posted_price_fcfs,tokens_admitted,mechanism,72.562,NA,10,NA,NA
exp6_frontier,tree_medium_hybrid_noema_baseline_1_posted_price_fcfs,median_latency,mechanism,79.46079258224616,NA,10,NA,NA
exp6_frontier,tree_medium_hybrid_noema_baseline_1_posted_price_fcfs,alloc_ratio,mechanism,0.8179396573689205,NA,10,NA,NA
exp6_frontier,tree_medium_hybrid_noema_baseline_1_posted_price_fcfs,welfare_vs_posted_at_matched_volume,mechanism,0.9461145556398413,NA,10,NA,NA
exp6_frontier,tree_medium_hybrid_noema_baseline_1_posted_price_fcfs,welfare_vs_posted_at_matched_latency,mechanism,0.9483904352048683,NA,10,NA,NA
exp6_frontier,tree_medium_hybrid_noema_baseline_1_posted_price_matched,welfare,mechanism,53.5525457686921,NA,10,NA,NA
exp6_frontier,tree_medium_hybrid_noema_baseline_1_posted_price_matched,tokens_admitted,mechanism,72.562,NA,10,NA,NA
exp6_frontier,tree_medium_hybrid_noema_baseline_1_posted_price_matched,median_latency,mechanism,79.42020547312794,NA,10,NA,NA
exp6_frontier,tree_medium_hybrid_noema_baseline_1_posted_price_matched,alloc_ratio,mechanism,0.8629302404920433,NA,10,NA,NA
exp6_frontier,tree_medium_hybrid_noema_baseline_1_posted_price_matched,welfare_vs_posted_at_matched_volume,mechanism,1,NA,10,NA,NA
exp6_frontier,tree_medium_hybrid_noema_baseline_1_posted_price_matched,welfare_vs_posted_at_matched_latency,mechanism,1,NA,10,NA,NA
exp6_frontier,tree_medium_hybrid_noema_baseline_1_random,welfare,mechanism,50.68605071005664,NA,10,NA,NA
exp6_frontier,tree_medium_hybrid_noema_baseline_1_random,tokens_admitted,mechanism,72.562,NA,10,NA,NA
exp6_frontier,tree_medium_hybrid_noema_baseline_1_random,median_latency,mechanism,79.47982699757782,NA,10,NA,NA
exp6_frontier,tree_medium_hybrid_noema_baseline_1_random,alloc_ratio,mechanism,0.8181976994997493,NA,10,NA,NA
exp6_frontier,tree_medium_hybrid_noema_baseline_1_random,welfare_vs_posted_at_matched_volume,mechanism,0.9464725572482003,NA,10,NA,NA
exp6_frontier,tree_medium_hybrid_noema_baseline_1_random,welfare_vs_posted_at_matched_latency,mechanism,0.947408065863398,NA,10,NA,NA
exp6_frontier,tree_medium_hybrid_noema_baseline_1.25_posted_price,welfare,mechanism,53.54791622894375,NA,10,NA,NA
exp6_frontier,tree_medium_hybrid_noema_baseline_1.25_posted_price,tokens_admitted,mechanism,72.545,NA,10,NA,NA
exp6_frontier,tree_medium_hybrid_noema_baseline_1.25_posted_price,median_latency,mechanism,79.41251297952493,NA,10,NA,NA
exp6_frontier,tree_medium_hybrid_noema_baseline_1.25_posted_price,alloc_ratio,mechanism,0.8627843499198413,NA,10,NA,NA
exp6_frontier,tree_medium_hybrid_noema_baseline_1.25_posted_price,welfare_vs_posted_at_matched_volume,mechanism,NA,NA,10,NA,NA
exp6_frontier,tree_medium_hybrid_noema_baseline_1.25_posted_price,welfare_vs_posted_at_matched_latency,mechanism,NA,NA,10,NA,NA
exp6_frontier,tree_medium_hybrid_noema_baseline_1.25_posted_price_edf,welfare,mechanism,50.704815846139084,NA,10,NA,NA
exp6_frontier,tree_medium_hybrid_noema_baseline_1.25_posted_price_edf,tokens_admitted,mechanism,72.5445,NA,10,NA,NA
exp6_frontier,tree_medium_hybrid_noema_baseline_1.25_posted_price_edf,median_latency,mechanism,79.47805843434926,NA,10,NA,NA
exp6_frontier,tree_medium_hybrid_noema_baseline_1.25_posted_price_edf,alloc_ratio,mechanism,0.8184799816232154,NA,10,NA,NA
exp6_frontier,tree_medium_hybrid_noema_baseline_1.25_posted_price_edf,welfare_vs_posted_at_matched_volume,mechanism,0.9469079667112543,NA,10,NA,NA
exp6_frontier,tree_medium_hybrid_noema_baseline_1.25_posted_price_edf,welfare_vs_posted_at_matched_latency,mechanism,NA,NA,10,NA,NA
exp6_frontier,tree_medium_hybrid_noema_baseline_1.25_posted_price_fcfs,welfare,mechanism,50.6906881241908,NA,10,NA,NA
exp6_frontier,tree_medium_hybrid_noema_baseline_1.25_posted_price_fcfs,tokens_admitted,mechanism,72.5445,NA,10,NA,NA
exp6_frontier,tree_medium_hybrid_noema_baseline_1.25_posted_price_fcfs,median_latency,mechanism,79.45114218630287,NA,10,NA,NA
exp6_frontier,tree_medium_hybrid_noema_baseline_1.25_posted_price_fcfs,alloc_ratio,mechanism,0.8182373516411049,NA,10,NA,NA
exp6_frontier,tree_medium_hybrid_noema_baseline_1.25_posted_price_fcfs,welfare_vs_posted_at_matched_volume,mechanism,0.9466449499149789,NA,10,NA,NA
exp6_frontier,tree_medium_hybrid_noema_baseline_1.25_posted_price_fcfs,welfare_vs_posted_at_matched_latency,mechanism,0.9483786001515924,NA,10,NA,NA
exp6_frontier,tree_medium_hybrid_noema_baseline_1.5_posted_price,welfare,mechanism,53.425340381394236,NA,10,NA,NA
exp6_frontier,tree_medium_hybrid_noema_baseline_1.5_posted_price,tokens_admitted,mechanism,72.2465,NA,10,NA,NA
exp6_frontier,tree_medium_hybrid_noema_baseline_1.5_posted_price,median_latency,mechanism,79.33205412865833,NA,10,NA,NA
exp6_frontier,tree_medium_hybrid_noema_baseline_1.5_posted_price,alloc_ratio,mechanism,0.8600127134120347,NA,10,NA,NA
exp6_frontier,tree_medium_hybrid_noema_baseline_1.5_posted_price,welfare_vs_posted_at_matched_volume,mechanism,NA,NA,10,NA,NA
exp6_frontier,tree_medium_hybrid_noema_baseline_1.5_posted_price,welfare_vs_posted_at_matched_latency,mechanism,NA,NA,10,NA,NA
exp6_frontier,tree_medium_hybrid_noema_baseline_1.5_posted_price_edf,welfare,mechanism,50.74629267842972,NA,10,NA,NA
exp6_frontier,tree_medium_hybrid_noema_baseline_1.5_posted_price_edf,tokens_admitted,mechanism,72.246,NA,10,NA,NA
exp6_frontier,tree_medium_hybrid_noema_baseline_1.5_posted_price_edf,median_latency,mechanism,79.38407166404637,NA,10,NA,NA
exp6_frontier,tree_medium_hybrid_noema_baseline_1.5_posted_price_edf,alloc_ratio,mechanism,0.8182498758097339,NA,10,NA,NA
exp6_frontier,tree_medium_hybrid_noema_baseline_1.5_posted_price_edf,welfare_vs_posted_at_matched_volume,mechanism,0.9498553896405353,NA,10,NA,NA
exp6_frontier,tree_medium_hybrid_noema_baseline_1.5_posted_price_edf,welfare_vs_posted_at_matched_latency,mechanism,0.9487995319863938,NA,10,NA,NA
exp6_frontier,tree_medium_hybrid_noema_baseline_1.5_posted_price_fcfs,welfare,mechanism,50.7336319189191,NA,10,NA,NA
exp6_frontier,tree_medium_hybrid_noema_baseline_1.5_posted_price_fcfs,tokens_admitted,mechanism,72.2455,NA,10,NA,NA
exp6_frontier,tree_medium_hybrid_noema_baseline_1.5_posted_price_fcfs,median_latency,mechanism,79.35573650540032,NA,10,NA,NA
exp6_frontier,tree_medium_hybrid_noema_baseline_1.5_posted_price_fcfs,alloc_ratio,mechanism,0.8180390208680806,NA,10,NA,NA
exp6_frontier,tree_medium_hybrid_noema_baseline_1.5_posted_price_fcfs,welfare_vs_posted_at_matched_volume,mechanism,0.949621745294691,NA,10,NA,NA
exp6_frontier,tree_medium_hybrid_noema_baseline_1.5_posted_price_fcfs,welfare_vs_posted_at_matched_latency,mechanism,0.9490446524471761,NA,10,NA,NA
exp6_frontier,tree_medium_hybrid_noema_baseline_1.75_posted_price,welfare,mechanism,52.55386743030559,NA,10,NA,NA
exp6_frontier,tree_medium_hybrid_noema_baseline_1.75_posted_price,tokens_admitted,mechanism,69.907,NA,10,NA,NA
exp6_frontier,tree_medium_hybrid_noema_baseline_1.75_posted_price,median_latency,mechanism,78.61160696496464,NA,10,NA,NA
exp6_frontier,tree_medium_hybrid_noema_baseline_1.75_posted_price,alloc_ratio,mechanism,0.8393767581099965,NA,10,NA,NA
exp6_frontier,tree_medium_hybrid_noema_baseline_1.75_posted_price,welfare_vs_posted_at_matched_volume,mechanism,NA,NA,10,NA,NA
exp6_frontier,tree_medium_hybrid_noema_baseline_1.75_posted_price,welfare_vs_posted_at_matched_latency,mechanism,NA,NA,10,NA,NA
exp6_frontier,tree_medium_hybrid_noema_baseline_1.75_posted_price_edf,welfare,mechanism,51.23236731957844,NA,10,NA,NA
exp6_frontier,tree_medium_hybrid_noema_baseline_1.75_posted_price_edf,tokens_admitted,mechanism,69.904,NA,10,NA,NA
exp6_frontier,tree_medium_hybrid_noema_baseline_1.75_posted_price_edf,median_latency,mechanism,78.60835384595448,NA,10,NA,NA
exp6_frontier,tree_medium_hybrid_noema_baseline_1.75_posted_price_edf,alloc_ratio,mechanism,0.8191792275253263,NA,10,NA,NA
exp6_frontier,tree_medium_hybrid_noema_baseline_1.75_posted_price_edf,welfare_vs_posted_at_matched_volume,mechanism,0.9748853223767375,NA,10,NA,NA
exp6_frontier,tree_medium_hybrid_noema_baseline_1.75_posted_price_edf,welfare_vs_posted_at_matched_latency,mechanism,0.9750217286577822,NA,10,NA,NA
exp6_frontier,tree_medium_hybrid_noema_baseline_1.75_posted_price_fcfs,welfare,mechanism,51.21749524324205,NA,10,NA,NA
exp6_frontier,tree_medium_hybrid_noema_baseline_1.75_posted_price_fcfs,tokens_admitted,mechanism,69.9095,NA,10,NA,NA
exp6_frontier,tree_medium_hybrid_noema_baseline_1.75_posted_price_fcfs,median_latency,mechanism,78.60817124960714,NA,10,NA,NA
exp6_frontier,tree_medium_hybrid_noema_baseline_1.75_posted_price_fcfs,alloc_ratio,mechanism,0.8190837028440461,NA,10,NA,NA
exp6_frontier,tree_medium_hybrid_noema_baseline_1.75_posted_price_fcfs,welfare_vs_posted_at_matched_volume,mechanism,0.974561025627899,NA,10,NA,NA
exp6_frontier,tree_medium_hybrid_noema_baseline_1.75_posted_price_fcfs,welfare_vs_posted_at_matched_latency,mechanism,0.9748499102201887,NA,10,NA,NA
exp6_frontier,tree_medium_hybrid_noema_baseline_2_market_posted_slice,welfare,mechanism,53.54329348416287,NA,10,NA,NA
exp6_frontier,tree_medium_hybrid_noema_baseline_2_market_posted_slice,tokens_admitted,mechanism,72.5345,NA,10,NA,NA
exp6_frontier,tree_medium_hybrid_noema_baseline_2_market_posted_slice,median_latency,mechanism,79.42571435691191,NA,10,NA,NA
exp6_frontier,tree_medium_hybrid_noema_baseline_2_market_posted_slice,alloc_ratio,mechanism,0.8626633744431244,NA,10,NA,NA
exp6_frontier,tree_medium_hybrid_noema_baseline_2_market_posted_slice,welfare_vs_posted_at_matched_volume,mechanism,1.000001609735011,NA,10,NA,NA
exp6_frontier,tree_medium_hybrid_noema_baseline_2_market_posted_slice,welfare_vs_posted_at_matched_latency,mechanism,1.0002214488745198,NA,10,NA,NA
exp6_frontier,tree_medium_hybrid_noema_baseline_2_posted_price,welfare,mechanism,49.90408101047068,NA,10,NA,NA
exp6_frontier,tree_medium_hybrid_noema_baseline_2_posted_price,tokens_admitted,mechanism,63.976,NA,10,NA,NA
exp6_frontier,tree_medium_hybrid_noema_baseline_2_posted_price,median_latency,mechanism,76.9822748567709,NA,10,NA,NA
exp6_frontier,tree_medium_hybrid_noema_baseline_2_posted_price,alloc_ratio,mechanism,0.7832780903045229,NA,10,NA,NA
exp6_frontier,tree_medium_hybrid_noema_baseline_2_posted_price,welfare_vs_posted_at_matched_volume,mechanism,NA,NA,10,NA,NA
exp6_frontier,tree_medium_hybrid_noema_baseline_2_posted_price,welfare_vs_posted_at_matched_latency,mechanism,NA,NA,10,NA,NA
exp6_frontier,tree_medium_hybrid_noema_baseline_2_posted_price_edf,welfare,mechanism,49.50849031039333,NA,10,NA,NA
exp6_frontier,tree_medium_hybrid_noema_baseline_2_posted_price_edf,tokens_admitted,mechanism,63.978500000000004,NA,10,NA,NA
exp6_frontier,tree_medium_hybrid_noema_baseline_2_posted_price_edf,median_latency,mechanism,76.99826367385236,NA,10,NA,NA
exp6_frontier,tree_medium_hybrid_noema_baseline_2_posted_price_edf,alloc_ratio,mechanism,0.7774506342609993,NA,10,NA,NA
exp6_frontier,tree_medium_hybrid_noema_baseline_2_posted_price_edf,welfare_vs_posted_at_matched_volume,mechanism,0.99206002166323215,NA,10,NA,NA
exp6_frontier,tree_medium_hybrid_noema_baseline_2_posted_price_edf,welfare_vs_posted_at_matched_latency,mechanism,0.991688445205507,NA,10,NA,NA
exp6_frontier,tree_medium_hybrid_noema_baseline_2_posted_price_fcfs,welfare,mechanism,49.508540316319916,NA,10,NA,NA
exp6_frontier,tree_medium_hybrid_noema_baseline_2_posted_price_fcfs,tokens_admitted,mechanism,63.980000000000004,NA,10,NA,NA
exp6_frontier,tree_medium_hybrid_noema_baseline_2_posted_price_fcfs,median_latency,mechanism,76.99208298634748,NA,10,NA,NA
exp6_frontier,tree_medium_hybrid_noema_baseline_2_posted_price_fcfs,alloc_ratio,mechanism,0.7774967351828983,NA,10,NA,NA
exp6_frontier,tree_medium_hybrid_noema_baseline_2_posted_price_fcfs,welfare_vs_posted_at_matched_volume,mechanism,0.9920474277461775,NA,10,NA,NA
exp6_frontier,tree_medium_hybrid_noema_baseline_2_posted_price_fcfs,welfare_vs_posted_at_matched_latency,mechanism,0.9919191106206929,NA,10,NA,NA
exp6_frontier,tree_medium_hybrid_noema_baseline_2_posted_price_matched,welfare,mechanism,49.90408101047068,NA,10,NA,NA
exp6_frontier,tree_medium_hybrid_noema_baseline_2_posted_price_matched,tokens_admitted,mechanism,63.976,NA,10,NA,NA
exp6_frontier,tree_medium_hybrid_noema_baseline_2_posted_price_matched,median_latency,mechanism,76.9822748567709,NA,10,NA,NA
exp6_frontier,tree_medium_hybrid_noema_baseline_2_posted_price_matched,alloc_ratio,mechanism,0.7832780903045229,NA,10,NA,NA
exp6_frontier,tree_medium_hybrid_noema_baseline_2_posted_price_matched,welfare_vs_posted_at_matched_volume,mechanism,1,NA,10,NA,NA
exp6_frontier,tree_medium_hybrid_noema_baseline_2_posted_price_matched,welfare_vs_posted_at_matched_latency,mechanism,1,NA,10,NA,NA
exp6_frontier,tree_medium_hybrid_noema_baseline_2.25_posted_price,welfare,mechanism,45.61368059962642,NA,10,NA,NA
exp6_frontier,tree_medium_hybrid_noema_baseline_2.25_posted_price,tokens_admitted,mechanism,56.153999999999996,NA,10,NA,NA
exp6_frontier,tree_medium_hybrid_noema_baseline_2.25_posted_price,median_latency,mechanism,75.3164453410365,NA,10,NA,NA
exp6_frontier,tree_medium_hybrid_noema_baseline_2.25_posted_price,alloc_ratio,mechanism,0.7037818361957481,NA,10,NA,NA
exp6_frontier,tree_medium_hybrid_noema_baseline_2.25_posted_price,welfare_vs_posted_at_matched_volume,mechanism,NA,NA,10,NA,NA
exp6_frontier,tree_medium_hybrid_noema_baseline_2.25_posted_price,welfare_vs_posted_at_matched_latency,mechanism,NA,NA,10,NA,NA
exp6_frontier,tree_medium_hybrid_noema_baseline_2.25_posted_price_edf,welfare,mechanism,45.51559580242514,NA,10,NA,NA
exp6_frontier,tree_medium_hybrid_noema_baseline_2.25_posted_price_edf,tokens_admitted,mechanism,56.153,NA,10,NA,NA
exp6_frontier,tree_medium_hybrid_noema_baseline_2.25_posted_price_edf,median_latency,mechanism,75.30852053463819,NA,10,NA,NA
exp6_frontier,tree_medium_hybrid_noema_baseline_2.25_posted_price_edf,alloc_ratio,mechanism,0.702384856616536,NA,10,NA,NA
exp6_frontier,tree_medium_hybrid_noema_baseline_2.25_posted_price_edf,welfare_vs_posted_at_matched_volume,mechanism,0.997866521980504,NA,10,NA,NA
exp6_frontier,tree_medium_hybrid_noema_baseline_2.25_posted_price_edf,welfare_vs_posted_at_matched_latency,mechanism,0.9988940614028936,NA,10,NA,NA
exp6_frontier,tree_medium_hybrid_noema_baseline_2.25_posted_price_fcfs,welfare,mechanism,45.50995717851632,NA,10,NA,NA
exp6_frontier,tree_medium_hybrid_noema_baseline_2.25_posted_price_fcfs,tokens_admitted,mechanism,56.1495,NA,10,NA,NA
exp6_frontier,tree_medium_hybrid_noema_baseline_2.25_posted_price_fcfs,median_latency,mechanism,75.3190628128682,NA,10,NA,NA
exp6_frontier,tree_medium_hybrid_noema_baseline_2.25_posted_price_fcfs,alloc_ratio,mechanism,0.7023212203377448,NA,10,NA,NA
exp6_frontier,tree_medium_hybrid_noema_baseline_2.25_posted_price_fcfs,welfare_vs_posted_at_matched_volume,mechanism,0.9977885441487859,NA,10,NA,NA
exp6_frontier,tree_medium_hybrid_noema_baseline_2.25_posted_price_fcfs,welfare_vs_posted_at_matched_latency,mechanism,0.9980061041448134,NA,10,NA,NA
exp6_frontier,tree_medium_hybrid_noema_baseline_2.5_posted_price,welfare,mechanism,40.42662722646693,NA,10,NA,NA
exp6_frontier,tree_medium_hybrid_noema_baseline_2.5_posted_price,tokens_admitted,mechanism,47.891,NA,10,NA,NA
exp6_frontier,tree_medium_hybrid_noema_baseline_2.5_posted_price,median_latency,mechanism,73.94858868370609,NA,10,NA,NA
exp6_frontier,tree_medium_hybrid_noema_baseline_2.5_posted_price,alloc_ratio,mechanism,0.6150121605602583,NA,10,NA,NA
exp6_frontier,tree_medium_hybrid_noema_baseline_2.5_posted_price,welfare_vs_posted_at_matched_volume,mechanism,NA,NA,10,NA,NA
exp6_frontier,tree_medium_hybrid_noema_baseline_2.5_posted_price,welfare_vs_posted_at_matched_latency,mechanism,NA,NA,10,NA,NA
exp6_frontier,tree_medium_hybrid_noema_baseline_2.5_posted_price_edf,welfare,mechanism,40.41101307823442,NA,10,NA,NA
exp6_frontier,tree_medium_hybrid_noema_baseline_2.5_posted_price_edf,tokens_admitted,mechanism,47.89,NA,10,NA,NA
exp6_frontier,tree_medium_hybrid_noema_baseline_2.5_posted_price_edf,median_latency,mechanism,73.92900863047977,NA,10,NA,NA
exp6_frontier,tree_medium_hybrid_noema_baseline_2.5_posted_price_edf,alloc_ratio,mechanism,0.6147953081364352,NA,10,NA,NA
exp6_frontier,tree_medium_hybrid_noema_baseline_2.5_posted_price_edf,welfare_vs_posted_at_matched_volume,mechanism,0.9996364003494282,NA,10,NA,NA
exp6_frontier,tree_medium_hybrid_noema_baseline_2.5_posted_price_edf,welfare_vs_posted_at_matched_latency,mechanism,1.0029775562086662,NA,10,NA,NA
exp6_frontier,tree_medium_hybrid_noema_baseline_2.5_posted_price_fcfs,welfare,mechanism,40.40717605835094,NA,10,NA,NA
exp6_frontier,tree_medium_hybrid_noema_baseline_2.5_posted_price_fcfs,tokens_admitted,mechanism,47.888,NA,10,NA,NA
exp6_frontier,tree_medium_hybrid_noema_baseline_2.5_posted_price_fcfs,median_latency,mechanism,73.93985892904075,NA,10,NA,NA
exp6_frontier,tree_medium_hybrid_noema_baseline_2.5_posted_price_fcfs,alloc_ratio,mechanism,0.6147599154500188,NA,10,NA,NA
exp6_frontier,tree_medium_hybrid_noema_baseline_2.5_posted_price_fcfs,welfare_vs_posted_at_matched_volume,mechanism,0.999576318614095,NA,10,NA,NA
exp6_frontier,tree_medium_hybrid_noema_baseline_2.5_posted_price_fcfs,welfare_vs_posted_at_matched_latency,mechanism,1.0015304217982963,NA,10,NA,NA
exp6_frontier,tree_medium_hybrid_noema_baseline_3_posted_price,welfare,mechanism,28.93252910302036,NA,10,NA,NA
exp6_frontier,tree_medium_hybrid_noema_baseline_3_posted_price,tokens_admitted,mechanism,31.985500000000002,NA,10,NA,NA
exp6_frontier,tree_medium_hybrid_noema_baseline_3_posted_price,median_latency,mechanism,72.06567218263878,NA,10,NA,NA
exp6_frontier,tree_medium_hybrid_noema_baseline_3_posted_price,alloc_ratio,mechanism,0.43153657789351485,NA,10,NA,NA
exp6_frontier,tree_medium_hybrid_noema_baseline_3_posted_price,welfare_vs_posted_at_matched_volume,mechanism,NA,NA,10,NA,NA
exp6_frontier,tree_medium_hybrid_noema_baseline_3_posted_price,welfare_vs_posted_at_matched_latency,mechanism,NA,NA,10,NA,NA
exp6_frontier,tree_medium_hybrid_noema_baseline_3_posted_price_edf,welfare,mechanism,28.93146773685506,NA,10,NA,NA
exp6_frontier,tree_medium_hybrid_noema_baseline_3_posted_price_edf,tokens_admitted,mechanism,31.985500000000002,NA,10,NA,NA
exp6_frontier,tree_medium_hybrid_noema_baseline_3_posted_price_edf,median_latency,mechanism,72.05727932970966,NA,10,NA,NA
exp6_frontier,tree_medium_hybrid_noema_baseline_3_posted_price_edf,alloc_ratio,mechanism,0.43153657789351485,NA,10,NA,NA
exp6_frontier,tree_medium_hybrid_noema_baseline_3_posted_price_edf,welfare_vs_posted_at_matched_volume,mechanism,0.9999630561083068,NA,10,NA,NA
exp6_frontier,tree_medium_hybrid_noema_baseline_3_posted_price_edf,welfare_vs_posted_at_matched_latency,mechanism,0.9974127917708285,NA,10,NA,NA
exp6_frontier,tree_medium_hybrid_noema_baseline_3_posted_price_fcfs,welfare,mechanism,28.932172976360867,NA,10,NA,NA
exp6_frontier,tree_medium_hybrid_noema_baseline_3_posted_price_fcfs,tokens_admitted,mechanism,31.985500000000002,NA,10,NA,NA
exp6_frontier,tree_medium_hybrid_noema_baseline_3_posted_price_fcfs,median_latency,mechanism,72.06261139195277,NA,10,NA,NA
exp6_frontier,tree_medium_hybrid_noema_baseline_3_posted_price_fcfs,alloc_ratio,mechanism,0.43153657789351485,NA,10,NA,NA
exp6_frontier,tree_medium_hybrid_noema_baseline_3_posted_price_fcfs,welfare_vs_posted_at_matched_volume,mechanism,0.9999872927418489,NA,10,NA,NA
exp6_frontier,tree_medium_hybrid_noema_baseline_3_posted_price_fcfs,welfare_vs_posted_at_matched_latency,mechanism,0.9956881805320814,NA,10,NA,NA
exp6_frontier,tree_medium_hybrid_noema_baseline_4_posted_price,welfare,mechanism,0,NA,10,NA,NA
exp6_frontier,tree_medium_hybrid_noema_baseline_4_posted_price,tokens_admitted,mechanism,0,NA,10,NA,NA
exp6_frontier,tree_medium_hybrid_noema_baseline_4_posted_price,median_latency,mechanism,NA,NA,10,NA,NA
exp6_frontier,tree_medium_hybrid_noema_baseline_4_posted_price,alloc_ratio,mechanism,0,NA,10,NA,NA
exp6_frontier,tree_medium_hybrid_noema_baseline_4_posted_price,welfare_vs_posted_at_matched_volume,mechanism,NA,NA,10,NA,NA
exp6_frontier,tree_medium_hybrid_noema_baseline_4_posted_price,welfare_vs_posted_at_matched_latency,mechanism,NA,NA,10,NA,NA
exp6_frontier,tree_medium_hybrid_noema_baseline_4_posted_price_edf,welfare,mechanism,0,NA,10,NA,NA
exp6_frontier,tree_medium_hybrid_noema_baseline_4_posted_price_edf,tokens_admitted,mechanism,0,NA,10,NA,NA
exp6_frontier,tree_medium_hybrid_noema_baseline_4_posted_price_edf,median_latency,mechanism,NA,NA,10,NA,NA
exp6_frontier,tree_medium_hybrid_noema_baseline_4_posted_price_edf,alloc_ratio,mechanism,0,NA,10,NA,NA
exp6_frontier,tree_medium_hybrid_noema_baseline_4_posted_price_edf,welfare_vs_posted_at_matched_volume,mechanism,NA,NA,10,NA,NA
exp6_frontier,tree_medium_hybrid_noema_baseline_4_posted_price_edf,welfare_vs_posted_at_matched_latency,mechanism,NA,NA,10,NA,NA
exp6_frontier,tree_medium_hybrid_noema_baseline_4_posted_price_fcfs,welfare,mechanism,0,NA,10,NA,NA
exp6_frontier,tree_medium_hybrid_noema_baseline_4_posted_price_fcfs,tokens_admitted,mechanism,0,NA,10,NA,NA
exp6_frontier,tree_medium_hybrid_noema_baseline_4_posted_price_fcfs,median_latency,mechanism,NA,NA,10,NA,NA
exp6_frontier,tree_medium_hybrid_noema_baseline_4_posted_price_fcfs,alloc_ratio,mechanism,0,NA,10,NA,NA
exp6_frontier,tree_medium_hybrid_noema_baseline_4_posted_price_fcfs,welfare_vs_posted_at_matched_volume,mechanism,NA,NA,10,NA,NA
exp6_frontier,tree_medium_hybrid_noema_baseline_4_posted_price_fcfs,welfare_vs_posted_at_matched_latency,mechanism,NA,NA,10,NA,NA
exp6_frontier,tree_medium_hybrid_noema_baseline_4_posted_price_matched,welfare,mechanism,0,NA,10,NA,NA
exp6_frontier,tree_medium_hybrid_noema_baseline_4_posted_price_matched,tokens_admitted,mechanism,0,NA,10,NA,NA
exp6_frontier,tree_medium_hybrid_noema_baseline_4_posted_price_matched,median_latency,mechanism,NA,NA,10,NA,NA
exp6_frontier,tree_medium_hybrid_noema_baseline_4_posted_price_matched,alloc_ratio,mechanism,0,NA,10,NA,NA
exp6_frontier,tree_medium_hybrid_noema_baseline_4_posted_price_matched,welfare_vs_posted_at_matched_volume,mechanism,NA,NA,10,NA,NA
exp6_frontier,tree_medium_hybrid_noema_baseline_4_posted_price_matched,welfare_vs_posted_at_matched_latency,mechanism,NA,NA,10,NA,NA
exp6_frontier,tree_medium_hybrid_noema_calibrated_1_edf,welfare,mechanism,53.6649793382927,NA,10,NA,NA
exp6_frontier,tree_medium_hybrid_noema_calibrated_1_edf,tokens_admitted,mechanism,72.562,NA,10,NA,NA
exp6_frontier,tree_medium_hybrid_noema_calibrated_1_edf,median_latency,mechanism,73.56987405250413,NA,10,NA,NA
exp6_frontier,tree_medium_hybrid_noema_calibrated_1_edf,alloc_ratio,mechanism,0.8181172513899748,NA,10,NA,NA
exp6_frontier,tree_medium_hybrid_noema_calibrated_1_edf,welfare_vs_posted_at_matched_volume,mechanism,0.946548554344749,NA,10,NA,NA
exp6_frontier,tree_medium_hybrid_noema_calibrated_1_edf,welfare_vs_posted_at_matched_latency,mechanism,0.950724249548408,NA,10,NA,NA
exp6_frontier,tree_medium_hybrid_noema_calibrated_1_greedy_ev,welfare,mechanism,56.69517762529311,NA,10,NA,NA
exp6_frontier,tree_medium_hybrid_noema_calibrated_1_greedy_ev,tokens_admitted,mechanism,72.562,NA,10,NA,NA
exp6_frontier,tree_medium_hybrid_noema_calibrated_1_greedy_ev,median_latency,mechanism,73.55939150358061,NA,10,NA,NA
exp6_frontier,tree_medium_hybrid_noema_calibrated_1_greedy_ev,alloc_ratio,mechanism,0.8629302404920433,NA,10,NA,NA
exp6_frontier,tree_medium_hybrid_noema_calibrated_1_greedy_ev,welfare_vs_posted_at_matched_volume,mechanism,1,NA,10,NA,NA
exp6_frontier,tree_medium_hybrid_noema_calibrated_1_greedy_ev,welfare_vs_posted_at_matched_latency,mechanism,1,NA,10,NA,NA
exp6_frontier,tree_medium_hybrid_noema_calibrated_1_k8s,welfare,mechanism,53.701736190941254,NA,10,NA,NA
exp6_frontier,tree_medium_hybrid_noema_calibrated_1_k8s,tokens_admitted,mechanism,72.562,NA,10,NA,NA
exp6_frontier,tree_medium_hybrid_noema_calibrated_1_k8s,median_latency,mechanism,73.48096292437057,NA,10,NA,NA
exp6_frontier,tree_medium_hybrid_noema_calibrated_1_k8s,alloc_ratio,mechanism,0.8180473176892549,NA,10,NA,NA
exp6_frontier,tree_medium_hybrid_noema_calibrated_1_k8s,welfare_vs_posted_at_matched_volume,mechanism,0.9472002929617066,NA,10,NA,NA
exp6_frontier,tree_medium_hybrid_noema_calibrated_1_k8s,welfare_vs_posted_at_matched_latency,mechanism,0.9529874214959964,NA,10,NA,NA
exp6_frontier,tree_medium_hybrid_noema_calibrated_1_market,welfare,mechanism,56.28951937082231,NA,10,NA,NA
exp6_frontier,tree_medium_hybrid_noema_calibrated_1_market,tokens_admitted,mechanism,71.85,NA,10,NA,NA
exp6_frontier,tree_medium_hybrid_noema_calibrated_1_market,median_latency,mechanism,73.45268914942196,NA,10,NA,NA
exp6_frontier,tree_medium_hybrid_noema_calibrated_1_market,alloc_ratio,mechanism,0.8561987740001046,NA,10,NA,NA
exp6_frontier,tree_medium_hybrid_noema_calibrated_1_market,welfare_vs_posted_at_matched_volume,mechanism,0.9991663366554049,NA,10,NA,NA
exp6_frontier,tree_medium_hybrid_noema_calibrated_1_market,welfare_vs_posted_at_matched_latency,mechanism,1.0011311554299995,NA,10,NA,NA
exp6_frontier,tree_medium_hybrid_noema_calibrated_1_market_asc,welfare,mechanism,56.67937011922653,NA,10,NA,NA
exp6_frontier,tree_medium_hybrid_noema_calibrated_1_market_asc,tokens_admitted,mechanism,72.531,NA,10,NA,NA
exp6_frontier,tree_medium_hybrid_noema_calibrated_1_market_asc,median_latency,mechanism,73.54648927780491,NA,10,NA,NA
exp6_frontier,tree_medium_hybrid_noema_calibrated_1_market_asc,alloc_ratio,mechanism,0.8626416698127529,NA,10,NA,NA
exp6_frontier,tree_medium_hybrid_noema_calibrated_1_market_asc,welfare_vs_posted_at_matched_volume,mechanism,0.9999835182879754,NA,10,NA,NA
exp6_frontier,tree_medium_hybrid_noema_calibrated_1_market_asc,welfare_vs_posted_at_matched_latency,mechanism,1.0022021682714202,NA,10,NA,NA
exp6_frontier,tree_medium_hybrid_noema_calibrated_1_market_cc,welfare,mechanism,38.672347903231305,NA,10,NA,NA
exp6_frontier,tree_medium_hybrid_noema_calibrated_1_market_cc,tokens_admitted,mechanism,49.849000000000004,NA,10,NA,NA
exp6_frontier,tree_medium_hybrid_noema_calibrated_1_market_cc,median_latency,mechanism,72.65727466569463,NA,10,NA,NA
exp6_frontier,tree_medium_hybrid_noema_calibrated_1_market_cc,alloc_ratio,mechanism,0.5862327042445443,NA,10,NA,NA
exp6_frontier,tree_medium_hybrid_noema_calibrated_1_market_cc,welfare_vs_posted_at_matched_volume,mechanism,0.9031595955464259,NA,10,NA,NA
exp6_frontier,tree_medium_hybrid_noema_calibrated_1_market_cc,welfare_vs_posted_at_matched_latency,mechanism,0.7428305802907548,NA,10,NA,NA
exp6_frontier,tree_medium_hybrid_noema_calibrated_1_market_posted_slice,welfare,mechanism,56.67180763718826,NA,10,NA,NA
exp6_frontier,tree_medium_hybrid_noema_calibrated_1_market_posted_slice,tokens_admitted,mechanism,72.4915,NA,10,NA,NA
exp6_frontier,tree_medium_hybrid_noema_calibrated_1_market_posted_slice,median_latency,mechanism,73.5405730014628,NA,10,NA,NA
exp6_frontier,tree_medium_hybrid_noema_calibrated_1_market_posted_slice,alloc_ratio,mechanism,0.8624581660186489,NA,10,NA,NA
exp6_frontier,tree_medium_hybrid_noema_calibrated_1_market_posted_slice,welfare_vs_posted_at_matched_volume,mechanism,1.0002041702223097,NA,10,NA,NA
exp6_frontier,tree_medium_hybrid_noema_calibrated_1_market_posted_slice,welfare_vs_posted_at_matched_latency,mechanism,1.0012409876478983,NA,10,NA,NA
exp6_frontier,tree_medium_hybrid_noema_calibrated_1_posted_price,welfare,mechanism,56.69517762529311,NA,10,NA,NA
exp6_frontier,tree_medium_hybrid_noema_calibrated_1_posted_price,tokens_admitted,mechanism,72.562,NA,10,NA,NA
exp6_frontier,tree_medium_hybrid_noema_calibrated_1_posted_price,median_latency,mechanism,73.55939150358061,NA,10,NA,NA
exp6_frontier,tree_medium_hybrid_noema_calibrated_1_posted_price,alloc_ratio,mechanism,0.8629302404920433,NA,10,NA,NA
exp6_frontier,tree_medium_hybrid_noema_calibrated_1_posted_price,welfare_vs_posted_at_matched_volume,mechanism,NA,NA,10,NA,NA
exp6_frontier,tree_medium_hybrid_noema_calibrated_1_posted_price,welfare_vs_posted_at_matched_latency,mechanism,NA,NA,10,NA,NA
exp6_frontier,tree_medium_hybrid_noema_calibrated_1_posted_price_edf,welfare,mechanism,53.669075580422174,NA,10,NA,NA
exp6_frontier,tree_medium_hybrid_noema_calibrated_1_posted_price_edf,tokens_admitted,mechanism,72.562,NA,10,NA,NA
exp6_frontier,tree_medium_hybrid_noema_calibrated_1_posted_price_edf,median_latency,mechanism,73.5643258366603,NA,10,NA,NA
exp6_frontier,tree_medium_hybrid_noema_calibrated_1_posted_price_edf,alloc_ratio,mechanism,0.8181930512635626,NA,10,NA,NA
exp6_frontier,tree_medium_hybrid_noema_calibrated_1_posted_price_edf,welfare_vs_posted_at_matched_volume,mechanism,0.9466231779695843,NA,10,NA,NA
exp6_frontier,tree_medium_hybrid_noema_calibrated_1_posted_price_edf,welfare_vs_posted_at_matched_latency,mechanism,0.9480662567350071,NA,10,NA,NA
exp6_frontier,tree_medium_hybrid_noema_calibrated_1_posted_price_fcfs,welfare,mechanism,53.6532651585829,NA,10,NA,NA
exp6_frontier,tree_medium_hybrid_noema_calibrated_1_posted_price_fcfs,tokens_admitted,mechanism,72.562,NA,10,NA,NA
exp6_frontier,tree_medium_hybrid_noema_calibrated_1_posted_price_fcfs,median_latency,mechanism,73.55419938684445,NA,10,NA,NA
exp6_frontier,tree_medium_hybrid_noema_calibrated_1_posted_price_fcfs,alloc_ratio,mechanism,0.8179396573689205,NA,10,NA,NA
exp6_frontier,tree_medium_hybrid_noema_calibrated_1_posted_price_fcfs,welfare_vs_posted_at_matched_volume,mechanism,0.9463449201204046,NA,10,NA,NA
exp6_frontier,tree_medium_hybrid_noema_calibrated_1_posted_price_fcfs,welfare_vs_posted_at_matched_latency,mechanism,0.9479696779687732,NA,10,NA,NA
exp6_frontier,tree_medium_hybrid_noema_calibrated_1_posted_price_matched,welfare,mechanism,56.69517762529311,NA,10,NA,NA
exp6_frontier,tree_medium_hybrid_noema_calibrated_1_posted_price_matched,tokens_admitted,mechanism,72.562,NA,10,NA,NA
exp6_frontier,tree_medium_hybrid_noema_calibrated_1_posted_price_matched,median_latency,mechanism,73.55939150358061,NA,10,NA,NA
exp6_frontier,tree_medium_hybrid_noema_calibrated_1_posted_price_matched,alloc_ratio,mechanism,0.8629302404920433,NA,10,NA,NA
exp6_frontier,tree_medium_hybrid_noema_calibrated_1_posted_price_matched,welfare_vs_posted_at_matched_volume,mechanism,1,NA,10,NA,NA
exp6_frontier,tree_medium_hybrid_noema_calibrated_1_posted_price_matched,welfare_vs_posted_at_matched_latency,mechanism,1,NA,10,NA,NA
exp6_frontier,tree_medium_hybrid_noema_calibrated_1_random,welfare,mechanism,53.67496672941259,NA,10,NA,NA
exp6_frontier,tree_medium_hybrid_noema_calibrated_1_random,tokens_admitted,mechanism,72.562,NA,10,NA,NA
exp6_frontier,tree_medium_hybrid_noema_calibrated_1_random,median_latency,mechanism,73.5703303681938,NA,10,NA,NA
exp6_frontier,tree_medium_hybrid_noema_calibrated_1_random,alloc_ratio,mechanism,0.8181976994997493,NA,10,NA,NA
exp6_frontier,tree_medium_hybrid_noema_calibrated_1_random,welfare_vs_posted_at_matched_volume,mechanism,0.9467271622766379,NA,10,NA,NA
exp6_frontier,tree_medium_hybrid_noema_calibrated_1_random,welfare_vs_posted_at_matched_latency,mechanism,0.9520239803708177,NA,10,NA,NA
exp6_frontier,tree_medium_hybrid_noema_calibrated_1.25_posted_price,welfare,mechanism,56.68785587322642,NA,10,NA,NA
exp6_frontier,tree_medium_hybrid_noema_calibrated_1.25_posted_price,tokens_admitted,mechanism,72.545,NA,10,NA,NA
exp6_frontier,tree_medium_hybrid_noema_calibrated_1.25_posted_price,median_latency,mechanism,73.55691215404414,NA,10,NA,NA
exp6_frontier,tree_medium_hybrid_noema_calibrated_1.25_posted_price,alloc_ratio,mechanism,0.8627843499198413,NA,10,NA,NA
exp6_frontier,tree_medium_hybrid_noema_calibrated_1.25_posted_price,welfare_vs_posted_at_matched_volume,mechanism,NA,NA,10,NA,NA
exp6_frontier,tree_medium_hybrid_noema_calibrated_1.25_posted_price,welfare_vs_posted_at_matched_latency,mechanism,NA,NA,10,NA,NA
exp6_frontier,tree_medium_hybrid_noema_calibrated_1.25_posted_price_edf,welfare,mechanism,53.690179781906245,NA,10,NA,NA
exp6_frontier,tree_medium_hybrid_noema_calibrated_1.25_posted_price_edf,tokens_admitted,mechanism,72.5445,NA,10,NA,NA
exp6_frontier,tree_medium_hybrid_noema_calibrated_1.25_posted_price_edf,median_latency,mechanism,73.56110688114323,NA,10,NA,NA
exp6_frontier,tree_medium_hybrid_noema_calibrated_1.25_posted_price_edf,alloc_ratio,mechanism,0.8184799816232154,NA,10,NA,NA
exp6_frontier,tree_medium_hybrid_noema_calibrated_1.25_posted_price_edf,welfare_vs_posted_at_matched_volume,mechanism,0.9471220126243431,NA,10,NA,NA
exp6_frontier,tree_medium_hybrid_noema_calibrated_1.25_posted_price_edf,welfare_vs_posted_at_matched_latency,mechanism,0.9487348698647976,NA,10,NA,NA
exp6_frontier,tree_medium_hybrid_noema_calibrated_1.25_posted_price_fcfs,welfare,mechanism,53.67495015448844,NA,10,NA,NA
exp6_frontier,tree_medium_hybrid_noema_calibrated_1.25_posted_price_fcfs,tokens_admitted,mechanism,72.5445,NA,10,NA,NA
exp6_frontier,tree_medium_hybrid_noema_calibrated_1.25_posted_price_fcfs,median_latency,mechanism,73.54900379695052,NA,10,NA,NA
exp6_frontier,tree_medium_hybrid_noema_calibrated_1.25_posted_price_fcfs,alloc_ratio,mechanism,0.8182373516411049,NA,10,NA,NA
exp6_frontier,tree_medium_hybrid_noema_calibrated_1.25_posted_price_fcfs,welfare_vs_posted_at_matched_volume,mechanism,0.9468540088525319,NA,10,NA,NA
exp6_frontier,tree_medium_hybrid_noema_calibrated_1.25_posted_price_fcfs,welfare_vs_posted_at_matched_latency,mechanism,0.9487099063624308,NA,10,NA,NA
exp6_frontier,tree_medium_hybrid_noema_calibrated_1.5_posted_price,welfare,mechanism,56.53303755107361,NA,10,NA,NA
exp6_frontier,tree_medium_hybrid_noema_calibrated_1.5_posted_price,tokens_admitted,mechanism,72.2465,NA,10,NA,NA
exp6_frontier,tree_medium_hybrid_noema_calibrated_1.5_posted_price,median_latency,mechanism,73.52447185502449,NA,10,NA,NA
exp6_frontier,tree_medium_hybrid_noema_calibrated_1.5_posted_price,alloc_ratio,mechanism,0.8600127134120347,NA,10,NA,NA
exp6_frontier,tree_medium_hybrid_noema_calibrated_1.5_posted_price,welfare_vs_posted_at_matched_volume,mechanism,NA,NA,10,NA,NA
exp6_frontier,tree_medium_hybrid_noema_calibrated_1.5_posted_price,welfare_vs_posted_at_matched_latency,mechanism,NA,NA,10,NA,NA
exp6_frontier,tree_medium_hybrid_noema_calibrated_1.5_posted_price_edf,welfare,mechanism,53.705615632045756,NA,10,NA,NA
exp6_frontier,tree_medium_hybrid_noema_calibrated_1.5_posted_price_edf,tokens_admitted,mechanism,72.246,NA,10,NA,NA
exp6_frontier,tree_medium_hybrid_noema_calibrated_1.5_posted_price_edf,median_latency,mechanism,73.52797159480131,NA,10,NA,NA
exp6_frontier,tree_medium_hybrid_noema_calibrated_1.5_posted_price_edf,alloc_ratio,mechanism,0.8182498758097339,NA,10,NA,NA
exp6_frontier,tree_medium_hybrid_noema_calibrated_1.5_posted_price_edf,welfare_vs_posted_at_matched_volume,mechanism,0.9499884286637517,NA,10,NA,NA
exp6_frontier,tree_medium_hybrid_noema_calibrated_1.5_posted_price_edf,welfare_vs_posted_at_matched_latency,mechanism,0.9496244117280338,NA,10,NA,NA
exp6_frontier,tree_medium_hybrid_noema_calibrated_1.5_posted_price_fcfs,welfare,mechanism,53.69116758179005,NA,10,NA,NA
exp6_frontier,tree_medium_hybrid_noema_calibrated_1.5_posted_price_fcfs,tokens_admitted,mechanism,72.2455,NA,10,NA,NA
exp6_frontier,tree_medium_hybrid_noema_calibrated_1.5_posted_price_fcfs,median_latency,mechanism,73.51970816561013,NA,10,NA,NA
exp6_frontier,tree_medium_hybrid_noema_calibrated_1.5_posted_price_fcfs,alloc_ratio,mechanism,0.8180390208680806,NA,10,NA,NA
exp6_frontier,tree_medium_hybrid_noema_calibrated_1.5_posted_price_fcfs,welfare_vs_posted_at_matched_volume,mechanism,0.9497371061312153,NA,10,NA,NA
exp6_frontier,tree_medium_hybrid_noema_calibrated_1.5_posted_price_fcfs,welfare_vs_posted_at_matched_latency,mechanism,0.9497932296116769,NA,10,NA,NA
exp6_frontier,tree_medium_hybrid_noema_calibrated_1.75_posted_price,welfare,mechanism,55.37487312493881,NA,10,NA,NA
exp6_frontier,tree_medium_hybrid_noema_calibrated_1.75_posted_price,tokens_admitted,mechanism,69.907,NA,10,NA,NA
exp6_frontier,tree_medium_hybrid_noema_calibrated_1.75_posted_price,median_latency,mechanism,73.2544896241428,NA,10,NA,NA
exp6_frontier,tree_medium_hybrid_noema_calibrated_1.75_posted_price,alloc_ratio,mechanism,0.8393767581099965,NA,10,NA,NA
exp6_frontier,tree_medium_hybrid_noema_calibrated_1.75_posted_price,welfare_vs_posted_at_matched_volume,mechanism,NA,NA,10,NA,NA
exp6_frontier,tree_medium_hybrid_noema_calibrated_1.75_posted_price,welfare_vs_posted_at_matched_latency,mechanism,NA,NA,10,NA,NA
exp6_frontier,tree_medium_hybrid_noema_calibrated_1.75_posted_price_edf,welfare,mechanism,53.97975184698325,NA,10,NA,NA
exp6_frontier,tree_medium_hybrid_noema_calibrated_1.75_posted_price_edf,tokens_admitted,mechanism,69.904,NA,10,NA,NA
exp6_frontier,tree_medium_hybrid_noema_calibrated_1.75_posted_price_edf,median_latency,mechanism,73.25424216951116,NA,10,NA,NA
exp6_frontier,tree_medium_hybrid_noema_calibrated_1.75_posted_price_edf,alloc_ratio,mechanism,0.8191792275253263,NA,10,NA,NA
exp6_frontier,tree_medium_hybrid_noema_calibrated_1.75_posted_price_edf,welfare_vs_posted_at_matched_volume,mechanism,0.9748391065455778,NA,10,NA,NA
exp6_frontier,tree_medium_hybrid_noema_calibrated_1.75_posted_price_edf,welfare_vs_posted_at_matched_latency,mechanism,0.9750023194151328,NA,10,NA,NA
exp6_frontier,tree_medium_hybrid_noema_calibrated_1.75_posted_price_fcfs,welfare,mechanism,53.96760914208859,NA,10,NA,NA
exp6_frontier,tree_medium_hybrid_noema_calibrated_1.75_posted_price_fcfs,tokens_admitted,mechanism,69.9095,NA,10,NA,NA
exp6_frontier,tree_medium_hybrid_noema_calibrated_1.75_posted_price_fcfs,median_latency,mechanism,73.249106270069,NA,10,NA,NA
exp6_frontier,tree_medium_hybrid_noema_calibrated_1.75_posted_price_fcfs,alloc_ratio,mechanism,0.8190837028440461,NA,10,NA,NA
exp6_frontier,tree_medium_hybrid_noema_calibrated_1.75_posted_price_fcfs,welfare_vs_posted_at_matched_volume,mechanism,0.9745690320534391,NA,10,NA,NA
exp6_frontier,tree_medium_hybrid_noema_calibrated_1.75_posted_price_fcfs,welfare_vs_posted_at_matched_latency,mechanism,0.9752366842869945,NA,10,NA,NA
exp6_frontier,tree_medium_hybrid_noema_calibrated_2_market_posted_slice,welfare,mechanism,56.682105380957324,NA,10,NA,NA
exp6_frontier,tree_medium_hybrid_noema_calibrated_2_market_posted_slice,tokens_admitted,mechanism,72.5345,NA,10,NA,NA
exp6_frontier,tree_medium_hybrid_noema_calibrated_2_market_posted_slice,median_latency,mechanism,73.5509968738875,NA,10,NA,NA
exp6_frontier,tree_medium_hybrid_noema_calibrated_2_market_posted_slice,alloc_ratio,mechanism,0.8626633744431244,NA,10,NA,NA
exp6_frontier,tree_medium_hybrid_noema_calibrated_2_market_posted_slice,welfare_vs_posted_at_matched_volume,mechanism,0.9999978329262167,NA,10,NA,NA
exp6_frontier,tree_medium_hybrid_noema_calibrated_2_market_posted_slice,welfare_vs_posted_at_matched_latency,mechanism,1.00157566818995,NA,10,NA,NA
exp6_frontier,tree_medium_hybrid_noema_calibrated_2_posted_price,welfare,mechanism,52.09782903510934,NA,10,NA,NA
exp6_frontier,tree_medium_hybrid_noema_calibrated_2_posted_price,tokens_admitted,mechanism,63.976,NA,10,NA,NA
exp6_frontier,tree_medium_hybrid_noema_calibrated_2_posted_price,median_latency,mechanism,72.65025829782597,NA,10,NA,NA
exp6_frontier,tree_medium_hybrid_noema_calibrated_2_posted_price,alloc_ratio,mechanism,0.7832780903045229,NA,10,NA,NA
exp6_frontier,tree_medium_hybrid_noema_calibrated_2_posted_price,welfare_vs_posted_at_matched_volume,mechanism,NA,NA,10,NA,NA
exp6_frontier,tree_medium_hybrid_noema_calibrated_2_posted_price,welfare_vs_posted_at_matched_latency,mechanism,NA,NA,10,NA,NA
exp6_frontier,tree_medium_hybrid_noema_calibrated_2_posted_price_edf,welfare,mechanism,51.682960143488586,NA,10,NA,NA
exp6_frontier,tree_medium_hybrid_noema_calibrated_2_posted_price_edf,tokens_admitted,mechanism,63.978500000000004,NA,10,NA,NA
exp6_frontier,tree_medium_hybrid_noema_calibrated_2_posted_price_edf,median_latency,mechanism,72.64619025235216,NA,10,NA,NA
exp6_frontier,tree_medium_hybrid_noema_calibrated_2_posted_price_edf,alloc_ratio,mechanism,0.7774506342609993,NA,10,NA,NA
exp6_frontier,tree_medium_hybrid_noema_calibrated_2_posted_price_edf,welfare_vs_posted_at_matched_volume,mechanism,0.9920166360179877,NA,10,NA,NA
exp6_frontier,tree_medium_hybrid_noema_calibrated_2_posted_price_edf,welfare_vs_posted_at_matched_latency,mechanism,0.99292684855653,NA,10,NA,NA
exp6_frontier,tree_medium_hybrid_noema_calibrated_2_posted_price_fcfs,welfare,mechanism,51.68406227312954,NA,10,NA,NA
exp6_frontier,tree_medium_hybrid_noema_calibrated_2_posted_price_fcfs,tokens_admitted,mechanism,63.980000000000004,NA,10,NA,NA
exp6_frontier,tree_medium_hybrid_noema_calibrated_2_posted_price_fcfs,median_latency,mechanism,72.64387056590297,NA,10,NA,NA
exp6_frontier,tree_medium_hybrid_noema_calibrated_2_posted_price_fcfs,alloc_ratio,mechanism,0.7774967351828983,NA,10,NA,NA
exp6_frontier,tree_medium_hybrid_noema_calibrated_2_posted_price_fcfs,welfare_vs_posted_at_matched_volume,mechanism,0.9920215951999728,NA,10,NA,NA
exp6_frontier,tree_medium_hybrid_noema_calibrated_2_posted_price_fcfs,welfare_vs_posted_at_matched_latency,mechanism,0.993289971725411,NA,10,NA,NA
exp6_frontier,tree_medium_hybrid_noema_calibrated_2_posted_price_matched,welfare,mechanism,52.09782903510934,NA,10,NA,NA
exp6_frontier,tree_medium_hybrid_noema_calibrated_2_posted_price_matched,tokens_admitted,mechanism,63.976,NA,10,NA,NA
exp6_frontier,tree_medium_hybrid_noema_calibrated_2_posted_price_matched,median_latency,mechanism,72.65025829782597,NA,10,NA,NA
exp6_frontier,tree_medium_hybrid_noema_calibrated_2_posted_price_matched,alloc_ratio,mechanism,0.7832780903045229,NA,10,NA,NA
exp6_frontier,tree_medium_hybrid_noema_calibrated_2_posted_price_matched,welfare_vs_posted_at_matched_volume,mechanism,1,NA,10,NA,NA
exp6_frontier,tree_medium_hybrid_noema_calibrated_2_posted_price_matched,welfare_vs_posted_at_matched_latency,mechanism,1,NA,10,NA,NA
exp6_frontier,tree_medium_hybrid_noema_calibrated_2.25_posted_price,welfare,mechanism,47.16777050248636,NA,10,NA,NA
exp6_frontier,tree_medium_hybrid_noema_calibrated_2.25_posted_price,tokens_admitted,mechanism,56.153999999999996,NA,10,NA,NA
exp6_frontier,tree_medium_hybrid_noema_calibrated_2.25_posted_price,median_latency,mechanism,72.00602406002612,NA,10,NA,NA
exp6_frontier,tree_medium_hybrid_noema_calibrated_2.25_posted_price,alloc_ratio,mechanism,0.7037818361957481,NA,10,NA,NA
exp6_frontier,tree_medium_hybrid_noema_calibrated_2.25_posted_price,welfare_vs_posted_at_matched_volume,mechanism,NA,NA,10,NA,NA
exp6_frontier,tree_medium_hybrid_noema_calibrated_2.25_posted_price,welfare_vs_posted_at_matched_latency,mechanism,NA,NA,10,NA,NA
exp6_frontier,tree_medium_hybrid_noema_calibrated_2.25_posted_price_edf,welfare,mechanism,47.065756883640276,NA,10,NA,NA
exp6_frontier,tree_medium_hybrid_noema_calibrated_2.25_posted_price_edf,tokens_admitted,mechanism,56.153,NA,10,NA,NA
exp6_frontier,tree_medium_hybrid_noema_calibrated_2.25_posted_price_edf,median_latency,mechanism,72.00126619679058,NA,10,NA,NA
exp6_frontier,tree_medium_hybrid_noema_calibrated_2.25_posted_price_edf,alloc_ratio,mechanism,0.702384856616536,NA,10,NA,NA
exp6_frontier,tree_medium_hybrid_noema_calibrated_2.25_posted_price_edf,welfare_vs_posted_at_matched_volume,mechanism,0.99785351490867,NA,10,NA,NA
exp6_frontier,tree_medium_hybrid_noema_calibrated_2.25_posted_price_edf,welfare_vs_posted_at_matched_latency,mechanism,0.9993468986673251,NA,10,NA,NA
exp6_frontier,tree_medium_hybrid_noema_calibrated_2.25_posted_price_fcfs,welfare,mechanism,47.060882918291334,NA,10,NA,NA
exp6_frontier,tree_medium_hybrid_noema_calibrated_2.25_posted_price_fcfs,tokens_admitted,mechanism,56.1495,NA,10,NA,NA
exp6_frontier,tree_medium_hybrid_noema_calibrated_2.25_posted_price_fcfs,median_latency,mechanism,72.00261974222063,NA,10,NA,NA
exp6_frontier,tree_medium_hybrid_noema_calibrated_2.25_posted_price_fcfs,alloc_ratio,mechanism,0.7023212203377448,NA,10,NA,NA
exp6_frontier,tree_medium_hybrid_noema_calibrated_2.25_posted_price_fcfs,welfare_vs_posted_at_matched_volume,mechanism,0.9977995320545483,NA,10,NA,NA
exp6_frontier,tree_medium_hybrid_noema_calibrated_2.25_posted_price_fcfs,welfare_vs_posted_at_matched_latency,mechanism,0.998946020096839,NA,10,NA,NA
exp6_frontier,tree_medium_hybrid_noema_calibrated_2.5_posted_price,welfare,mechanism,41.470632401030706,NA,10,NA,NA
exp6_frontier,tree_medium_hybrid_noema_calibrated_2.5_posted_price,tokens_admitted,mechanism,47.891,NA,10,NA,NA
exp6_frontier,tree_medium_hybrid_noema_calibrated_2.5_posted_price,median_latency,mechanism,71.47183030507863,NA,10,NA,NA
exp6_frontier,tree_medium_hybrid_noema_calibrated_2.5_posted_price,alloc_ratio,mechanism,0.6150121605602583,NA,10,NA,NA
exp6_frontier,tree_medium_hybrid_noema_calibrated_2.5_posted_price,welfare_vs_posted_at_matched_volume,mechanism,NA,NA,10,NA,NA
exp6_frontier,tree_medium_hybrid_noema_calibrated_2.5_posted_price,welfare_vs_posted_at_matched_latency,mechanism,NA,NA,10,NA,NA
exp6_frontier,tree_medium_hybrid_noema_calibrated_2.5_posted_price_edf,welfare,mechanism,41.454616794021035,NA,10,NA,NA
exp6_frontier,tree_medium_hybrid_noema_calibrated_2.5_posted_price_edf,tokens_admitted,mechanism,47.89,NA,10,NA,NA
exp6_frontier,tree_medium_hybrid_noema_calibrated_2.5_posted_price_edf,median_latency,mechanism,71.45980709728427,NA,10,NA,NA
exp6_frontier,tree_medium_hybrid_noema_calibrated_2.5_posted_price_edf,alloc_ratio,mechanism,0.6147953081364352,NA,10,NA,NA
exp6_frontier,tree_medium_hybrid_noema_calibrated_2.5_posted_price_edf,welfare_vs_posted_at_matched_volume,mechanism,0.9996356419412288,NA,10,NA,NA
exp6_frontier,tree_medium_hybrid_noema_calibrated_2.5_posted_price_edf,welfare_vs_posted_at_matched_latency,mechanism,1.0047850883030227,NA,10,NA,NA
exp6_frontier,tree_medium_hybrid_noema_calibrated_2.5_posted_price_fcfs,welfare,mechanism,41.45080571547913,NA,10,NA,NA
exp6_frontier,tree_medium_hybrid_noema_calibrated_2.5_posted_price_fcfs,tokens_admitted,mechanism,47.888,NA,10,NA,NA
exp6_frontier,tree_medium_hybrid_noema_calibrated_2.5_posted_price_fcfs,median_latency,mechanism,71.46083601874557,NA,10,NA,NA
exp6_frontier,tree_medium_hybrid_noema_calibrated_2.5_posted_price_fcfs,alloc_ratio,mechanism,0.6147599154500188,NA,10,NA,NA
exp6_frontier,tree_medium_hybrid_noema_calibrated_2.5_posted_price_fcfs,welfare_vs_posted_at_matched_volume,mechanism,0.9995799374076878,NA,10,NA,NA
exp6_frontier,tree_medium_hybrid_noema_calibrated_2.5_posted_price_fcfs,welfare_vs_posted_at_matched_latency,mechanism,1.0047591767898936,NA,10,NA,NA
exp6_frontier,tree_medium_hybrid_noema_calibrated_3_posted_price,welfare,mechanism,29.33204291550401,NA,10,NA,NA
exp6_frontier,tree_medium_hybrid_noema_calibrated_3_posted_price,tokens_admitted,mechanism,31.985500000000002,NA,10,NA,NA
exp6_frontier,tree_medium_hybrid_noema_calibrated_3_posted_price,median_latency,mechanism,70.76050282570344,NA,10,NA,NA
exp6_frontier,tree_medium_hybrid_noema_calibrated_3_posted_price,alloc_ratio,mechanism,0.43153657789351485,NA,10,NA,NA
exp6_frontier,tree_medium_hybrid_noema_calibrated_3_posted_price,welfare_vs_posted_at_matched_volume,mechanism,NA,NA,10,NA,NA
exp6_frontier,tree_medium_hybrid_noema_calibrated_3_posted_price,welfare_vs_posted_at_matched_latency,mechanism,NA,NA,10,NA,NA
exp6_frontier,tree_medium_hybrid_noema_calibrated_3_posted_price_edf,welfare,mechanism,29.331007211875953,NA,10,NA,NA
exp6_frontier,tree_medium_hybrid_noema_calibrated_3_posted_price_edf,tokens_admitted,mechanism,31.985500000000002,NA,10,NA,NA
exp6_frontier,tree_medium_hybrid_noema_calibrated_3_posted_price_edf,median_latency,mechanism,70.75727007637003,NA,10,NA,NA
exp6_frontier,tree_medium_hybrid_noema_calibrated_3_posted_price_edf,alloc_ratio,mechanism,0.43153657789351485,NA,10,NA,NA
exp6_frontier,tree_medium_hybrid_noema_calibrated_3_posted_price_edf,welfare_vs_posted_at_matched_volume,mechanism,0.9999644403637409,NA,10,NA,NA
exp6_frontier,tree_medium_hybrid_noema_calibrated_3_posted_price_edf,welfare_vs_posted_at_matched_latency,mechanism,0.9955746608684526,NA,10,NA,NA
exp6_frontier,tree_medium_hybrid_noema_calibrated_3_posted_price_fcfs,welfare,mechanism,29.33172867843253,NA,10,NA,NA
exp6_frontier,tree_medium_hybrid_noema_calibrated_3_posted_price_fcfs,tokens_admitted,mechanism,31.985500000000002,NA,10,NA,NA
exp6_frontier,tree_medium_hybrid_noema_calibrated_3_posted_price_fcfs,median_latency,mechanism,70.76068046102156,NA,10,NA,NA
exp6_frontier,tree_medium_hybrid_noema_calibrated_3_posted_price_fcfs,alloc_ratio,mechanism,0.43153657789351485,NA,10,NA,NA
exp6_frontier,tree_medium_hybrid_noema_calibrated_3_posted_price_fcfs,welfare_vs_posted_at_matched_volume,mechanism,0.9999889020596819,NA,10,NA,NA
exp6_frontier,tree_medium_hybrid_noema_calibrated_3_posted_price_fcfs,welfare_vs_posted_at_matched_latency,mechanism,0.9958760471626679,NA,10,NA,NA
exp6_frontier,tree_medium_hybrid_noema_calibrated_4_posted_price,welfare,mechanism,0,NA,10,NA,NA
exp6_frontier,tree_medium_hybrid_noema_calibrated_4_posted_price,tokens_admitted,mechanism,0,NA,10,NA,NA
exp6_frontier,tree_medium_hybrid_noema_calibrated_4_posted_price,median_latency,mechanism,NA,NA,10,NA,NA
exp6_frontier,tree_medium_hybrid_noema_calibrated_4_posted_price,alloc_ratio,mechanism,0,NA,10,NA,NA
exp6_frontier,tree_medium_hybrid_noema_calibrated_4_posted_price,welfare_vs_posted_at_matched_volume,mechanism,NA,NA,10,NA,NA
exp6_frontier,tree_medium_hybrid_noema_calibrated_4_posted_price,welfare_vs_posted_at_matched_latency,mechanism,NA,NA,10,NA,NA
exp6_frontier,tree_medium_hybrid_noema_calibrated_4_posted_price_edf,welfare,mechanism,0,NA,10,NA,NA
exp6_frontier,tree_medium_hybrid_noema_calibrated_4_posted_price_edf,tokens_admitted,mechanism,0,NA,10,NA,NA
exp6_frontier,tree_medium_hybrid_noema_calibrated_4_posted_price_edf,median_latency,mechanism,NA,NA,10,NA,NA
exp6_frontier,tree_medium_hybrid_noema_calibrated_4_posted_price_edf,alloc_ratio,mechanism,0,NA,10,NA,NA
exp6_frontier,tree_medium_hybrid_noema_calibrated_4_posted_price_edf,welfare_vs_posted_at_matched_volume,mechanism,NA,NA,10,NA,NA
exp6_frontier,tree_medium_hybrid_noema_calibrated_4_posted_price_edf,welfare_vs_posted_at_matched_latency,mechanism,NA,NA,10,NA,NA
exp6_frontier,tree_medium_hybrid_noema_calibrated_4_posted_price_fcfs,welfare,mechanism,0,NA,10,NA,NA
exp6_frontier,tree_medium_hybrid_noema_calibrated_4_posted_price_fcfs,tokens_admitted,mechanism,0,NA,10,NA,NA
exp6_frontier,tree_medium_hybrid_noema_calibrated_4_posted_price_fcfs,median_latency,mechanism,NA,NA,10,NA,NA
exp6_frontier,tree_medium_hybrid_noema_calibrated_4_posted_price_fcfs,alloc_ratio,mechanism,0,NA,10,NA,NA
exp6_frontier,tree_medium_hybrid_noema_calibrated_4_posted_price_fcfs,welfare_vs_posted_at_matched_volume,mechanism,NA,NA,10,NA,NA
exp6_frontier,tree_medium_hybrid_noema_calibrated_4_posted_price_fcfs,welfare_vs_posted_at_matched_latency,mechanism,NA,NA,10,NA,NA
exp6_frontier,tree_medium_hybrid_noema_calibrated_4_posted_price_matched,welfare,mechanism,0,NA,10,NA,NA
exp6_frontier,tree_medium_hybrid_noema_calibrated_4_posted_price_matched,tokens_admitted,mechanism,0,NA,10,NA,NA
exp6_frontier,tree_medium_hybrid_noema_calibrated_4_posted_price_matched,median_latency,mechanism,NA,NA,10,NA,NA
exp6_frontier,tree_medium_hybrid_noema_calibrated_4_posted_price_matched,alloc_ratio,mechanism,0,NA,10,NA,NA
exp6_frontier,tree_medium_hybrid_noema_calibrated_4_posted_price_matched,welfare_vs_posted_at_matched_volume,mechanism,NA,NA,10,NA,NA
exp6_frontier,tree_medium_hybrid_noema_calibrated_4_posted_price_matched,welfare_vs_posted_at_matched_latency,mechanism,NA,NA,10,NA,NA
exp6_frontier,tree_medium_naive_baseline_1_edf,welfare,mechanism,40.86550747784452,NA,10,NA,NA
exp6_frontier,tree_medium_naive_baseline_1_edf,tokens_admitted,mechanism,88.8015,NA,10,NA,NA
exp6_frontier,tree_medium_naive_baseline_1_edf,median_latency,mechanism,150.63311141557276,NA,10,NA,NA
exp6_frontier,tree_medium_naive_baseline_1_edf,alloc_ratio,mechanism,0.9961011511874586,NA,10,NA,NA
exp6_frontier,tree_medium_naive_baseline_1_edf,welfare_vs_posted_at_matched_volume,mechanism,0.9976425325863415,NA,10,NA,NA
exp6_frontier,tree_medium_naive_baseline_1_edf,welfare_vs_posted_at_matched_latency,mechanism,NA,NA,10,NA,NA
exp6_frontier,tree_medium_naive_baseline_1_greedy_ev,welfare,mechanism,40.98018131790987,NA,10,NA,NA
exp6_frontier,tree_medium_naive_baseline_1_greedy_ev,tokens_admitted,mechanism,88.8015,NA,10,NA,NA
exp6_frontier,tree_medium_naive_baseline_1_greedy_ev,median_latency,mechanism,149.80077383099714,NA,10,NA,NA
exp6_frontier,tree_medium_naive_baseline_1_greedy_ev,alloc_ratio,mechanism,0.9999419344582493,NA,10,NA,NA
exp6_frontier,tree_medium_naive_baseline_1_greedy_ev,welfare_vs_posted_at_matched_volume,mechanism,1,NA,10,NA,NA
exp6_frontier,tree_medium_naive_baseline_1_greedy_ev,welfare_vs_posted_at_matched_latency,mechanism,1.0000030758144811,NA,10,NA,NA
exp6_frontier,tree_medium_naive_baseline_1_k8s,welfare,mechanism,40.86513762871984,NA,10,NA,NA
exp6_frontier,tree_medium_naive_baseline_1_k8s,tokens_admitted,mechanism,88.8015,NA,10,NA,NA
exp6_frontier,tree_medium_naive_baseline_1_k8s,median_latency,mechanism,151.07602689554932,NA,10,NA,NA
exp6_frontier,tree_medium_naive_baseline_1_k8s,alloc_ratio,mechanism,0.9961398177074156,NA,10,NA,NA
exp6_frontier,tree_medium_naive_baseline_1_k8s,welfare_vs_posted_at_matched_volume,mechanism,0.997600382328561,NA,10,NA,NA
exp6_frontier,tree_medium_naive_baseline_1_k8s,welfare_vs_posted_at_matched_latency,mechanism,NA,NA,10,NA,NA
exp6_frontier,tree_medium_naive_baseline_1_market,welfare,mechanism,41.504032904371634,NA,10,NA,NA
exp6_frontier,tree_medium_naive_baseline_1_market,tokens_admitted,mechanism,88.72149999999999,NA,10,NA,NA
exp6_frontier,tree_medium_naive_baseline_1_market,median_latency,mechanism,145.99208282043705,NA,10,NA,NA
exp6_frontier,tree_medium_naive_baseline_1_market,alloc_ratio,mechanism,0.9993038936774182,NA,10,NA,NA
exp6_frontier,tree_medium_naive_baseline_1_market,welfare_vs_posted_at_matched_volume,mechanism,1.0102151990851946,NA,10,NA,NA
exp6_frontier,tree_medium_naive_baseline_1_market,welfare_vs_posted_at_matched_latency,mechanism,0.995506350891339,NA,10,NA,NA
exp6_frontier,tree_medium_naive_baseline_1_market_asc,welfare,mechanism,41.54227000804728,NA,10,NA,NA
exp6_frontier,tree_medium_naive_baseline_1_market_asc,tokens_admitted,mechanism,88.721,NA,10,NA,NA
exp6_frontier,tree_medium_naive_baseline_1_market_asc,median_latency,mechanism,145.29232511348812,NA,10,NA,NA
exp6_frontier,tree_medium_naive_baseline_1_market_asc,alloc_ratio,mechanism,0.9992538604608356,NA,10,NA,NA
exp6_frontier,tree_medium_naive_baseline_1_market_asc,welfare_vs_posted_at_matched_volume,mechanism,1.0108375655951616,NA,10,NA,NA
exp6_frontier,tree_medium_naive_baseline_1_market_asc,welfare_vs_posted_at_matched_latency,mechanism,0.9933265018688494,NA,10,NA,NA
exp6_frontier,tree_medium_naive_baseline_1_market_cc,welfare,mechanism,36.71286561067708,NA,10,NA,NA
exp6_frontier,tree_medium_naive_baseline_1_market_cc,tokens_admitted,mechanism,73.6735,NA,10,NA,NA
exp6_frontier,tree_medium_naive_baseline_1_market_cc,median_latency,mechanism,133.60978858925847,NA,10,NA,NA
exp6_frontier,tree_medium_naive_baseline_1_market_cc,alloc_ratio,mechanism,0.8307647133031666,NA,10,NA,NA
exp6_frontier,tree_medium_naive_baseline_1_market_cc,welfare_vs_posted_at_matched_volume,mechanism,0.7234807885946559,NA,10,NA,NA
exp6_frontier,tree_medium_naive_baseline_1_market_cc,welfare_vs_posted_at_matched_latency,mechanism,0.8339886932675589,NA,10,NA,NA
exp6_frontier,tree_medium_naive_baseline_1_posted_price,welfare,mechanism,41.00646256910016,NA,10,NA,NA
exp6_frontier,tree_medium_naive_baseline_1_posted_price,tokens_admitted,mechanism,88.78999999999999,NA,10,NA,NA
exp6_frontier,tree_medium_naive_baseline_1_posted_price,median_latency,mechanism,149.64588362097126,NA,10,NA,NA
exp6_frontier,tree_medium_naive_baseline_1_posted_price,alloc_ratio,mechanism,0.9998468004795777,NA,10,NA,NA
exp6_frontier,tree_medium_naive_baseline_1_posted_price,welfare_vs_posted_at_matched_volume,mechanism,NA,NA,10,NA,NA
exp6_frontier,tree_medium_naive_baseline_1_posted_price,welfare_vs_posted_at_matched_latency,mechanism,NA,NA,10,NA,NA
exp6_frontier,tree_medium_naive_baseline_1_posted_price_edf,welfare,mechanism,40.88124001483237,NA,10,NA,NA
exp6_frontier,tree_medium_naive_baseline_1_posted_price_edf,tokens_admitted,mechanism,88.78999999999999,NA,10,NA,NA
exp6_frontier,tree_medium_naive_baseline_1_posted_price_edf,median_latency,mechanism,150.75283902859115,NA,10,NA,NA
exp6_frontier,tree_medium_naive_baseline_1_posted_price_edf,alloc_ratio,mechanism,0.9959688989481552,NA,10,NA,NA
exp6_frontier,tree_medium_naive_baseline_1_posted_price_edf,welfare_vs_posted_at_matched_volume,mechanism,0.9968947412426913,NA,10,NA,NA
exp6_frontier,tree_medium_naive_baseline_1_posted_price_edf,welfare_vs_posted_at_matched_latency,mechanism,NA,NA,10,NA,NA
exp6_frontier,tree_medium_naive_baseline_1_posted_price_fcfs,welfare,mechanism,40.8880538275949,NA,10,NA,NA
exp6_frontier,tree_medium_naive_baseline_1_posted_price_fcfs,tokens_admitted,mechanism,88.791,NA,10,NA,NA
exp6_frontier,tree_medium_naive_baseline_1_posted_price_fcfs,median_latency,mechanism,150.752981847738,NA,10,NA,NA
exp6_frontier,tree_medium_naive_baseline_1_posted_price_fcfs,alloc_ratio,mechanism,0.9960044828503006,NA,10,NA,NA
exp6_frontier,tree_medium_naive_baseline_1_posted_price_fcfs,welfare_vs_posted_at_matched_volume,mechanism,0.9970451097553374,NA,10,NA,NA
exp6_frontier,tree_medium_naive_baseline_1_posted_price_fcfs,welfare_vs_posted_at_matched_latency,mechanism,NA,NA,10,NA,NA
exp6_frontier,tree_medium_naive_baseline_1_posted_price_matched,welfare,mechanism,41.00646256910016,NA,10,NA,NA
exp6_frontier,tree_medium_naive_baseline_1_posted_price_matched,tokens_admitted,mechanism,88.78999999999999,NA,10,NA,NA
exp6_frontier,tree_medium_naive_baseline_1_posted_price_matched,median_latency,mechanism,149.64588362097126,NA,10,NA,NA
exp6_frontier,tree_medium_naive_baseline_1_posted_price_matched,alloc_ratio,mechanism,0.9998468004795777,NA,10,NA,NA
exp6_frontier,tree_medium_naive_baseline_1_posted_price_matched,welfare_vs_posted_at_matched_volume,mechanism,1,NA,10,NA,NA
exp6_frontier,tree_medium_naive_baseline_1_posted_price_matched,welfare_vs_posted_at_matched_latency,mechanism,1,NA,10,NA,NA
exp6_frontier,tree_medium_naive_baseline_1_random,welfare,mechanism,40.87832983115805,NA,10,NA,NA
exp6_frontier,tree_medium_naive_baseline_1_random,tokens_admitted,mechanism,88.8015,NA,10,NA,NA
exp6_frontier,tree_medium_naive_baseline_1_random,median_latency,mechanism,150.60122150079926,NA,10,NA,NA
exp6_frontier,tree_medium_naive_baseline_1_random,alloc_ratio,mechanism,0.9961880869522282,NA,10,NA,NA
exp6_frontier,tree_medium_naive_baseline_1_random,welfare_vs_posted_at_matched_volume,mechanism,0.9980445329052798,NA,10,NA,NA
exp6_frontier,tree_medium_naive_baseline_1_random,welfare_vs_posted_at_matched_latency,mechanism,NA,NA,10,NA,NA
exp6_frontier,tree_medium_naive_baseline_1.25_posted_price,welfare,mechanism,41.261805423376906,NA,10,NA,NA
exp6_frontier,tree_medium_naive_baseline_1.25_posted_price,tokens_admitted,mechanism,88.59100000000001,NA,10,NA,NA
exp6_frontier,tree_medium_naive_baseline_1.25_posted_price,median_latency,mechanism,148.26388490538355,NA,10,NA,NA
exp6_frontier,tree_medium_naive_baseline_1.25_posted_price,alloc_ratio,mechanism,0.9981552186798818,NA,10,NA,NA
exp6_frontier,tree_medium_naive_baseline_1.25_posted_price,welfare_vs_posted_at_matched_volume,mechanism,NA,NA,10,NA,NA
exp6_frontier,tree_medium_naive_baseline_1.25_posted_price,welfare_vs_posted_at_matched_latency,mechanism,NA,NA,10,NA,NA
exp6_frontier,tree_medium_naive_baseline_1.25_posted_price_edf,welfare,mechanism,41.140697515051436,NA,10,NA,NA
exp6_frontier,tree_medium_naive_baseline_1.25_posted_price_edf,tokens_admitted,mechanism,88.592,NA,10,NA,NA
exp6_frontier,tree_medium_naive_baseline_1.25_posted_price_edf,median_latency,mechanism,149.24829271009702,NA,10,NA,NA
exp6_frontier,tree_medium_naive_baseline_1.25_posted_price_edf,alloc_ratio,mechanism,0.9943417342881832,NA,10,NA,NA
exp6_frontier,tree_medium_naive_baseline_1.25_posted_price_edf,welfare_vs_posted_at_matched_volume,mechanism,0.9970419171967839,NA,10,NA,NA
exp6_frontier,tree_medium_naive_baseline_1.25_posted_price_edf,welfare_vs_posted_at_matched_latency,mechanism,1.0011766434516947,NA,10,NA,NA
exp6_frontier,tree_medium_naive_baseline_1.25_posted_price_fcfs,welfare,mechanism,41.14682006587715,NA,10,NA,NA
exp6_frontier,tree_medium_naive_baseline_1.25_posted_price_fcfs,tokens_admitted,mechanism,88.593,NA,10,NA,NA
exp6_frontier,tree_medium_naive_baseline_1.25_posted_price_fcfs,median_latency,mechanism,149.26862361536953,NA,10,NA,NA
exp6_frontier,tree_medium_naive_baseline_1.25_posted_price_fcfs,alloc_ratio,mechanism,0.9943761234459458,NA,10,NA,NA
exp6_frontier,tree_medium_naive_baseline_1.25_posted_price_fcfs,welfare_vs_posted_at_matched_volume,mechanism,0.9972353580253579,NA,10,NA,NA
exp6_frontier,tree_medium_naive_baseline_1.25_posted_price_fcfs,welfare_vs_posted_at_matched_latency,mechanism,1.0007690419186495,NA,10,NA,NA
exp6_frontier,tree_medium_naive_baseline_1.5_posted_price,welfare,mechanism,43.0385045835854,NA,10,NA,NA
exp6_frontier,tree_medium_naive_baseline_1.5_posted_price,tokens_admitted,mechanism,87.2095,NA,10,NA,NA
exp6_frontier,tree_medium_naive_baseline_1.5_posted_price,median_latency,mechanism,138.87861978285233,NA,10,NA,NA
exp6_frontier,tree_medium_naive_baseline_1.5_posted_price,alloc_ratio,mechanism,0.986608169959541,NA,10,NA,NA
exp6_frontier,tree_medium_naive_baseline_1.5_posted_price,welfare_vs_posted_at_matched_volume,mechanism,NA,NA,10,NA,NA
exp6_frontier,tree_medium_naive_baseline_1.5_posted_price,welfare_vs_posted_at_matched_latency,mechanism,NA,NA,10,NA,NA
exp6_frontier,tree_medium_naive_baseline_1.5_posted_price_edf,welfare,mechanism,42.95957499029445,NA,10,NA,NA
exp6_frontier,tree_medium_naive_baseline_1.5_posted_price_edf,tokens_admitted,mechanism,87.1985,NA,10,NA,NA
exp6_frontier,tree_medium_naive_baseline_1.5_posted_price_edf,median_latency,mechanism,139.56618012000433,NA,10,NA,NA
exp6_frontier,tree_medium_naive_baseline_1.5_posted_price_edf,alloc_ratio,mechanism,0.9834474807665582,NA,10,NA,NA
exp6_frontier,tree_medium_naive_baseline_1.5_posted_price_edf,welfare_vs_posted_at_matched_volume,mechanism,0.9979335032148924,NA,10,NA,NA
exp6_frontier,tree_medium_naive_baseline_1.5_posted_price_edf,welfare_vs_posted_at_matched_latency,mechanism,1.0012570326281243,NA,10,NA,NA
exp6_frontier,tree_medium_naive_baseline_1.5_posted_price_fcfs,welfare,mechanism,42.96465306813406,NA,10,NA,NA
exp6_frontier,tree_medium_naive_baseline_1.5_posted_price_fcfs,tokens_admitted,mechanism,87.1935,NA,10,NA,NA
exp6_frontier,tree_medium_naive_baseline_1.5_posted_price_fcfs,median_latency,mechanism,139.54200522180975,NA,10,NA,NA
exp6_frontier,tree_medium_naive_baseline_1.5_posted_price_fcfs,alloc_ratio,mechanism,0.9833944444675035,NA,10,NA,NA
exp6_frontier,tree_medium_naive_baseline_1.5_posted_price_fcfs,welfare_vs_posted_at_matched_volume,mechanism,0.9979382653605545,NA,10,NA,NA
exp6_frontier,tree_medium_naive_baseline_1.5_posted_price_fcfs,welfare_vs_posted_at_matched_latency,mechanism,1.0012610769184345,NA,10,NA,NA
exp6_frontier,tree_medium_naive_baseline_1.75_posted_price,welfare,mechanism,49.826449673395985,NA,10,NA,NA
exp6_frontier,tree_medium_naive_baseline_1.75_posted_price,tokens_admitted,mechanism,79.8685,NA,10,NA,NA
exp6_frontier,tree_medium_naive_baseline_1.75_posted_price,median_latency,mechanism,102.34949077295974,NA,10,NA,NA
exp6_frontier,tree_medium_naive_baseline_1.75_posted_price,alloc_ratio,mechanism,0.9254706773172537,NA,10,NA,NA
exp6_frontier,tree_medium_naive_baseline_1.75_posted_price,welfare_vs_posted_at_matched_volume,mechanism,NA,NA,10,NA,NA
exp6_frontier,tree_medium_naive_baseline_1.75_posted_price,welfare_vs_posted_at_matched_latency,mechanism,NA,NA,10,NA,NA
exp6_frontier,tree_medium_naive_baseline_1.75_posted_price_edf,welfare,mechanism,49.81745704589526,NA,10,NA,NA
exp6_frontier,tree_medium_naive_baseline_1.75_posted_price_edf,tokens_admitted,mechanism,79.87,NA,10,NA,NA
exp6_frontier,tree_medium_naive_baseline_1.75_posted_price_edf,median_latency,mechanism,102.37059409783697,NA,10,NA,NA
exp6_frontier,tree_medium_naive_baseline_1.75_posted_price_edf,alloc_ratio,mechanism,0.924891590786338,NA,10,NA,NA
exp6_frontier,tree_medium_naive_baseline_1.75_posted_price_edf,welfare_vs_posted_at_matched_volume,mechanism,0.9998683401781626,NA,10,NA,NA
exp6_frontier,tree_medium_naive_baseline_1.75_posted_price_edf,welfare_vs_posted_at_matched_latency,mechanism,1.0000467364683476,NA,10,NA,NA
exp6_frontier,tree_medium_naive_baseline_1.75_posted_price_fcfs,welfare,mechanism,49.81493135433068,NA,10,NA,NA
exp6_frontier,tree_medium_naive_baseline_1.75_posted_price_fcfs,tokens_admitted,mechanism,79.873,NA,10,NA,NA
exp6_frontier,tree_medium_naive_baseline_1.75_posted_price_fcfs,median_latency,mechanism,102.39681158086634,NA,10,NA,NA
exp6_frontier,tree_medium_naive_baseline_1.75_posted_price_fcfs,alloc_ratio,mechanism,0.9249404722990399,NA,10,NA,NA
exp6_frontier,tree_medium_naive_baseline_1.75_posted_price_fcfs,welfare_vs_posted_at_matched_volume,mechanism,0.9998812439906093,NA,10,NA,NA
exp6_frontier,tree_medium_naive_baseline_1.75_posted_price_fcfs,welfare_vs_posted_at_matched_latency,mechanism,1.0000526179992661,NA,10,NA,NA
exp6_frontier,tree_medium_naive_baseline_2_posted_price,welfare,mechanism,51.26716222795537,NA,10,NA,NA
exp6_frontier,tree_medium_naive_baseline_2_posted_price,tokens_admitted,mechanism,69.9775,NA,10,NA,NA
exp6_frontier,tree_medium_naive_baseline_2_posted_price,median_latency,mechanism,82.34134354882764,NA,10,NA,NA
exp6_frontier,tree_medium_naive_baseline_2_posted_price,alloc_ratio,mechanism,0.838534976396751,NA,10,NA,NA
exp6_frontier,tree_medium_naive_baseline_2_posted_price,welfare_vs_posted_at_matched_volume,mechanism,NA,NA,10,NA,NA
exp6_frontier,tree_medium_naive_baseline_2_posted_price,welfare_vs_posted_at_matched_latency,mechanism,NA,NA,10,NA,NA
exp6_frontier,tree_medium_naive_baseline_2_posted_price_edf,welfare,mechanism,51.266451481748256,NA,10,NA,NA
exp6_frontier,tree_medium_naive_baseline_2_posted_price_edf,tokens_admitted,mechanism,69.9765,NA,10,NA,NA
exp6_frontier,tree_medium_naive_baseline_2_posted_price_edf,median_latency,mechanism,82.3659831250162,NA,10,NA,NA
exp6_frontier,tree_medium_naive_baseline_2_posted_price_edf,alloc_ratio,mechanism,0.8384667428026119,NA,10,NA,NA
exp6_frontier,tree_medium_naive_baseline_2_posted_price_edf,welfare_vs_posted_at_matched_volume,mechanism,0.9999916450721346,NA,10,NA,NA
exp6_frontier,tree_medium_naive_baseline_2_posted_price_edf,welfare_vs_posted_at_matched_latency,mechanism,1.000230193570196,NA,10,NA,NA
exp6_frontier,tree_medium_naive_baseline_2_posted_price_fcfs,welfare,mechanism,51.26515075853129,NA,10,NA,NA
exp6_frontier,tree_medium_naive_baseline_2_posted_price_fcfs,tokens_admitted,mechanism,69.9765,NA,10,NA,NA
exp6_frontier,tree_medium_naive_baseline_2_posted_price_fcfs,median_latency,mechanism,82.34274332118511,NA,10,NA,NA
exp6_frontier,tree_medium_naive_baseline_2_posted_price_fcfs,alloc_ratio,mechanism,0.8384693513740707,NA,10,NA,NA
exp6_frontier,tree_medium_naive_baseline_2_posted_price_fcfs,welfare_vs_posted_at_matched_volume,mechanism,0.9999662655078472,NA,10,NA,NA
exp6_frontier,tree_medium_naive_baseline_2_posted_price_fcfs,welfare_vs_posted_at_matched_latency,mechanism,1.0003258368284043,NA,10,NA,NA
exp6_frontier,tree_medium_naive_baseline_2_posted_price_matched,welfare,mechanism,51.26716222795537,NA,10,NA,NA
exp6_frontier,tree_medium_naive_baseline_2_posted_price_matched,tokens_admitted,mechanism,69.9775,NA,10,NA,NA
exp6_frontier,tree_medium_naive_baseline_2_posted_price_matched,median_latency,mechanism,82.34134354882764,NA,10,NA,NA
exp6_frontier,tree_medium_naive_baseline_2_posted_price_matched,alloc_ratio,mechanism,0.838534976396751,NA,10,NA,NA
exp6_frontier,tree_medium_naive_baseline_2_posted_price_matched,welfare_vs_posted_at_matched_volume,mechanism,1,NA,10,NA,NA
exp6_frontier,tree_medium_naive_baseline_2_posted_price_matched,welfare_vs_posted_at_matched_latency,mechanism,1,NA,10,NA,NA
exp6_frontier,tree_medium_naive_baseline_2.25_posted_price,welfare,mechanism,47.93179985679643,NA,10,NA,NA
exp6_frontier,tree_medium_naive_baseline_2.25_posted_price,tokens_admitted,mechanism,60.506,NA,10,NA,NA
exp6_frontier,tree_medium_naive_baseline_2.25_posted_price,median_latency,mechanism,76.6050973219861,NA,10,NA,NA
exp6_frontier,tree_medium_naive_baseline_2.25_posted_price,alloc_ratio,mechanism,0.7484322028966988,NA,10,NA,NA
exp6_frontier,tree_medium_naive_baseline_2.25_posted_price,welfare_vs_posted_at_matched_volume,mechanism,NA,NA,10,NA,NA
exp6_frontier,tree_medium_naive_baseline_2.25_posted_price,welfare_vs_posted_at_matched_latency,mechanism,NA,NA,10,NA,NA
exp6_frontier,tree_medium_naive_baseline_2.25_posted_price_edf,welfare,mechanism,47.92917875734476,NA,10,NA,NA
exp6_frontier,tree_medium_naive_baseline_2.25_posted_price_edf,tokens_admitted,mechanism,60.5065,NA,10,NA,NA
exp6_frontier,tree_medium_naive_baseline_2.25_posted_price_edf,median_latency,mechanism,76.60441024791724,NA,10,NA,NA
exp6_frontier,tree_medium_naive_baseline_2.25_posted_price_edf,alloc_ratio,mechanism,0.7484343359922124,NA,10,NA,NA
exp6_frontier,tree_medium_naive_baseline_2.25_posted_price_edf,welfare_vs_posted_at_matched_volume,mechanism,0.9999409233786041,NA,10,NA,NA
exp6_frontier,tree_medium_naive_baseline_2.25_posted_price_edf,welfare_vs_posted_at_matched_latency,mechanism,1.0005987718734448,NA,10,NA,NA
exp6_frontier,tree_medium_naive_baseline_2.25_posted_price_fcfs,welfare,mechanism,47.93022930123303,NA,10,NA,NA
exp6_frontier,tree_medium_naive_baseline_2.25_posted_price_fcfs,tokens_admitted,mechanism,60.506,NA,10,NA,NA
exp6_frontier,tree_medium_naive_baseline_2.25_posted_price_fcfs,median_latency,mechanism,76.59545883117934,NA,10,NA,NA
exp6_frontier,tree_medium_naive_baseline_2.25_posted_price_fcfs,alloc_ratio,mechanism,0.7484267051922278,NA,10,NA,NA
exp6_frontier,tree_medium_naive_baseline_2.25_posted_price_fcfs,welfare_vs_posted_at_matched_volume,mechanism,0.9999671779201512,NA,10,NA,NA
exp6_frontier,tree_medium_naive_baseline_2.25_posted_price_fcfs,welfare_vs_posted_at_matched_latency,mechanism,1.0008587698866152,NA,10,NA,NA
exp6_frontier,tree_medium_naive_baseline_2.5_posted_price,welfare,mechanism,42.87724679444606,NA,10,NA,NA
exp6_frontier,tree_medium_naive_baseline_2.5_posted_price,tokens_admitted,mechanism,51.432,NA,10,NA,NA
exp6_frontier,tree_medium_naive_baseline_2.5_posted_price,median_latency,mechanism,74.45592475574429,NA,10,NA,NA
exp6_frontier,tree_medium_naive_baseline_2.5_posted_price,alloc_ratio,mechanism,0.6552734685935659,NA,10,NA,NA
exp6_frontier,tree_medium_naive_baseline_2.5_posted_price,welfare_vs_posted_at_matched_volume,mechanism,NA,NA,10,NA,NA
exp6_frontier,tree_medium_naive_baseline_2.5_posted_price,welfare_vs_posted_at_matched_latency,mechanism,NA,NA,10,NA,NA
exp6_frontier,tree_medium_naive_baseline_2.5_posted_price_edf,welfare,mechanism,42.87640413992485,NA,10,NA,NA
exp6_frontier,tree_medium_naive_baseline_2.5_posted_price_edf,tokens_admitted,mechanism,51.432,NA,10,NA,NA
exp6_frontier,tree_medium_naive_baseline_2.5_posted_price_edf,median_latency,mechanism,74.45552215495755,NA,10,NA,NA
exp6_frontier,tree_medium_naive_baseline_2.5_posted_price_edf,alloc_ratio,mechanism,0.6552734685935659,NA,10,NA,NA
exp6_frontier,tree_medium_naive_baseline_2.5_posted_price_edf,welfare_vs_posted_at_matched_volume,mechanism,0.9999805511637534,NA,10,NA,NA
exp6_frontier,tree_medium_naive_baseline_2.5_posted_price_edf,welfare_vs_posted_at_matched_latency,mechanism,1.0008934085327599,NA,10,NA,NA
exp6_frontier,tree_medium_naive_baseline_2.5_posted_price_fcfs,welfare,mechanism,42.874269406012644,NA,10,NA,NA
exp6_frontier,tree_medium_naive_baseline_2.5_posted_price_fcfs,tokens_admitted,mechanism,51.432,NA,10,NA,NA
exp6_frontier,tree_medium_naive_baseline_2.5_posted_price_fcfs,median_latency,mechanism,74.47134719668017,NA,10,NA,NA
exp6_frontier,tree_medium_naive_baseline_2.5_posted_price_fcfs,alloc_ratio,mechanism,0.6552734685935659,NA,10,NA,NA
exp6_frontier,tree_medium_naive_baseline_2.5_posted_price_fcfs,welfare_vs_posted_at_matched_volume,mechanism,0.9999305452817796,NA,10,NA,NA
exp6_frontier,tree_medium_naive_baseline_2.5_posted_price_fcfs,welfare_vs_posted_at_matched_latency,mechanism,0.9996347602793552,NA,10,NA,NA
exp6_frontier,tree_medium_naive_baseline_3_posted_price,welfare,mechanism,30.961992188620524,NA,10,NA,NA
exp6_frontier,tree_medium_naive_baseline_3_posted_price,tokens_admitted,mechanism,34.446,NA,10,NA,NA
exp6_frontier,tree_medium_naive_baseline_3_posted_price,median_latency,mechanism,72.26707352664639,NA,10,NA,NA
exp6_frontier,tree_medium_naive_baseline_3_posted_price,alloc_ratio,mechanism,0.46267376174123076,NA,10,NA,NA
exp6_frontier,tree_medium_naive_baseline_3_posted_price,welfare_vs_posted_at_matched_volume,mechanism,NA,NA,10,NA,NA
exp6_frontier,tree_medium_naive_baseline_3_posted_price,welfare_vs_posted_at_matched_latency,mechanism,NA,NA,10,NA,NA
exp6_frontier,tree_medium_naive_baseline_3_posted_price_edf,welfare,mechanism,30.96126945241939,NA,10,NA,NA
exp6_frontier,tree_medium_naive_baseline_3_posted_price_edf,tokens_admitted,mechanism,34.446,NA,10,NA,NA
exp6_frontier,tree_medium_naive_baseline_3_posted_price_edf,median_latency,mechanism,72.25494758648186,NA,10,NA,NA
exp6_frontier,tree_medium_naive_baseline_3_posted_price_edf,alloc_ratio,mechanism,0.46267376174123076,NA,10,NA,NA
exp6_frontier,tree_medium_naive_baseline_3_posted_price_edf,welfare_vs_posted_at_matched_volume,mechanism,0.9999764218562028,NA,10,NA,NA
exp6_frontier,tree_medium_naive_baseline_3_posted_price_edf,welfare_vs_posted_at_matched_latency,mechanism,0.9965768717764285,NA,10,NA,NA
exp6_frontier,tree_medium_naive_baseline_3_posted_price_fcfs,welfare,mechanism,30.961005964212134,NA,10,NA,NA
exp6_frontier,tree_medium_naive_baseline_3_posted_price_fcfs,tokens_admitted,mechanism,34.446,NA,10,NA,NA
exp6_frontier,tree_medium_naive_baseline_3_posted_price_fcfs,median_latency,mechanism,72.26996884834868,NA,10,NA,NA
exp6_frontier,tree_medium_naive_baseline_3_posted_price_fcfs,alloc_ratio,mechanism,0.46267376174123076,NA,10,NA,NA
exp6_frontier,tree_medium_naive_baseline_3_posted_price_fcfs,welfare_vs_posted_at_matched_volume,mechanism,0.9999680150180132,NA,10,NA,NA
exp6_frontier,tree_medium_naive_baseline_3_posted_price_fcfs,welfare_vs_posted_at_matched_latency,mechanism,0.9973983191858271,NA,10,NA,NA
exp6_frontier,tree_medium_naive_baseline_4_posted_price,welfare,mechanism,0,NA,10,NA,NA
exp6_frontier,tree_medium_naive_baseline_4_posted_price,tokens_admitted,mechanism,0,NA,10,NA,NA
exp6_frontier,tree_medium_naive_baseline_4_posted_price,median_latency,mechanism,NA,NA,10,NA,NA
exp6_frontier,tree_medium_naive_baseline_4_posted_price,alloc_ratio,mechanism,0,NA,10,NA,NA
exp6_frontier,tree_medium_naive_baseline_4_posted_price,welfare_vs_posted_at_matched_volume,mechanism,NA,NA,10,NA,NA
exp6_frontier,tree_medium_naive_baseline_4_posted_price,welfare_vs_posted_at_matched_latency,mechanism,NA,NA,10,NA,NA
exp6_frontier,tree_medium_naive_baseline_4_posted_price_edf,welfare,mechanism,0,NA,10,NA,NA
exp6_frontier,tree_medium_naive_baseline_4_posted_price_edf,tokens_admitted,mechanism,0,NA,10,NA,NA
exp6_frontier,tree_medium_naive_baseline_4_posted_price_edf,median_latency,mechanism,NA,NA,10,NA,NA
exp6_frontier,tree_medium_naive_baseline_4_posted_price_edf,alloc_ratio,mechanism,0,NA,10,NA,NA
exp6_frontier,tree_medium_naive_baseline_4_posted_price_edf,welfare_vs_posted_at_matched_volume,mechanism,NA,NA,10,NA,NA
exp6_frontier,tree_medium_naive_baseline_4_posted_price_edf,welfare_vs_posted_at_matched_latency,mechanism,NA,NA,10,NA,NA
exp6_frontier,tree_medium_naive_baseline_4_posted_price_fcfs,welfare,mechanism,0,NA,10,NA,NA
exp6_frontier,tree_medium_naive_baseline_4_posted_price_fcfs,tokens_admitted,mechanism,0,NA,10,NA,NA
exp6_frontier,tree_medium_naive_baseline_4_posted_price_fcfs,median_latency,mechanism,NA,NA,10,NA,NA
exp6_frontier,tree_medium_naive_baseline_4_posted_price_fcfs,alloc_ratio,mechanism,0,NA,10,NA,NA
exp6_frontier,tree_medium_naive_baseline_4_posted_price_fcfs,welfare_vs_posted_at_matched_volume,mechanism,NA,NA,10,NA,NA
exp6_frontier,tree_medium_naive_baseline_4_posted_price_fcfs,welfare_vs_posted_at_matched_latency,mechanism,NA,NA,10,NA,NA
exp6_frontier,tree_medium_naive_baseline_4_posted_price_matched,welfare,mechanism,0,NA,10,NA,NA
exp6_frontier,tree_medium_naive_baseline_4_posted_price_matched,tokens_admitted,mechanism,0,NA,10,NA,NA
exp6_frontier,tree_medium_naive_baseline_4_posted_price_matched,median_latency,mechanism,NA,NA,10,NA,NA
exp6_frontier,tree_medium_naive_baseline_4_posted_price_matched,alloc_ratio,mechanism,0,NA,10,NA,NA
exp6_frontier,tree_medium_naive_baseline_4_posted_price_matched,welfare_vs_posted_at_matched_volume,mechanism,NA,NA,10,NA,NA
exp6_frontier,tree_medium_naive_baseline_4_posted_price_matched,welfare_vs_posted_at_matched_latency,mechanism,NA,NA,10,NA,NA
exp6_frontier,tree_medium_naive_calibrated_1_edf,welfare,mechanism,60.146812696858674,NA,10,NA,NA
exp6_frontier,tree_medium_naive_calibrated_1_edf,tokens_admitted,mechanism,88.8015,NA,10,NA,NA
exp6_frontier,tree_medium_naive_calibrated_1_edf,median_latency,mechanism,82.38430997913761,NA,10,NA,NA
exp6_frontier,tree_medium_naive_calibrated_1_edf,alloc_ratio,mechanism,0.9961011511874586,NA,10,NA,NA
exp6_frontier,tree_medium_naive_calibrated_1_edf,welfare_vs_posted_at_matched_volume,mechanism,0.9953588807269282,NA,10,NA,NA
exp6_frontier,tree_medium_naive_calibrated_1_edf,welfare_vs_posted_at_matched_latency,mechanism,0.9952233271333574,NA,10,NA,NA
exp6_frontier,tree_medium_naive_calibrated_1_greedy_ev,welfare,mechanism,60.422391502754536,NA,10,NA,NA
exp6_frontier,tree_medium_naive_calibrated_1_greedy_ev,tokens_admitted,mechanism,88.8015,NA,10,NA,NA
exp6_frontier,tree_medium_naive_calibrated_1_greedy_ev,median_latency,mechanism,82.3608908006568,NA,10,NA,NA
exp6_frontier,tree_medium_naive_calibrated_1_greedy_ev,alloc_ratio,mechanism,0.9999419344582493,NA,10,NA,NA
exp6_frontier,tree_medium_naive_calibrated_1_greedy_ev,welfare_vs_posted_at_matched_volume,mechanism,1,NA,10,NA,NA
exp6_frontier,tree_medium_naive_calibrated_1_greedy_ev,welfare_vs_posted_at_matched_latency,mechanism,1.0000242443376626,NA,10,NA,NA
exp6_frontier,tree_medium_naive_calibrated_1_k8s,welfare,mechanism,60.15418339951975,NA,10,NA,NA
exp6_frontier,tree_medium_naive_calibrated_1_k8s,tokens_admitted,mechanism,88.8015,NA,10,NA,NA
exp6_frontier,tree_medium_naive_calibrated_1_k8s,median_latency,mechanism,82.41949810828712,NA,10,NA,NA
exp6_frontier,tree_medium_naive_calibrated_1_k8s,alloc_ratio,mechanism,0.9961398177074156,NA,10,NA,NA
exp6_frontier,tree_medium_naive_calibrated_1_k8s,welfare_vs_posted_at_matched_volume,mechanism,0.9954593195252656,NA,10,NA,NA
exp6_frontier,tree_medium_naive_calibrated_1_k8s,welfare_vs_posted_at_matched_latency,mechanism,NA,NA,10,NA,NA
exp6_frontier,tree_medium_naive_calibrated_1_market,welfare,mechanism,60.42818936290955,NA,10,NA,NA
exp6_frontier,tree_medium_naive_calibrated_1_market,tokens_admitted,mechanism,88.721,NA,10,NA,NA
exp6_frontier,tree_medium_naive_calibrated_1_market,median_latency,mechanism,82.27471748645256,NA,10,NA,NA
exp6_frontier,tree_medium_naive_calibrated_1_market,alloc_ratio,mechanism,0.9992999537960799,NA,10,NA,NA
exp6_frontier,tree_medium_naive_calibrated_1_market,welfare_vs_posted_at_matched_volume,mechanism,1.0002951590977078,NA,10,NA,NA
exp6_frontier,tree_medium_naive_calibrated_1_market,welfare_vs_posted_at_matched_latency,mechanism,1.00053574336559,NA,10,NA,NA
exp6_frontier,tree_medium_naive_calibrated_1_market_asc,welfare,mechanism,60.442526095910495,NA,10,NA,NA
exp6_frontier,tree_medium_naive_calibrated_1_market_asc,tokens_admitted,mechanism,88.721,NA,10,NA,NA
exp6_frontier,tree_medium_naive_calibrated_1_market_asc,median_latency,mechanism,82.24622345178719,NA,10,NA,NA
exp6_frontier,tree_medium_naive_calibrated_1_market_asc,alloc_ratio,mechanism,0.999253869373669,NA,10,NA,NA
exp6_frontier,tree_medium_naive_calibrated_1_market_asc,welfare_vs_posted_at_matched_volume,mechanism,1.0005006157660536,NA,10,NA,NA
exp6_frontier,tree_medium_naive_calibrated_1_market_asc,welfare_vs_posted_at_matched_latency,mechanism,1.0007313040653274,NA,10,NA,NA
exp6_frontier,tree_medium_naive_calibrated_1_market_cc,welfare,mechanism,51.97762629985791,NA,10,NA,NA
exp6_frontier,tree_medium_naive_calibrated_1_market_cc,tokens_admitted,mechanism,75.7145,NA,10,NA,NA
exp6_frontier,tree_medium_naive_calibrated_1_market_cc,median_latency,mechanism,80.83982465114147,NA,10,NA,NA
exp6_frontier,tree_medium_naive_calibrated_1_market_cc,alloc_ratio,mechanism,0.851733785627367,NA,10,NA,NA
exp6_frontier,tree_medium_naive_calibrated_1_market_cc,welfare_vs_posted_at_matched_volume,mechanism,0.9079765387289135,NA,10,NA,NA
exp6_frontier,tree_medium_naive_calibrated_1_market_cc,welfare_vs_posted_at_matched_latency,mechanism,0.8654756647367016,NA,10,NA,NA
exp6_frontier,tree_medium_naive_calibrated_1_posted_price,welfare,mechanism,60.42247078922902,NA,10,NA,NA
exp6_frontier,tree_medium_naive_calibrated_1_posted_price,tokens_admitted,mechanism,88.78999999999999,NA,10,NA,NA
exp6_frontier,tree_medium_naive_calibrated_1_posted_price,median_latency,mechanism,82.34727413806185,NA,10,NA,NA
exp6_frontier,tree_medium_naive_calibrated_1_posted_price,alloc_ratio,mechanism,0.9998468004795777,NA,10,NA,NA
exp6_frontier,tree_medium_naive_calibrated_1_posted_price,welfare_vs_posted_at_matched_volume,mechanism,NA,NA,10,NA,NA
exp6_frontier,tree_medium_naive_calibrated_1_posted_price,welfare_vs_posted_at_matched_latency,mechanism,NA,NA,10,NA,NA
exp6_frontier,tree_medium_naive_calibrated_1_posted_price_edf,welfare,mechanism,60.14372502494827,NA,10,NA,NA
exp6_frontier,tree_medium_naive_calibrated_1_posted_price_edf,tokens_admitted,mechanism,88.78999999999999,NA,10,NA,NA
exp6_frontier,tree_medium_naive_calibrated_1_posted_price_edf,median_latency,mechanism,82.41329822508158,NA,10,NA,NA
exp6_frontier,tree_medium_naive_calibrated_1_posted_price_edf,alloc_ratio,mechanism,0.9959688989481552,NA,10,NA,NA
exp6_frontier,tree_medium_naive_calibrated_1_posted_price_edf,welfare_vs_posted_at_matched_volume,mechanism,0.9954003348499193,NA,10,NA,NA
exp6_frontier,tree_medium_naive_calibrated_1_posted_price_edf,welfare_vs_posted_at_matched_latency,mechanism,0.9961279049528691,NA,10,NA,NA
exp6_frontier,tree_medium_naive_calibrated_1_posted_price_fcfs,welfare,mechanism,60.14754908693645,NA,10,NA,NA
exp6_frontier,tree_medium_naive_calibrated_1_posted_price_fcfs,tokens_admitted,mechanism,88.791,NA,10,NA,NA
exp6_frontier,tree_medium_naive_calibrated_1_posted_price_fcfs,median_latency,mechanism,82.41389300018137,NA,10,NA,NA
exp6_frontier,tree_medium_naive_calibrated_1_posted_price_fcfs,alloc_ratio,mechanism,0.9960044828503006,NA,10,NA,NA
exp6_frontier,tree_medium_naive_calibrated_1_posted_price_fcfs,welfare_vs_posted_at_matched_volume,mechanism,0.9955408314080019,NA,10,NA,NA
exp6_frontier,tree_medium_naive_calibrated_1_posted_price_fcfs,welfare_vs_posted_at_matched_latency,mechanism,NA,NA,10,NA,NA
exp6_frontier,tree_medium_naive_calibrated_1_posted_price_matched,welfare,mechanism,60.42247078922902,NA,10,NA,NA
exp6_frontier,tree_medium_naive_calibrated_1_posted_price_matched,tokens_admitted,mechanism,88.78999999999999,NA,10,NA,NA
exp6_frontier,tree_medium_naive_calibrated_1_posted_price_matched,median_latency,mechanism,82.34727413806185,NA,10,NA,NA
exp6_frontier,tree_medium_naive_calibrated_1_posted_price_matched,alloc_ratio,mechanism,0.9998468004795777,NA,10,NA,NA
exp6_frontier,tree_medium_naive_calibrated_1_posted_price_matched,welfare_vs_posted_at_matched_volume,mechanism,1,NA,10,NA,NA
exp6_frontier,tree_medium_naive_calibrated_1_posted_price_matched,welfare_vs_posted_at_matched_latency,mechanism,1,NA,10,NA,NA
exp6_frontier,tree_medium_naive_calibrated_1_random,welfare,mechanism,60.16459676430745,NA,10,NA,NA
exp6_frontier,tree_medium_naive_calibrated_1_random,tokens_admitted,mechanism,88.8015,NA,10,NA,NA
exp6_frontier,tree_medium_naive_calibrated_1_random,median_latency,mechanism,82.40182910454945,NA,10,NA,NA
exp6_frontier,tree_medium_naive_calibrated_1_random,alloc_ratio,mechanism,0.9961880869522282,NA,10,NA,NA
exp6_frontier,tree_medium_naive_calibrated_1_random,welfare_vs_posted_at_matched_volume,mechanism,0.9958841037594733,NA,10,NA,NA
exp6_frontier,tree_medium_naive_calibrated_1_random,welfare_vs_posted_at_matched_latency,mechanism,0.9963743100526558,NA,10,NA,NA
exp6_frontier,tree_medium_naive_calibrated_1.25_posted_price,welfare,mechanism,60.392221835908245,NA,10,NA,NA
exp6_frontier,tree_medium_naive_calibrated_1.25_posted_price,tokens_admitted,mechanism,88.5915,NA,10,NA,NA
exp6_frontier,tree_medium_naive_calibrated_1.25_posted_price,median_latency,mechanism,82.22530973932854,NA,10,NA,NA
exp6_frontier,tree_medium_naive_calibrated_1.25_posted_price,alloc_ratio,mechanism,0.9981588778921555,NA,10,NA,NA
exp6_frontier,tree_medium_naive_calibrated_1.25_posted_price,welfare_vs_posted_at_matched_volume,mechanism,NA,NA,10,NA,NA
exp6_frontier,tree_medium_naive_calibrated_1.25_posted_price,welfare_vs_posted_at_matched_latency,mechanism,NA,NA,10,NA,NA
exp6_frontier,tree_medium_naive_calibrated_1.25_posted_price_edf,welfare,mechanism,60.11735181354217,NA,10,NA,NA
exp6_frontier,tree_medium_naive_calibrated_1.25_posted_price_edf,tokens_admitted,mechanism,88.593,NA,10,NA,NA
exp6_frontier,tree_medium_naive_calibrated_1.25_posted_price_edf,median_latency,mechanism,82.28567296615898,NA,10,NA,NA
exp6_frontier,tree_medium_naive_calibrated_1.25_posted_price_edf,alloc_ratio,mechanism,0.9943490978176499,NA,10,NA,NA
exp6_frontier,tree_medium_naive_calibrated_1.25_posted_price_edf,welfare_vs_posted_at_matched_volume,mechanism,0.9954388992754193,NA,10,NA,NA
exp6_frontier,tree_medium_naive_calibrated_1.25_posted_price_edf,welfare_vs_posted_at_matched_latency,mechanism,0.9955244343605896,NA,10,NA,NA
exp6_frontier,tree_medium_naive_calibrated_1.25_posted_price_fcfs,welfare,mechanism,60.12171306452732,NA,10,NA,NA
exp6_frontier,tree_medium_naive_calibrated_1.25_posted_price_fcfs,tokens_admitted,mechanism,88.5935,NA,10,NA,NA
exp6_frontier,tree_medium_naive_calibrated_1.25_posted_price_fcfs,median_latency,mechanism,82.29238453148899,NA,10,NA,NA
exp6_frontier,tree_medium_naive_calibrated_1.25_posted_price_fcfs,alloc_ratio,mechanism,0.9943797826582197,NA,10,NA,NA
exp6_frontier,tree_medium_naive_calibrated_1.25_posted_price_fcfs,welfare_vs_posted_at_matched_volume,mechanism,0.995512895063515,NA,10,NA,NA
exp6_frontier,tree_medium_naive_calibrated_1.25_posted_price_fcfs,welfare_vs_posted_at_matched_latency,mechanism,0.9954552578860705,NA,10,NA,NA
exp6_frontier,tree_medium_naive_calibrated_1.5_posted_price,welfare,mechanism,60.220562787666914,NA,10,NA,NA
exp6_frontier,tree_medium_naive_calibrated_1.5_posted_price,tokens_admitted,mechanism,87.2115,NA,10,NA,NA
exp6_frontier,tree_medium_naive_calibrated_1.5_posted_price,median_latency,mechanism,81.3106729494025,NA,10,NA,NA
exp6_frontier,tree_medium_naive_calibrated_1.5_posted_price,alloc_ratio,mechanism,0.9866258409250628,NA,10,NA,NA
exp6_frontier,tree_medium_naive_calibrated_1.5_posted_price,welfare_vs_posted_at_matched_volume,mechanism,NA,NA,10,NA,NA
exp6_frontier,tree_medium_naive_calibrated_1.5_posted_price,welfare_vs_posted_at_matched_latency,mechanism,NA,NA,10,NA,NA
exp6_frontier,tree_medium_naive_calibrated_1.5_posted_price_edf,welfare,mechanism,60.00369469655819,NA,10,NA,NA
exp6_frontier,tree_medium_naive_calibrated_1.5_posted_price_edf,tokens_admitted,mechanism,87.20100000000001,NA,10,NA,NA
exp6_frontier,tree_medium_naive_calibrated_1.5_posted_price_edf,median_latency,mechanism,81.34478015340027,NA,10,NA,NA
exp6_frontier,tree_medium_naive_calibrated_1.5_posted_price_edf,alloc_ratio,mechanism,0.9834640828789107,NA,10,NA,NA
exp6_frontier,tree_medium_naive_calibrated_1.5_posted_price_edf,welfare_vs_posted_at_matched_volume,mechanism,0.9964330081378174,NA,10,NA,NA
exp6_frontier,tree_medium_naive_calibrated_1.5_posted_price_edf,welfare_vs_posted_at_matched_latency,mechanism,0.9963108317693058,NA,10,NA,NA
exp6_frontier,tree_medium_naive_calibrated_1.5_posted_price_fcfs,welfare,mechanism,60.00212767522553,NA,10,NA,NA
exp6_frontier,tree_medium_naive_calibrated_1.5_posted_price_fcfs,tokens_admitted,mechanism,87.196,NA,10,NA,NA
exp6_frontier,tree_medium_naive_calibrated_1.5_posted_price_fcfs,median_latency,mechanism,81.33718330993014,NA,10,NA,NA
exp6_frontier,tree_medium_naive_calibrated_1.5_posted_price_fcfs,alloc_ratio,mechanism,0.9834132654756413,NA,10,NA,NA
exp6_frontier,tree_medium_naive_calibrated_1.5_posted_price_fcfs,welfare_vs_posted_at_matched_volume,mechanism,0.9964235664441173,NA,10,NA,NA
exp6_frontier,tree_medium_naive_calibrated_1.5_posted_price_fcfs,welfare_vs_posted_at_matched_latency,mechanism,0.9962998786550435,NA,10,NA,NA
exp6_frontier,tree_medium_naive_calibrated_1.75_posted_price,welfare,mechanism,58.78419823309789,NA,10,NA,NA
exp6_frontier,tree_medium_naive_calibrated_1.75_posted_price,tokens_admitted,mechanism,79.871,NA,10,NA,NA
exp6_frontier,tree_medium_naive_calibrated_1.75_posted_price,median_latency,mechanism,77.23399130674404,NA,10,NA,NA
exp6_frontier,tree_medium_naive_calibrated_1.75_posted_price,alloc_ratio,mechanism,0.9254905941229075,NA,10,NA,NA
exp6_frontier,tree_medium_naive_calibrated_1.75_posted_price,welfare_vs_posted_at_matched_volume,mechanism,NA,NA,10,NA,NA
exp6_frontier,tree_medium_naive_calibrated_1.75_posted_price,welfare_vs_posted_at_matched_latency,mechanism,NA,NA,10,NA,NA
exp6_frontier,tree_medium_naive_calibrated_1.75_posted_price_edf,welfare,mechanism,58.74624413162566,NA,10,NA,NA
exp6_frontier,tree_medium_naive_calibrated_1.75_posted_price_edf,tokens_admitted,mechanism,79.8745,NA,10,NA,NA
exp6_frontier,tree_medium_naive_calibrated_1.75_posted_price_edf,median_latency,mechanism,77.2423909917714,NA,10,NA,NA
exp6_frontier,tree_medium_naive_calibrated_1.75_posted_price_edf,alloc_ratio,mechanism,0.9249327839871241,NA,10,NA,NA
exp6_frontier,tree_medium_naive_calibrated_1.75_posted_price_edf,welfare_vs_posted_at_matched_volume,mechanism,0.9993429173550099,NA,10,NA,NA
exp6_frontier,tree_medium_naive_calibrated_1.75_posted_price_edf,welfare_vs_posted_at_matched_latency,mechanism,0.9994788536905868,NA,10,NA,NA
exp6_frontier,tree_medium_naive_calibrated_1.75_posted_price_fcfs,welfare,mechanism,58.74683483966418,NA,10,NA,NA
exp6_frontier,tree_medium_naive_calibrated_1.75_posted_price_fcfs,tokens_admitted,mechanism,79.875,NA,10,NA,NA
exp6_frontier,tree_medium_naive_calibrated_1.75_posted_price_fcfs,median_latency,mechanism,77.23847935122382,NA,10,NA,NA
exp6_frontier,tree_medium_naive_calibrated_1.75_posted_price_fcfs,alloc_ratio,mechanism,0.9249571833427734,NA,10,NA,NA
exp6_frontier,tree_medium_naive_calibrated_1.75_posted_price_fcfs,welfare_vs_posted_at_matched_volume,mechanism,0.9993522954023265,NA,10,NA,NA
exp6_frontier,tree_medium_naive_calibrated_1.75_posted_price_fcfs,welfare_vs_posted_at_matched_latency,mechanism,0.9995949677978501,NA,10,NA,NA
exp6_frontier,tree_medium_naive_calibrated_2_posted_price,welfare,mechanism,55.07563014099756,NA,10,NA,NA
exp6_frontier,tree_medium_naive_calibrated_2_posted_price,tokens_admitted,mechanism,69.9775,NA,10,NA,NA
exp6_frontier,tree_medium_naive_calibrated_2_posted_price,median_latency,mechanism,73.97806718814867,NA,10,NA,NA
exp6_frontier,tree_medium_naive_calibrated_2_posted_price,alloc_ratio,mechanism,0.838534976396751,NA,10,NA,NA
exp6_frontier,tree_medium_naive_calibrated_2_posted_price,welfare_vs_posted_at_matched_volume,mechanism,NA,NA,10,NA,NA
exp6_frontier,tree_medium_naive_calibrated_2_posted_price,welfare_vs_posted_at_matched_latency,mechanism,NA,NA,10,NA,NA
exp6_frontier,tree_medium_naive_calibrated_2_posted_price_edf,welfare,mechanism,55.07108224400339,NA,10,NA,NA
exp6_frontier,tree_medium_naive_calibrated_2_posted_price_edf,tokens_admitted,mechanism,69.9765,NA,10,NA,NA
exp6_frontier,tree_medium_naive_calibrated_2_posted_price_edf,median_latency,mechanism,73.97640730289666,NA,10,NA,NA
exp6_frontier,tree_medium_naive_calibrated_2_posted_price_edf,alloc_ratio,mechanism,0.8384667428026119,NA,10,NA,NA
exp6_frontier,tree_medium_naive_calibrated_2_posted_price_edf,welfare_vs_posted_at_matched_volume,mechanism,0.9999269353828942,NA,10,NA,NA
exp6_frontier,tree_medium_naive_calibrated_2_posted_price_edf,welfare_vs_posted_at_matched_latency,mechanism,1.0004049321153838,NA,10,NA,NA
exp6_frontier,tree_medium_naive_calibrated_2_posted_price_fcfs,welfare,mechanism,55.069655386322275,NA,10,NA,NA
exp6_frontier,tree_medium_naive_calibrated_2_posted_price_fcfs,tokens_admitted,mechanism,69.9765,NA,10,NA,NA
exp6_frontier,tree_medium_naive_calibrated_2_posted_price_fcfs,median_latency,mechanism,73.97068362766116,NA,10,NA,NA
exp6_frontier,tree_medium_naive_calibrated_2_posted_price_fcfs,alloc_ratio,mechanism,0.8384693513740707,NA,10,NA,NA
exp6_frontier,tree_medium_naive_calibrated_2_posted_price_fcfs,welfare_vs_posted_at_matched_volume,mechanism,0.9999008739434272,NA,10,NA,NA
exp6_frontier,tree_medium_naive_calibrated_2_posted_price_fcfs,welfare_vs_posted_at_matched_latency,mechanism,1.000561524113858,NA,10,NA,NA
exp6_frontier,tree_medium_naive_calibrated_2_posted_price_matched,welfare,mechanism,55.07563014099756,NA,10,NA,NA
exp6_frontier,tree_medium_naive_calibrated_2_posted_price_matched,tokens_admitted,mechanism,69.9775,NA,10,NA,NA
exp6_frontier,tree_medium_naive_calibrated_2_posted_price_matched,median_latency,mechanism,73.97806718814867,NA,10,NA,NA
exp6_frontier,tree_medium_naive_calibrated_2_posted_price_matched,alloc_ratio,mechanism,0.838534976396751,NA,10,NA,NA
exp6_frontier,tree_medium_naive_calibrated_2_posted_price_matched,welfare_vs_posted_at_matched_volume,mechanism,1,NA,10,NA,NA
exp6_frontier,tree_medium_naive_calibrated_2_posted_price_matched,welfare_vs_posted_at_matched_latency,mechanism,1,NA,10,NA,NA
exp6_frontier,tree_medium_naive_calibrated_2.25_posted_price,welfare,mechanism,49.953926625828274,NA,10,NA,NA
exp6_frontier,tree_medium_naive_calibrated_2.25_posted_price,tokens_admitted,mechanism,60.506,NA,10,NA,NA
exp6_frontier,tree_medium_naive_calibrated_2.25_posted_price,median_latency,mechanism,72.45253079347513,NA,10,NA,NA
exp6_frontier,tree_medium_naive_calibrated_2.25_posted_price,alloc_ratio,mechanism,0.7484322028966988,NA,10,NA,NA
exp6_frontier,tree_medium_naive_calibrated_2.25_posted_price,welfare_vs_posted_at_matched_volume,mechanism,NA,NA,10,NA,NA
exp6_frontier,tree_medium_naive_calibrated_2.25_posted_price,welfare_vs_posted_at_matched_latency,mechanism,NA,NA,10,NA,NA
exp6_frontier,tree_medium_naive_calibrated_2.25_posted_price_edf,welfare,mechanism,49.95124171809127,NA,10,NA,NA
exp6_frontier,tree_medium_naive_calibrated_2.25_posted_price_edf,tokens_admitted,mechanism,60.5065,NA,10,NA,NA
exp6_frontier,tree_medium_naive_calibrated_2.25_posted_price_edf,median_latency,mechanism,72.45616003189195,NA,10,NA,NA
exp6_frontier,tree_medium_naive_calibrated_2.25_posted_price_edf,alloc_ratio,mechanism,0.7484343359922124,NA,10,NA,NA
exp6_frontier,tree_medium_naive_calibrated_2.25_posted_price_edf,welfare_vs_posted_at_matched_volume,mechanism,0.9999402972713584,NA,10,NA,NA
exp6_frontier,tree_medium_naive_calibrated_2.25_posted_price_edf,welfare_vs_posted_at_matched_latency,mechanism,1.0004530340772648,NA,10,NA,NA
exp6_frontier,tree_medium_naive_calibrated_2.25_posted_price_fcfs,welfare,mechanism,49.95225121796625,NA,10,NA,NA
exp6_frontier,tree_medium_naive_calibrated_2.25_posted_price_fcfs,tokens_admitted,mechanism,60.506,NA,10,NA,NA
exp6_frontier,tree_medium_naive_calibrated_2.25_posted_price_fcfs,median_latency,mechanism,72.45125257665251,NA,10,NA,NA
exp6_frontier,tree_medium_naive_calibrated_2.25_posted_price_fcfs,alloc_ratio,mechanism,0.7484267051922278,NA,10,NA,NA
exp6_frontier,tree_medium_naive_calibrated_2.25_posted_price_fcfs,welfare_vs_posted_at_matched_volume,mechanism,0.9999663316712585,NA,10,NA,NA
exp6_frontier,tree_medium_naive_calibrated_2.25_posted_price_fcfs,welfare_vs_posted_at_matched_latency,mechanism,1.000985177354032,NA,10,NA,NA
exp6_frontier,tree_medium_naive_calibrated_2.5_posted_price,welfare,mechanism,44.10103869052704,NA,10,NA,NA
exp6_frontier,tree_medium_naive_calibrated_2.5_posted_price,tokens_admitted,mechanism,51.432,NA,10,NA,NA
exp6_frontier,tree_medium_naive_calibrated_2.5_posted_price,median_latency,mechanism,71.68256162567349,NA,10,NA,NA
exp6_frontier,tree_medium_naive_calibrated_2.5_posted_price,alloc_ratio,mechanism,0.6552734685935659,NA,10,NA,NA
exp6_frontier,tree_medium_naive_calibrated_2.5_posted_price,welfare_vs_posted_at_matched_volume,mechanism,NA,NA,10,NA,NA
exp6_frontier,tree_medium_naive_calibrated_2.5_posted_price,welfare_vs_posted_at_matched_latency,mechanism,NA,NA,10,NA,NA
exp6_frontier,tree_medium_naive_calibrated_2.5_posted_price_edf,welfare,mechanism,44.100256472840684,NA,10,NA,NA
exp6_frontier,tree_medium_naive_calibrated_2.5_posted_price_edf,tokens_admitted,mechanism,51.432,NA,10,NA,NA
exp6_frontier,tree_medium_naive_calibrated_2.5_posted_price_edf,median_latency,mechanism,71.6822537701185,NA,10,NA,NA
exp6_frontier,tree_medium_naive_calibrated_2.5_posted_price_edf,alloc_ratio,mechanism,0.6552734685935659,NA,10,NA,NA
exp6_frontier,tree_medium_naive_calibrated_2.5_posted_price_edf,welfare_vs_posted_at_matched_volume,mechanism,0.999982443133978,NA,10,NA,NA
exp6_frontier,tree_medium_naive_calibrated_2.5_posted_price_edf,welfare_vs_posted_at_matched_latency,mechanism,1.0011370136847189,NA,10,NA,NA
exp6_frontier,tree_medium_naive_calibrated_2.5_posted_price_fcfs,welfare,mechanism,44.09811949308923,NA,10,NA,NA
exp6_frontier,tree_medium_naive_calibrated_2.5_posted_price_fcfs,tokens_admitted,mechanism,51.432,NA,10,NA,NA
exp6_frontier,tree_medium_naive_calibrated_2.5_posted_price_fcfs,median_latency,mechanism,71.68511871368217,NA,10,NA,NA
exp6_frontier,tree_medium_naive_calibrated_2.5_posted_price_fcfs,alloc_ratio,mechanism,0.6552734685935659,NA,10,NA,NA
exp6_frontier,tree_medium_naive_calibrated_2.5_posted_price_fcfs,welfare_vs_posted_at_matched_volume,mechanism,0.9999337569474425,NA,10,NA,NA
exp6_frontier,tree_medium_naive_calibrated_2.5_posted_price_fcfs,welfare_vs_posted_at_matched_latency,mechanism,0.9999729399081195,NA,10,NA,NA
exp6_frontier,tree_medium_naive_calibrated_3_posted_price,welfare,mechanism,31.415467798098483,NA,10,NA,NA
exp6_frontier,tree_medium_naive_calibrated_3_posted_price,tokens_admitted,mechanism,34.446,NA,10,NA,NA
exp6_frontier,tree_medium_naive_calibrated_3_posted_price,median_latency,mechanism,70.84969639841106,NA,10,NA,NA
exp6_frontier,tree_medium_naive_calibrated_3_posted_price,alloc_ratio,mechanism,0.46267376174123076,NA,10,NA,NA
exp6_frontier,tree_medium_naive_calibrated_3_posted_price,welfare_vs_posted_at_matched_volume,mechanism,NA,NA,10,NA,NA
exp6_frontier,tree_medium_naive_calibrated_3_posted_price,welfare_vs_posted_at_matched_latency,mechanism,NA,NA,10,NA,NA
exp6_frontier,tree_medium_naive_calibrated_3_posted_price_edf,welfare,mechanism,31.41477045314493,NA,10,NA,NA
exp6_frontier,tree_medium_naive_calibrated_3_posted_price_edf,tokens_admitted,mechanism,34.446,NA,10,NA,NA
exp6_frontier,tree_medium_naive_calibrated_3_posted_price_edf,median_latency,mechanism,70.84580291584865,NA,10,NA,NA
exp6_frontier,tree_medium_naive_calibrated_3_posted_price_edf,alloc_ratio,mechanism,0.46267376174123076,NA,10,NA,NA
exp6_frontier,tree_medium_naive_calibrated_3_posted_price_edf,welfare_vs_posted_at_matched_volume,mechanism,0.9999775789981716,NA,10,NA,NA
exp6_frontier,tree_medium_naive_calibrated_3_posted_price_edf,welfare_vs_posted_at_matched_latency,mechanism,0.9940545132792691,NA,10,NA,NA
exp6_frontier,tree_medium_naive_calibrated_3_posted_price_fcfs,welfare,mechanism,31.41451363889086,NA,10,NA,NA
exp6_frontier,tree_medium_naive_calibrated_3_posted_price_fcfs,tokens_admitted,mechanism,34.446,NA,10,NA,NA
exp6_frontier,tree_medium_naive_calibrated_3_posted_price_fcfs,median_latency,mechanism,70.85133937403762,NA,10,NA,NA
exp6_frontier,tree_medium_naive_calibrated_3_posted_price_fcfs,alloc_ratio,mechanism,0.46267376174123076,NA,10,NA,NA
exp6_frontier,tree_medium_naive_calibrated_3_posted_price_fcfs,welfare_vs_posted_at_matched_volume,mechanism,0.9999694964983217,NA,10,NA,NA
exp6_frontier,tree_medium_naive_calibrated_3_posted_price_fcfs,welfare_vs_posted_at_matched_latency,mechanism,0.9960130250660738,NA,10,NA,NA
exp6_frontier,tree_medium_naive_calibrated_4_posted_price,welfare,mechanism,0,NA,10,NA,NA
exp6_frontier,tree_medium_naive_calibrated_4_posted_price,tokens_admitted,mechanism,0,NA,10,NA,NA
exp6_frontier,tree_medium_naive_calibrated_4_posted_price,median_latency,mechanism,NA,NA,10,NA,NA
exp6_frontier,tree_medium_naive_calibrated_4_posted_price,alloc_ratio,mechanism,0,NA,10,NA,NA
exp6_frontier,tree_medium_naive_calibrated_4_posted_price,welfare_vs_posted_at_matched_volume,mechanism,NA,NA,10,NA,NA
exp6_frontier,tree_medium_naive_calibrated_4_posted_price,welfare_vs_posted_at_matched_latency,mechanism,NA,NA,10,NA,NA
exp6_frontier,tree_medium_naive_calibrated_4_posted_price_edf,welfare,mechanism,0,NA,10,NA,NA
exp6_frontier,tree_medium_naive_calibrated_4_posted_price_edf,tokens_admitted,mechanism,0,NA,10,NA,NA
exp6_frontier,tree_medium_naive_calibrated_4_posted_price_edf,median_latency,mechanism,NA,NA,10,NA,NA
exp6_frontier,tree_medium_naive_calibrated_4_posted_price_edf,alloc_ratio,mechanism,0,NA,10,NA,NA
exp6_frontier,tree_medium_naive_calibrated_4_posted_price_edf,welfare_vs_posted_at_matched_volume,mechanism,NA,NA,10,NA,NA
exp6_frontier,tree_medium_naive_calibrated_4_posted_price_edf,welfare_vs_posted_at_matched_latency,mechanism,NA,NA,10,NA,NA
exp6_frontier,tree_medium_naive_calibrated_4_posted_price_fcfs,welfare,mechanism,0,NA,10,NA,NA
exp6_frontier,tree_medium_naive_calibrated_4_posted_price_fcfs,tokens_admitted,mechanism,0,NA,10,NA,NA
exp6_frontier,tree_medium_naive_calibrated_4_posted_price_fcfs,median_latency,mechanism,NA,NA,10,NA,NA
exp6_frontier,tree_medium_naive_calibrated_4_posted_price_fcfs,alloc_ratio,mechanism,0,NA,10,NA,NA
exp6_frontier,tree_medium_naive_calibrated_4_posted_price_fcfs,welfare_vs_posted_at_matched_volume,mechanism,NA,NA,10,NA,NA
exp6_frontier,tree_medium_naive_calibrated_4_posted_price_fcfs,welfare_vs_posted_at_matched_latency,mechanism,NA,NA,10,NA,NA
exp6_frontier,tree_medium_naive_calibrated_4_posted_price_matched,welfare,mechanism,0,NA,10,NA,NA
exp6_frontier,tree_medium_naive_calibrated_4_posted_price_matched,tokens_admitted,mechanism,0,NA,10,NA,NA
exp6_frontier,tree_medium_naive_calibrated_4_posted_price_matched,median_latency,mechanism,NA,NA,10,NA,NA
exp6_frontier,tree_medium_naive_calibrated_4_posted_price_matched,alloc_ratio,mechanism,0,NA,10,NA,NA
exp6_frontier,tree_medium_naive_calibrated_4_posted_price_matched,welfare_vs_posted_at_matched_volume,mechanism,NA,NA,10,NA,NA
exp6_frontier,tree_medium_naive_calibrated_4_posted_price_matched,welfare_vs_posted_at_matched_latency,mechanism,NA,NA,10,NA,NA
exp6_tuned,entangled_high_hybrid_noema_baseline_greedy_ev,welfare,mechanism,52.80317565139513,NA,20,NA,NA
exp6_tuned,entangled_high_hybrid_noema_baseline_greedy_ev,tokens_admitted,mechanism,83.73725,NA,20,NA,NA
exp6_tuned,entangled_high_hybrid_noema_baseline_greedy_ev,median_latency,mechanism,103.13291886769747,NA,20,NA,NA
exp6_tuned,entangled_high_hybrid_noema_baseline_greedy_ev,welfare_over_optimum,mechanism,0.9663854523606565,NA,20,NA,NA
exp6_tuned,entangled_high_hybrid_noema_baseline_greedy_ev,p_post_k,mechanism,1,NA,20,NA,NA
exp6_tuned,entangled_high_hybrid_noema_baseline_greedy_ev,reserve_markup,mechanism,1,NA,20,NA,NA
exp6_tuned,entangled_high_hybrid_noema_baseline_k8s,welfare,mechanism,48.26365547574355,NA,20,NA,NA
exp6_tuned,entangled_high_hybrid_noema_baseline_k8s,tokens_admitted,mechanism,83.73725,NA,20,NA,NA
exp6_tuned,entangled_high_hybrid_noema_baseline_k8s,median_latency,mechanism,102.29614874523418,NA,20,NA,NA
exp6_tuned,entangled_high_hybrid_noema_baseline_k8s,welfare_over_optimum,mechanism,0.8833557995145513,NA,20,NA,NA
exp6_tuned,entangled_high_hybrid_noema_baseline_k8s,p_post_k,mechanism,1,NA,20,NA,NA
exp6_tuned,entangled_high_hybrid_noema_baseline_k8s,reserve_markup,mechanism,1,NA,20,NA,NA
exp6_tuned,entangled_high_hybrid_noema_baseline_market,welfare,mechanism,52.382967694419044,NA,20,NA,NA
exp6_tuned,entangled_high_hybrid_noema_baseline_market,tokens_admitted,mechanism,70.0665,NA,20,NA,NA
exp6_tuned,entangled_high_hybrid_noema_baseline_market,median_latency,mechanism,85.53143601969259,NA,20,NA,NA
exp6_tuned,entangled_high_hybrid_noema_baseline_market,welfare_over_optimum,mechanism,0.9705482339796847,NA,20,NA,NA
exp6_tuned,entangled_high_hybrid_noema_baseline_market,p_post_k,mechanism,1,NA,20,NA,NA
exp6_tuned,entangled_high_hybrid_noema_baseline_market,reserve_markup,mechanism,2,NA,20,NA,NA
exp6_tuned,entangled_high_hybrid_noema_baseline_market_cc,welfare,mechanism,38.36255471143582,NA,20,NA,NA
exp6_tuned,entangled_high_hybrid_noema_baseline_market_cc,tokens_admitted,mechanism,57.92925,NA,20,NA,NA
exp6_tuned,entangled_high_hybrid_noema_baseline_market_cc,median_latency,mechanism,92.46872212867937,NA,20,NA,NA
exp6_tuned,entangled_high_hybrid_noema_baseline_market_cc,welfare_over_optimum,mechanism,0.7043808623302497,NA,20,NA,NA
exp6_tuned,entangled_high_hybrid_noema_baseline_market_cc,p_post_k,mechanism,1,NA,20,NA,NA
exp6_tuned,entangled_high_hybrid_noema_baseline_market_cc,reserve_markup,mechanism,1.5,NA,20,NA,NA
exp6_tuned,entangled_high_hybrid_noema_baseline_posted_price,welfare,mechanism,54.76934197083326,NA,20,NA,NA
exp6_tuned,entangled_high_hybrid_noema_baseline_posted_price,tokens_admitted,mechanism,78.44575,NA,20,NA,NA
exp6_tuned,entangled_high_hybrid_noema_baseline_posted_price,median_latency,mechanism,91.89573405184305,NA,20,NA,NA
exp6_tuned,entangled_high_hybrid_noema_baseline_posted_price,welfare_over_optimum,mechanism,1.00609675089181,NA,20,NA,NA
exp6_tuned,entangled_high_hybrid_noema_baseline_posted_price,p_post_k,mechanism,1.75,NA,20,NA,NA
exp6_tuned,entangled_high_hybrid_noema_baseline_posted_price,reserve_markup,mechanism,1,NA,20,NA,NA
exp6_tuned,entangled_high_hybrid_noema_baseline_posted_price_adaptive,welfare,mechanism,53.36403036857838,NA,20,NA,NA
exp6_tuned,entangled_high_hybrid_noema_baseline_posted_price_adaptive,tokens_admitted,mechanism,73.61825,NA,20,NA,NA
exp6_tuned,entangled_high_hybrid_noema_baseline_posted_price_adaptive,median_latency,mechanism,86.66707307895585,NA,20,NA,NA
exp6_tuned,entangled_high_hybrid_noema_baseline_posted_price_adaptive,welfare_over_optimum,mechanism,0.9797758571975349,NA,20,NA,NA
exp6_tuned,entangled_high_hybrid_noema_baseline_posted_price_adaptive,p_post_k,mechanism,1,NA,20,NA,NA
exp6_tuned,entangled_high_hybrid_noema_baseline_posted_price_adaptive,reserve_markup,mechanism,1,NA,20,NA,NA
exp6_tuned,entangled_high_hybrid_noema_baseline_posted_price_edf,welfare,mechanism,52.553775853800424,NA,20,NA,NA
exp6_tuned,entangled_high_hybrid_noema_baseline_posted_price_edf,tokens_admitted,mechanism,73.89475,NA,20,NA,NA
exp6_tuned,entangled_high_hybrid_noema_baseline_posted_price_edf,median_latency,mechanism,87.16708502196707,NA,20,NA,NA
exp6_tuned,entangled_high_hybrid_noema_baseline_posted_price_edf,welfare_over_optimum,mechanism,0.9725406196513543,NA,20,NA,NA
exp6_tuned,entangled_high_hybrid_noema_baseline_posted_price_edf,p_post_k,mechanism,2,NA,20,NA,NA
exp6_tuned,entangled_high_hybrid_noema_baseline_posted_price_edf,reserve_markup,mechanism,1,NA,20,NA,NA
exp6_tuned,entangled_high_hybrid_noema_baseline_posted_price_fcfs,welfare,mechanism,52.545148611384235,NA,20,NA,NA
exp6_tuned,entangled_high_hybrid_noema_baseline_posted_price_fcfs,tokens_admitted,mechanism,73.89075,NA,20,NA,NA
exp6_tuned,entangled_high_hybrid_noema_baseline_posted_price_fcfs,median_latency,mechanism,87.16254063783144,NA,20,NA,NA
exp6_tuned,entangled_high_hybrid_noema_baseline_posted_price_fcfs,welfare_over_optimum,mechanism,0.9724091622450501,NA,20,NA,NA
exp6_tuned,entangled_high_hybrid_noema_baseline_posted_price_fcfs,p_post_k,mechanism,2,NA,20,NA,NA
exp6_tuned,entangled_high_hybrid_noema_baseline_posted_price_fcfs,reserve_markup,mechanism,1,NA,20,NA,NA
exp6_tuned,entangled_high_hybrid_noema_calibrated_greedy_ev,welfare,mechanism,63.148065133054445,NA,20,NA,NA
exp6_tuned,entangled_high_hybrid_noema_calibrated_greedy_ev,tokens_admitted,mechanism,83.73725,NA,20,NA,NA
exp6_tuned,entangled_high_hybrid_noema_calibrated_greedy_ev,median_latency,mechanism,81.26010084484848,NA,20,NA,NA
exp6_tuned,entangled_high_hybrid_noema_calibrated_greedy_ev,welfare_over_optimum,mechanism,0.9918404127101301,NA,20,NA,NA
exp6_tuned,entangled_high_hybrid_noema_calibrated_greedy_ev,p_post_k,mechanism,1,NA,20,NA,NA
exp6_tuned,entangled_high_hybrid_noema_calibrated_greedy_ev,reserve_markup,mechanism,1,NA,20,NA,NA
exp6_tuned,entangled_high_hybrid_noema_calibrated_k8s,welfare,mechanism,57.54935849110404,NA,20,NA,NA
exp6_tuned,entangled_high_hybrid_noema_calibrated_k8s,tokens_admitted,mechanism,83.73725,NA,20,NA,NA
exp6_tuned,entangled_high_hybrid_noema_calibrated_k8s,median_latency,mechanism,80.95329272257577,NA,20,NA,NA
exp6_tuned,entangled_high_hybrid_noema_calibrated_k8s,welfare_over_optimum,mechanism,0.9039083069457803,NA,20,NA,NA
exp6_tuned,entangled_high_hybrid_noema_calibrated_k8s,p_post_k,mechanism,1,NA,20,NA,NA
exp6_tuned,entangled_high_hybrid_noema_calibrated_k8s,reserve_markup,mechanism,1,NA,20,NA,NA
exp6_tuned,entangled_high_hybrid_noema_calibrated_market,welfare,mechanism,57.66446957670425,NA,20,NA,NA
exp6_tuned,entangled_high_hybrid_noema_calibrated_market,tokens_admitted,mechanism,70.0665,NA,20,NA,NA
exp6_tuned,entangled_high_hybrid_noema_calibrated_market,median_latency,mechanism,75.84892859766025,NA,20,NA,NA
exp6_tuned,entangled_high_hybrid_noema_calibrated_market,welfare_over_optimum,mechanism,0.9189606291365179,NA,20,NA,NA
exp6_tuned,entangled_high_hybrid_noema_calibrated_market,p_post_k,mechanism,1,NA,20,NA,NA
exp6_tuned,entangled_high_hybrid_noema_calibrated_market,reserve_markup,mechanism,2,NA,20,NA,NA
exp6_tuned,entangled_high_hybrid_noema_calibrated_market_cc,welfare,mechanism,45.7544660880239,NA,20,NA,NA
exp6_tuned,entangled_high_hybrid_noema_calibrated_market_cc,tokens_admitted,mechanism,59.025,NA,20,NA,NA
exp6_tuned,entangled_high_hybrid_noema_calibrated_market_cc,median_latency,mechanism,77.0801947809329,NA,20,NA,NA
exp6_tuned,entangled_high_hybrid_noema_calibrated_market_cc,welfare_over_optimum,mechanism,0.7241087174226042,NA,20,NA,NA
exp6_tuned,entangled_high_hybrid_noema_calibrated_market_cc,p_post_k,mechanism,1,NA,20,NA,NA
exp6_tuned,entangled_high_hybrid_noema_calibrated_market_cc,reserve_markup,mechanism,2,NA,20,NA,NA
exp6_tuned,entangled_high_hybrid_noema_calibrated_posted_price,welfare,mechanism,63.14605352746687,NA,20,NA,NA
exp6_tuned,entangled_high_hybrid_noema_calibrated_posted_price,tokens_admitted,mechanism,83.71125,NA,20,NA,NA
exp6_tuned,entangled_high_hybrid_noema_calibrated_posted_price,median_latency,mechanism,81.24044604171286,NA,20,NA,NA
exp6_tuned,entangled_high_hybrid_noema_calibrated_posted_price,welfare_over_optimum,mechanism,0.9918403692257762,NA,20,NA,NA
exp6_tuned,entangled_high_hybrid_noema_calibrated_posted_price,p_post_k,mechanism,1,NA,20,NA,NA
exp6_tuned,entangled_high_hybrid_noema_calibrated_posted_price,reserve_markup,mechanism,1,NA,20,NA,NA
exp6_tuned,entangled_high_hybrid_noema_calibrated_posted_price_adaptive,welfare,mechanism,58.97000009008221,NA,20,NA,NA
exp6_tuned,entangled_high_hybrid_noema_calibrated_posted_price_adaptive,tokens_admitted,mechanism,73.61875,NA,20,NA,NA
exp6_tuned,entangled_high_hybrid_noema_calibrated_posted_price_adaptive,median_latency,mechanism,76.2438572329445,NA,20,NA,NA
exp6_tuned,entangled_high_hybrid_noema_calibrated_posted_price_adaptive,welfare_over_optimum,mechanism,0.9264532573996214,NA,20,NA,NA
exp6_tuned,entangled_high_hybrid_noema_calibrated_posted_price_adaptive,p_post_k,mechanism,1,NA,20,NA,NA
exp6_tuned,entangled_high_hybrid_noema_calibrated_posted_price_adaptive,reserve_markup,mechanism,1,NA,20,NA,NA
exp6_tuned,entangled_high_hybrid_noema_calibrated_posted_price_edf,welfare,mechanism,58.421034237912544,NA,20,NA,NA
exp6_tuned,entangled_high_hybrid_noema_calibrated_posted_price_edf,tokens_admitted,mechanism,78.461,NA,20,NA,NA
exp6_tuned,entangled_high_hybrid_noema_calibrated_posted_price_edf,median_latency,mechanism,78.07400852813785,NA,20,NA,NA
exp6_tuned,entangled_high_hybrid_noema_calibrated_posted_price_edf,welfare_over_optimum,mechanism,0.9198850536944757,NA,20,NA,NA
exp6_tuned,entangled_high_hybrid_noema_calibrated_posted_price_edf,p_post_k,mechanism,1.75,NA,20,NA,NA
exp6_tuned,entangled_high_hybrid_noema_calibrated_posted_price_edf,reserve_markup,mechanism,1,NA,20,NA,NA
exp6_tuned,entangled_high_hybrid_noema_calibrated_posted_price_fcfs,welfare,mechanism,58.413972341360186,NA,20,NA,NA
exp6_tuned,entangled_high_hybrid_noema_calibrated_posted_price_fcfs,tokens_admitted,mechanism,78.462,NA,20,NA,NA
exp6_tuned,entangled_high_hybrid_noema_calibrated_posted_price_fcfs,median_latency,mechanism,78.07321132693275,NA,20,NA,NA
exp6_tuned,entangled_high_hybrid_noema_calibrated_posted_price_fcfs,welfare_over_optimum,mechanism,0.9196145339765976,NA,20,NA,NA
exp6_tuned,entangled_high_hybrid_noema_calibrated_posted_price_fcfs,p_post_k,mechanism,1.75,NA,20,NA,NA
exp6_tuned,entangled_high_hybrid_noema_calibrated_posted_price_fcfs,reserve_markup,mechanism,1,NA,20,NA,NA
exp6_tuned,entangled_high_naive_baseline_greedy_ev,welfare,mechanism,3.571000359538618,NA,20,NA,NA
exp6_tuned,entangled_high_naive_baseline_greedy_ev,tokens_admitted,mechanism,99.86925,NA,20,NA,NA
exp6_tuned,entangled_high_naive_baseline_greedy_ev,median_latency,mechanism,450.74713853784124,NA,20,NA,NA
exp6_tuned,entangled_high_naive_baseline_greedy_ev,welfare_over_optimum,mechanism,0.06496175716197765,NA,20,NA,NA
exp6_tuned,entangled_high_naive_baseline_greedy_ev,p_post_k,mechanism,1,NA,20,NA,NA
exp6_tuned,entangled_high_naive_baseline_greedy_ev,reserve_markup,mechanism,1,NA,20,NA,NA
exp6_tuned,entangled_high_naive_baseline_k8s,welfare,mechanism,2.832392861219719,NA,20,NA,NA
exp6_tuned,entangled_high_naive_baseline_k8s,tokens_admitted,mechanism,99.89325,NA,20,NA,NA
exp6_tuned,entangled_high_naive_baseline_k8s,median_latency,mechanism,488.2698902890543,NA,20,NA,NA
exp6_tuned,entangled_high_naive_baseline_k8s,welfare_over_optimum,mechanism,0.051675112321653456,NA,20,NA,NA
exp6_tuned,entangled_high_naive_baseline_k8s,p_post_k,mechanism,1,NA,20,NA,NA
exp6_tuned,entangled_high_naive_baseline_k8s,reserve_markup,mechanism,1,NA,20,NA,NA
exp6_tuned,entangled_high_naive_baseline_market,welfare,mechanism,43.64217446332464,NA,20,NA,NA
exp6_tuned,entangled_high_naive_baseline_market,tokens_admitted,mechanism,80.8335,NA,20,NA,NA
exp6_tuned,entangled_high_naive_baseline_market,median_latency,mechanism,137.12165263297337,NA,20,NA,NA
exp6_tuned,entangled_high_naive_baseline_market,welfare_over_optimum,mechanism,0.8369510306288098,NA,20,NA,NA
exp6_tuned,entangled_high_naive_baseline_market,p_post_k,mechanism,1,NA,20,NA,NA
exp6_tuned,entangled_high_naive_baseline_market,reserve_markup,mechanism,2,NA,20,NA,NA
exp6_tuned,entangled_high_naive_baseline_market_cc,welfare,mechanism,38.82666754986686,NA,20,NA,NA
exp6_tuned,entangled_high_naive_baseline_market_cc,tokens_admitted,mechanism,45.174749999999996,NA,20,NA,NA
exp6_tuned,entangled_high_naive_baseline_market_cc,median_latency,mechanism,75.08245366163244,NA,20,NA,NA
exp6_tuned,entangled_high_naive_baseline_market_cc,welfare_over_optimum,mechanism,0.7369628762056235,NA,20,NA,NA
exp6_tuned,entangled_high_naive_baseline_market_cc,p_post_k,mechanism,1,NA,20,NA,NA
exp6_tuned,entangled_high_naive_baseline_market_cc,reserve_markup,mechanism,3,NA,20,NA,NA
exp6_tuned,entangled_high_naive_baseline_posted_price,welfare,mechanism,45.62851798229626,NA,20,NA,NA
exp6_tuned,entangled_high_naive_baseline_posted_price,tokens_admitted,mechanism,68.32,NA,20,NA,NA
exp6_tuned,entangled_high_naive_baseline_posted_price,median_latency,mechanism,104.16437161157242,NA,20,NA,NA
exp6_tuned,entangled_high_naive_baseline_posted_price,welfare_over_optimum,mechanism,0.9021716800499453,NA,20,NA,NA
exp6_tuned,entangled_high_naive_baseline_posted_price,p_post_k,mechanism,2.25,NA,20,NA,NA
exp6_tuned,entangled_high_naive_baseline_posted_price,reserve_markup,mechanism,1,NA,20,NA,NA
exp6_tuned,entangled_high_naive_baseline_posted_price_adaptive,welfare,mechanism,44.505089394717096,NA,20,NA,NA
exp6_tuned,entangled_high_naive_baseline_posted_price_adaptive,tokens_admitted,mechanism,63.6865,NA,20,NA,NA
exp6_tuned,entangled_high_naive_baseline_posted_price_adaptive,median_latency,mechanism,101.93933238852632,NA,20,NA,NA
exp6_tuned,entangled_high_naive_baseline_posted_price_adaptive,welfare_over_optimum,mechanism,0.8527822152592152,NA,20,NA,NA
exp6_tuned,entangled_high_naive_baseline_posted_price_adaptive,p_post_k,mechanism,1,NA,20,NA,NA
exp6_tuned,entangled_high_naive_baseline_posted_price_adaptive,reserve_markup,mechanism,1,NA,20,NA,NA
exp6_tuned,entangled_high_naive_baseline_posted_price_edf,welfare,mechanism,45.68956579756254,NA,20,NA,NA
exp6_tuned,entangled_high_naive_baseline_posted_price_edf,tokens_admitted,mechanism,68.338,NA,20,NA,NA
exp6_tuned,entangled_high_naive_baseline_posted_price_edf,median_latency,mechanism,103.77538021517071,NA,20,NA,NA
exp6_tuned,entangled_high_naive_baseline_posted_price_edf,welfare_over_optimum,mechanism,0.9031458366723053,NA,20,NA,NA
exp6_tuned,entangled_high_naive_baseline_posted_price_edf,p_post_k,mechanism,2.25,NA,20,NA,NA
exp6_tuned,entangled_high_naive_baseline_posted_price_edf,reserve_markup,mechanism,1,NA,20,NA,NA
exp6_tuned,entangled_high_naive_baseline_posted_price_fcfs,welfare,mechanism,45.74817197367592,NA,20,NA,NA
exp6_tuned,entangled_high_naive_baseline_posted_price_fcfs,tokens_admitted,mechanism,68.37774999999999,NA,20,NA,NA
exp6_tuned,entangled_high_naive_baseline_posted_price_fcfs,median_latency,mechanism,103.63629425942615,NA,20,NA,NA
exp6_tuned,entangled_high_naive_baseline_posted_price_fcfs,welfare_over_optimum,mechanism,0.9037064475807268,NA,20,NA,NA
exp6_tuned,entangled_high_naive_baseline_posted_price_fcfs,p_post_k,mechanism,2.25,NA,20,NA,NA
exp6_tuned,entangled_high_naive_baseline_posted_price_fcfs,reserve_markup,mechanism,1,NA,20,NA,NA
exp6_tuned,entangled_high_naive_calibrated_greedy_ev,welfare,mechanism,59.30291524072255,NA,20,NA,NA
exp6_tuned,entangled_high_naive_calibrated_greedy_ev,tokens_admitted,mechanism,99.86375,NA,20,NA,NA
exp6_tuned,entangled_high_naive_calibrated_greedy_ev,median_latency,mechanism,104.88827221514279,NA,20,NA,NA
exp6_tuned,entangled_high_naive_calibrated_greedy_ev,welfare_over_optimum,mechanism,0.9311673860463757,NA,20,NA,NA
exp6_tuned,entangled_high_naive_calibrated_greedy_ev,p_post_k,mechanism,1,NA,20,NA,NA
exp6_tuned,entangled_high_naive_calibrated_greedy_ev,reserve_markup,mechanism,1,NA,20,NA,NA
exp6_tuned,entangled_high_naive_calibrated_k8s,welfare,mechanism,54.381937284604916,NA,20,NA,NA
exp6_tuned,entangled_high_naive_calibrated_k8s,tokens_admitted,mechanism,99.89325,NA,20,NA,NA
exp6_tuned,entangled_high_naive_calibrated_k8s,median_latency,mechanism,106.15779385901018,NA,20,NA,NA
exp6_tuned,entangled_high_naive_calibrated_k8s,welfare_over_optimum,mechanism,0.8542786920605512,NA,20,NA,NA
exp6_tuned,entangled_high_naive_calibrated_k8s,p_post_k,mechanism,1,NA,20,NA,NA
exp6_tuned,entangled_high_naive_calibrated_k8s,reserve_markup,mechanism,1,NA,20,NA,NA
exp6_tuned,entangled_high_naive_calibrated_market,welfare,mechanism,60.20943223215943,NA,20,NA,NA
exp6_tuned,entangled_high_naive_calibrated_market,tokens_admitted,mechanism,94.21125,NA,20,NA,NA
exp6_tuned,entangled_high_naive_calibrated_market,median_latency,mechanism,95.97395627988207,NA,20,NA,NA
exp6_tuned,entangled_high_naive_calibrated_market,welfare_over_optimum,mechanism,0.9453499950528963,NA,20,NA,NA
exp6_tuned,entangled_high_naive_calibrated_market,p_post_k,mechanism,1,NA,20,NA,NA
exp6_tuned,entangled_high_naive_calibrated_market,reserve_markup,mechanism,1.5,NA,20,NA,NA
exp6_tuned,entangled_high_naive_calibrated_market_cc,welfare,mechanism,43.50148807269675,NA,20,NA,NA
exp6_tuned,entangled_high_naive_calibrated_market_cc,tokens_admitted,mechanism,49.68,NA,20,NA,NA
exp6_tuned,entangled_high_naive_calibrated_market_cc,median_latency,mechanism,72.25986373651831,NA,20,NA,NA
exp6_tuned,entangled_high_naive_calibrated_market_cc,welfare_over_optimum,mechanism,0.7123208878713548,NA,20,NA,NA
exp6_tuned,entangled_high_naive_calibrated_market_cc,p_post_k,mechanism,1,NA,20,NA,NA
exp6_tuned,entangled_high_naive_calibrated_market_cc,reserve_markup,mechanism,3,NA,20,NA,NA
exp6_tuned,entangled_high_naive_calibrated_posted_price,welfare,mechanism,60.92517160871341,NA,20,NA,NA
exp6_tuned,entangled_high_naive_calibrated_posted_price,tokens_admitted,mechanism,92.9075,NA,20,NA,NA
exp6_tuned,entangled_high_naive_calibrated_posted_price,median_latency,mechanism,94.13907761517254,NA,20,NA,NA
exp6_tuned,entangled_high_naive_calibrated_posted_price,welfare_over_optimum,mechanism,0.9719401426673515,NA,20,NA,NA
exp6_tuned,entangled_high_naive_calibrated_posted_price,p_post_k,mechanism,1.75,NA,20,NA,NA
exp6_tuned,entangled_high_naive_calibrated_posted_price,reserve_markup,mechanism,1,NA,20,NA,NA
exp6_tuned,entangled_high_naive_calibrated_posted_price_adaptive,welfare,mechanism,61.66797273714916,NA,20,NA,NA
exp6_tuned,entangled_high_naive_calibrated_posted_price_adaptive,tokens_admitted,mechanism,89.371,NA,20,NA,NA
exp6_tuned,entangled_high_naive_calibrated_posted_price_adaptive,median_latency,mechanism,88.92928077929807,NA,20,NA,NA
exp6_tuned,entangled_high_naive_calibrated_posted_price_adaptive,welfare_over_optimum,mechanism,0.9729357479021593,NA,20,NA,NA
exp6_tuned,entangled_high_naive_calibrated_posted_price_adaptive,p_post_k,mechanism,1,NA,20,NA,NA
exp6_tuned,entangled_high_naive_calibrated_posted_price_adaptive,reserve_markup,mechanism,1,NA,20,NA,NA
exp6_tuned,entangled_high_naive_calibrated_posted_price_edf,welfare,mechanism,60.55263482284389,NA,20,NA,NA
exp6_tuned,entangled_high_naive_calibrated_posted_price_edf,tokens_admitted,mechanism,93.03525,NA,20,NA,NA
exp6_tuned,entangled_high_naive_calibrated_posted_price_edf,median_latency,mechanism,93.7814926588049,NA,20,NA,NA
exp6_tuned,entangled_high_naive_calibrated_posted_price_edf,welfare_over_optimum,mechanism,0.9654259285134679,NA,20,NA,NA
exp6_tuned,entangled_high_naive_calibrated_posted_price_edf,p_post_k,mechanism,1.75,NA,20,NA,NA
exp6_tuned,entangled_high_naive_calibrated_posted_price_edf,reserve_markup,mechanism,1,NA,20,NA,NA
exp6_tuned,entangled_high_naive_calibrated_posted_price_fcfs,welfare,mechanism,60.56226934239981,NA,20,NA,NA
exp6_tuned,entangled_high_naive_calibrated_posted_price_fcfs,tokens_admitted,mechanism,93.03675,NA,20,NA,NA
exp6_tuned,entangled_high_naive_calibrated_posted_price_fcfs,median_latency,mechanism,93.73304404845499,NA,20,NA,NA
exp6_tuned,entangled_high_naive_calibrated_posted_price_fcfs,welfare_over_optimum,mechanism,0.9655297673445504,NA,20,NA,NA
exp6_tuned,entangled_high_naive_calibrated_posted_price_fcfs,p_post_k,mechanism,1.75,NA,20,NA,NA
exp6_tuned,entangled_high_naive_calibrated_posted_price_fcfs,reserve_markup,mechanism,1,NA,20,NA,NA
exp6_tuned,entangled_medium_hybrid_noema_baseline_greedy_ev,welfare,mechanism,52.98665779986997,NA,20,NA,NA
exp6_tuned,entangled_medium_hybrid_noema_baseline_greedy_ev,tokens_admitted,mechanism,72.4525,NA,20,NA,NA
exp6_tuned,entangled_medium_hybrid_noema_baseline_greedy_ev,median_latency,mechanism,80.34953256778292,NA,20,NA,NA
exp6_tuned,entangled_medium_hybrid_noema_baseline_greedy_ev,welfare_over_optimum,mechanism,0.9903034149896682,NA,20,NA,NA
exp6_tuned,entangled_medium_hybrid_noema_baseline_greedy_ev,p_post_k,mechanism,1,NA,20,NA,NA
exp6_tuned,entangled_medium_hybrid_noema_baseline_greedy_ev,reserve_markup,mechanism,1,NA,20,NA,NA
exp6_tuned,entangled_medium_hybrid_noema_baseline_k8s,welfare,mechanism,50.31562368255237,NA,20,NA,NA
exp6_tuned,entangled_medium_hybrid_noema_baseline_k8s,tokens_admitted,mechanism,72.4525,NA,20,NA,NA
exp6_tuned,entangled_medium_hybrid_noema_baseline_k8s,median_latency,mechanism,80.07809448696783,NA,20,NA,NA
exp6_tuned,entangled_medium_hybrid_noema_baseline_k8s,welfare_over_optimum,mechanism,0.9404990895861963,NA,20,NA,NA
exp6_tuned,entangled_medium_hybrid_noema_baseline_k8s,p_post_k,mechanism,1,NA,20,NA,NA
exp6_tuned,entangled_medium_hybrid_noema_baseline_k8s,reserve_markup,mechanism,1,NA,20,NA,NA
exp6_tuned,entangled_medium_hybrid_noema_baseline_market,welfare,mechanism,52.690384566529964,NA,20,NA,NA
exp6_tuned,entangled_medium_hybrid_noema_baseline_market,tokens_admitted,mechanism,71.71275,NA,20,NA,NA
exp6_tuned,entangled_medium_hybrid_noema_baseline_market,median_latency,mechanism,80.04551843573672,NA,20,NA,NA
exp6_tuned,entangled_medium_hybrid_noema_baseline_market,welfare_over_optimum,mechanism,0.9855211304018889,NA,20,NA,NA
exp6_tuned,entangled_medium_hybrid_noema_baseline_market,p_post_k,mechanism,1,NA,20,NA,NA
exp6_tuned,entangled_medium_hybrid_noema_baseline_market,reserve_markup,mechanism,0.5,NA,20,NA,NA
exp6_tuned,entangled_medium_hybrid_noema_baseline_market_cc,welfare,mechanism,37.184908589913846,NA,20,NA,NA
exp6_tuned,entangled_medium_hybrid_noema_baseline_market_cc,tokens_admitted,mechanism,50.60275,NA,20,NA,NA
exp6_tuned,entangled_medium_hybrid_noema_baseline_market_cc,median_latency,mechanism,77.50663672962513,NA,20,NA,NA
exp6_tuned,entangled_medium_hybrid_noema_baseline_market_cc,welfare_over_optimum,mechanism,0.695294138531168,NA,20,NA,NA
exp6_tuned,entangled_medium_hybrid_noema_baseline_market_cc,p_post_k,mechanism,1,NA,20,NA,NA
exp6_tuned,entangled_medium_hybrid_noema_baseline_market_cc,reserve_markup,mechanism,1,NA,20,NA,NA
exp6_tuned,entangled_medium_hybrid_noema_baseline_posted_price,welfare,mechanism,52.98665779986997,NA,20,NA,NA
exp6_tuned,entangled_medium_hybrid_noema_baseline_posted_price,tokens_admitted,mechanism,72.4525,NA,20,NA,NA
exp6_tuned,entangled_medium_hybrid_noema_baseline_posted_price,median_latency,mechanism,80.34953256778292,NA,20,NA,NA
exp6_tuned,entangled_medium_hybrid_noema_baseline_posted_price,welfare_over_optimum,mechanism,0.9903034149896682,NA,20,NA,NA
exp6_tuned,entangled_medium_hybrid_noema_baseline_posted_price,p_post_k,mechanism,0.5,NA,20,NA,NA
exp6_tuned,entangled_medium_hybrid_noema_baseline_posted_price,reserve_markup,mechanism,1,NA,20,NA,NA
exp6_tuned,entangled_medium_hybrid_noema_baseline_posted_price_adaptive,welfare,mechanism,50.853971337625595,NA,20,NA,NA
exp6_tuned,entangled_medium_hybrid_noema_baseline_posted_price_adaptive,tokens_admitted,mechanism,69.57625,NA,20,NA,NA
exp6_tuned,entangled_medium_hybrid_noema_baseline_posted_price_adaptive,median_latency,mechanism,79.35062977114603,NA,20,NA,NA
exp6_tuned,entangled_medium_hybrid_noema_baseline_posted_price_adaptive,welfare_over_optimum,mechanism,0.9513444831401986,NA,20,NA,NA
exp6_tuned,entangled_medium_hybrid_noema_baseline_posted_price_adaptive,p_post_k,mechanism,1,NA,20,NA,NA
exp6_tuned,entangled_medium_hybrid_noema_baseline_posted_price_adaptive,reserve_markup,mechanism,1,NA,20,NA,NA
exp6_tuned,entangled_medium_hybrid_noema_baseline_posted_price_edf,welfare,mechanism,50.75071689545264,NA,20,NA,NA
exp6_tuned,entangled_medium_hybrid_noema_baseline_posted_price_edf,tokens_admitted,mechanism,69.8505,NA,20,NA,NA
exp6_tuned,entangled_medium_hybrid_noema_baseline_posted_price_edf,median_latency,mechanism,79.47718699565559,NA,20,NA,NA
exp6_tuned,entangled_medium_hybrid_noema_baseline_posted_price_edf,welfare_over_optimum,mechanism,0.9542127138474343,NA,20,NA,NA
exp6_tuned,entangled_medium_hybrid_noema_baseline_posted_price_edf,p_post_k,mechanism,1.75,NA,20,NA,NA
exp6_tuned,entangled_medium_hybrid_noema_baseline_posted_price_edf,reserve_markup,mechanism,1,NA,20,NA,NA
exp6_tuned,entangled_medium_hybrid_noema_baseline_posted_price_fcfs,welfare,mechanism,50.75170989564578,NA,20,NA,NA
exp6_tuned,entangled_medium_hybrid_noema_baseline_posted_price_fcfs,tokens_admitted,mechanism,69.8515,NA,20,NA,NA
exp6_tuned,entangled_medium_hybrid_noema_baseline_posted_price_fcfs,median_latency,mechanism,79.48908291795671,NA,20,NA,NA
exp6_tuned,entangled_medium_hybrid_noema_baseline_posted_price_fcfs,welfare_over_optimum,mechanism,0.9542370786767338,NA,20,NA,NA
exp6_tuned,entangled_medium_hybrid_noema_baseline_posted_price_fcfs,p_post_k,mechanism,1.75,NA,20,NA,NA
exp6_tuned,entangled_medium_hybrid_noema_baseline_posted_price_fcfs,reserve_markup,mechanism,1,NA,20,NA,NA
exp6_tuned,entangled_medium_hybrid_noema_calibrated_greedy_ev,welfare,mechanism,56.40576595554507,NA,20,NA,NA
exp6_tuned,entangled_medium_hybrid_noema_calibrated_greedy_ev,tokens_admitted,mechanism,72.4525,NA,20,NA,NA
exp6_tuned,entangled_medium_hybrid_noema_calibrated_greedy_ev,median_latency,mechanism,73.8987370427559,NA,20,NA,NA
exp6_tuned,entangled_medium_hybrid_noema_calibrated_greedy_ev,welfare_over_optimum,mechanism,0.9429048718323568,NA,20,NA,NA
exp6_tuned,entangled_medium_hybrid_noema_calibrated_greedy_ev,p_post_k,mechanism,1,NA,20,NA,NA
exp6_tuned,entangled_medium_hybrid_noema_calibrated_greedy_ev,reserve_markup,mechanism,1,NA,20,NA,NA
exp6_tuned,entangled_medium_hybrid_noema_calibrated_k8s,welfare,mechanism,53.4673958433458,NA,20,NA,NA
exp6_tuned,entangled_medium_hybrid_noema_calibrated_k8s,tokens_admitted,mechanism,72.4525,NA,20,NA,NA
exp6_tuned,entangled_medium_hybrid_noema_calibrated_k8s,median_latency,mechanism,73.79430587670086,NA,20,NA,NA
exp6_tuned,entangled_medium_hybrid_noema_calibrated_k8s,welfare_over_optimum,mechanism,0.8938711206331198,NA,20,NA,NA
exp6_tuned,entangled_medium_hybrid_noema_calibrated_k8s,p_post_k,mechanism,1,NA,20,NA,NA
exp6_tuned,entangled_medium_hybrid_noema_calibrated_k8s,reserve_markup,mechanism,1,NA,20,NA,NA
exp6_tuned,entangled_medium_hybrid_noema_calibrated_market,welfare,mechanism,55.98674155869414,NA,20,NA,NA
exp6_tuned,entangled_medium_hybrid_noema_calibrated_market,tokens_admitted,mechanism,71.71275,NA,20,NA,NA
exp6_tuned,entangled_medium_hybrid_noema_calibrated_market,median_latency,mechanism,73.78624767294887,NA,20,NA,NA
exp6_tuned,entangled_medium_hybrid_noema_calibrated_market,welfare_over_optimum,mechanism,0.9367392105938027,NA,20,NA,NA
exp6_tuned,entangled_medium_hybrid_noema_calibrated_market,p_post_k,mechanism,1,NA,20,NA,NA
exp6_tuned,entangled_medium_hybrid_noema_calibrated_market,reserve_markup,mechanism,0.5,NA,20,NA,NA
exp6_tuned,entangled_medium_hybrid_noema_calibrated_market_cc,welfare,mechanism,38.999985156408975,NA,20,NA,NA
exp6_tuned,entangled_medium_hybrid_noema_calibrated_market_cc,tokens_admitted,mechanism,50.0255,NA,20,NA,NA
exp6_tuned,entangled_medium_hybrid_noema_calibrated_market_cc,median_latency,mechanism,72.74199947757141,NA,20,NA,NA
exp6_tuned,entangled_medium_hybrid_noema_calibrated_market_cc,welfare_over_optimum,mechanism,0.6544895506751494,NA,20,NA,NA
exp6_tuned,entangled_medium_hybrid_noema_calibrated_market_cc,p_post_k,mechanism,1,NA,20,NA,NA
exp6_tuned,entangled_medium_hybrid_noema_calibrated_market_cc,reserve_markup,mechanism,2,NA,20,NA,NA
exp6_tuned,entangled_medium_hybrid_noema_calibrated_posted_price,welfare,mechanism,56.40576595554507,NA,20,NA,NA
exp6_tuned,entangled_medium_hybrid_noema_calibrated_posted_price,tokens_admitted,mechanism,72.4525,NA,20,NA,NA
exp6_tuned,entangled_medium_hybrid_noema_calibrated_posted_price,median_latency,mechanism,73.8987370427559,NA,20,NA,NA
exp6_tuned,entangled_medium_hybrid_noema_calibrated_posted_price,welfare_over_optimum,mechanism,0.9429048718323568,NA,20,NA,NA
exp6_tuned,entangled_medium_hybrid_noema_calibrated_posted_price,p_post_k,mechanism,0.5,NA,20,NA,NA
exp6_tuned,entangled_medium_hybrid_noema_calibrated_posted_price,reserve_markup,mechanism,1,NA,20,NA,NA
exp6_tuned,entangled_medium_hybrid_noema_calibrated_posted_price_adaptive,welfare,mechanism,53.858495184622136,NA,20,NA,NA
exp6_tuned,entangled_medium_hybrid_noema_calibrated_posted_price_adaptive,tokens_admitted,mechanism,71.83575,NA,20,NA,NA
exp6_tuned,entangled_medium_hybrid_noema_calibrated_posted_price_adaptive,median_latency,mechanism,73.81989631211354,NA,20,NA,NA
exp6_tuned,entangled_medium_hybrid_noema_calibrated_posted_price_adaptive,welfare_over_optimum,mechanism,0.9013221504553494,NA,20,NA,NA
exp6_tuned,entangled_medium_hybrid_noema_calibrated_posted_price_adaptive,p_post_k,mechanism,1,NA,20,NA,NA
exp6_tuned,entangled_medium_hybrid_noema_calibrated_posted_price_adaptive,reserve_markup,mechanism,1,NA,20,NA,NA
exp6_tuned,entangled_medium_hybrid_noema_calibrated_posted_price_edf,welfare,mechanism,53.75658681879647,NA,20,NA,NA
exp6_tuned,entangled_medium_hybrid_noema_calibrated_posted_price_edf,tokens_admitted,mechanism,69.8505,NA,20,NA,NA
exp6_tuned,entangled_medium_hybrid_noema_calibrated_posted_price_edf,median_latency,mechanism,73.56361184341527,NA,20,NA,NA
exp6_tuned,entangled_medium_hybrid_noema_calibrated_posted_price_edf,welfare_over_optimum,mechanism,0.9051832220995397,NA,20,NA,NA
exp6_tuned,entangled_medium_hybrid_noema_calibrated_posted_price_edf,p_post_k,mechanism,1.75,NA,20,NA,NA
exp6_tuned,entangled_medium_hybrid_noema_calibrated_posted_price_edf,reserve_markup,mechanism,1,NA,20,NA,NA
exp6_tuned,entangled_medium_hybrid_noema_calibrated_posted_price_fcfs,welfare,mechanism,53.756121432486644,NA,20,NA,NA
exp6_tuned,entangled_medium_hybrid_noema_calibrated_posted_price_fcfs,tokens_admitted,mechanism,69.8515,NA,20,NA,NA
exp6_tuned,entangled_medium_hybrid_noema_calibrated_posted_price_fcfs,median_latency,mechanism,73.57460928794318,NA,20,NA,NA
exp6_tuned,entangled_medium_hybrid_noema_calibrated_posted_price_fcfs,welfare_over_optimum,mechanism,0.9051786286428742,NA,20,NA,NA
exp6_tuned,entangled_medium_hybrid_noema_calibrated_posted_price_fcfs,p_post_k,mechanism,1.75,NA,20,NA,NA
exp6_tuned,entangled_medium_hybrid_noema_calibrated_posted_price_fcfs,reserve_markup,mechanism,1,NA,20,NA,NA
exp6_tuned,entangled_medium_naive_baseline_greedy_ev,welfare,mechanism,37.54146916576765,NA,20,NA,NA
exp6_tuned,entangled_medium_naive_baseline_greedy_ev,tokens_admitted,mechanism,88.21625,NA,20,NA,NA
exp6_tuned,entangled_medium_naive_baseline_greedy_ev,median_latency,mechanism,167.40022423636725,NA,20,NA,NA
exp6_tuned,entangled_medium_naive_baseline_greedy_ev,welfare_over_optimum,mechanism,0.7002979161044075,NA,20,NA,NA
exp6_tuned,entangled_medium_naive_baseline_greedy_ev,p_post_k,mechanism,1,NA,20,NA,NA
exp6_tuned,entangled_medium_naive_baseline_greedy_ev,reserve_markup,mechanism,1,NA,20,NA,NA
exp6_tuned,entangled_medium_naive_baseline_k8s,welfare,mechanism,37.72343821416167,NA,20,NA,NA
exp6_tuned,entangled_medium_naive_baseline_k8s,tokens_admitted,mechanism,88.2385,NA,20,NA,NA
exp6_tuned,entangled_medium_naive_baseline_k8s,median_latency,mechanism,165.79512772009775,NA,20,NA,NA
exp6_tuned,entangled_medium_naive_baseline_k8s,welfare_over_optimum,mechanism,0.7041670101946329,NA,20,NA,NA
exp6_tuned,entangled_medium_naive_baseline_k8s,p_post_k,mechanism,1,NA,20,NA,NA
exp6_tuned,entangled_medium_naive_baseline_k8s,reserve_markup,mechanism,1,NA,20,NA,NA
exp6_tuned,entangled_medium_naive_baseline_market,welfare,mechanism,49.03351324848977,NA,20,NA,NA
exp6_tuned,entangled_medium_naive_baseline_market,tokens_admitted,mechanism,81.56375,NA,20,NA,NA
exp6_tuned,entangled_medium_naive_baseline_market,median_latency,mechanism,104.5463951862549,NA,20,NA,NA
exp6_tuned,entangled_medium_naive_baseline_market,welfare_over_optimum,mechanism,0.9134429608553987,NA,20,NA,NA
exp6_tuned,entangled_medium_naive_baseline_market,p_post_k,mechanism,1,NA,20,NA,NA
exp6_tuned,entangled_medium_naive_baseline_market,reserve_markup,mechanism,1.5,NA,20,NA,NA
exp6_tuned,entangled_medium_naive_baseline_market_cc,welfare,mechanism,48.82533244105295,NA,20,NA,NA
exp6_tuned,entangled_medium_naive_baseline_market_cc,tokens_admitted,mechanism,69.88374999999999,NA,20,NA,NA
exp6_tuned,entangled_medium_naive_baseline_market_cc,median_latency,mechanism,85.39783158624117,NA,20,NA,NA
exp6_tuned,entangled_medium_naive_baseline_market_cc,welfare_over_optimum,mechanism,0.9131616034260609,NA,20,NA,NA
exp6_tuned,entangled_medium_naive_baseline_market_cc,p_post_k,mechanism,1,NA,20,NA,NA
exp6_tuned,entangled_medium_naive_baseline_market_cc,reserve_markup,mechanism,2,NA,20,NA,NA
exp6_tuned,entangled_medium_naive_baseline_posted_price,welfare,mechanism,51.01735842872784,NA,20,NA,NA
exp6_tuned,entangled_medium_naive_baseline_posted_price,tokens_admitted,mechanism,73.189,NA,20,NA,NA
exp6_tuned,entangled_medium_naive_baseline_posted_price,median_latency,mechanism,85.65625166061969,NA,20,NA,NA
exp6_tuned,entangled_medium_naive_baseline_posted_price,welfare_over_optimum,mechanism,0.9630681067454046,NA,20,NA,NA
exp6_tuned,entangled_medium_naive_baseline_posted_price,p_post_k,mechanism,1.75,NA,20,NA,NA
exp6_tuned,entangled_medium_naive_baseline_posted_price,reserve_markup,mechanism,1,NA,20,NA,NA
exp6_tuned,entangled_medium_naive_baseline_posted_price_adaptive,welfare,mechanism,50.31367748737058,NA,20,NA,NA
exp6_tuned,entangled_medium_naive_baseline_posted_price_adaptive,tokens_admitted,mechanism,71.774,NA,20,NA,NA
exp6_tuned,entangled_medium_naive_baseline_posted_price_adaptive,median_latency,mechanism,86.26969302575192,NA,20,NA,NA
exp6_tuned,entangled_medium_naive_baseline_posted_price_adaptive,welfare_over_optimum,mechanism,0.9461684639366906,NA,20,NA,NA
exp6_tuned,entangled_medium_naive_baseline_posted_price_adaptive,p_post_k,mechanism,1,NA,20,NA,NA
exp6_tuned,entangled_medium_naive_baseline_posted_price_adaptive,reserve_markup,mechanism,1,NA,20,NA,NA
exp6_tuned,entangled_medium_naive_baseline_posted_price_edf,welfare,mechanism,51.027856372604354,NA,20,NA,NA
exp6_tuned,entangled_medium_naive_baseline_posted_price_edf,tokens_admitted,mechanism,73.189,NA,20,NA,NA
exp6_tuned,entangled_medium_naive_baseline_posted_price_edf,median_latency,mechanism,85.62032366602888,NA,20,NA,NA
exp6_tuned,entangled_medium_naive_baseline_posted_price_edf,welfare_over_optimum,mechanism,0.9633005484678161,NA,20,NA,NA
exp6_tuned,entangled_medium_naive_baseline_posted_price_edf,p_post_k,mechanism,1.75,NA,20,NA,NA
exp6_tuned,entangled_medium_naive_baseline_posted_price_edf,reserve_markup,mechanism,1,NA,20,NA,NA
exp6_tuned,entangled_medium_naive_baseline_posted_price_fcfs,welfare,mechanism,51.02779446468891,NA,20,NA,NA
exp6_tuned,entangled_medium_naive_baseline_posted_price_fcfs,tokens_admitted,mechanism,73.18975,NA,20,NA,NA
exp6_tuned,entangled_medium_naive_baseline_posted_price_fcfs,median_latency,mechanism,85.59304317258817,NA,20,NA,NA
exp6_tuned,entangled_medium_naive_baseline_posted_price_fcfs,welfare_over_optimum,mechanism,0.9632953537673271,NA,20,NA,NA
exp6_tuned,entangled_medium_naive_baseline_posted_price_fcfs,p_post_k,mechanism,1.75,NA,20,NA,NA
exp6_tuned,entangled_medium_naive_baseline_posted_price_fcfs,reserve_markup,mechanism,1,NA,20,NA,NA
exp6_tuned,entangled_medium_naive_calibrated_greedy_ev,welfare,mechanism,59.01666684279164,NA,20,NA,NA
exp6_tuned,entangled_medium_naive_calibrated_greedy_ev,tokens_admitted,mechanism,88.21625,NA,20,NA,NA
exp6_tuned,entangled_medium_naive_calibrated_greedy_ev,median_latency,mechanism,84.32520692617442,NA,20,NA,NA
exp6_tuned,entangled_medium_naive_calibrated_greedy_ev,welfare_over_optimum,mechanism,0.986317691427808,NA,20,NA,NA
exp6_tuned,entangled_medium_naive_calibrated_greedy_ev,p_post_k,mechanism,1,NA,20,NA,NA
exp6_tuned,entangled_medium_naive_calibrated_greedy_ev,reserve_markup,mechanism,1,NA,20,NA,NA
exp6_tuned,entangled_medium_naive_calibrated_k8s,welfare,mechanism,58.79374986497081,NA,20,NA,NA
exp6_tuned,entangled_medium_naive_calibrated_k8s,tokens_admitted,mechanism,88.2385,NA,20,NA,NA
exp6_tuned,entangled_medium_naive_calibrated_k8s,median_latency,mechanism,84.21704465748736,NA,20,NA,NA
exp6_tuned,entangled_medium_naive_calibrated_k8s,welfare_over_optimum,mechanism,0.9826469180892149,NA,20,NA,NA
exp6_tuned,entangled_medium_naive_calibrated_k8s,p_post_k,mechanism,1,NA,20,NA,NA
exp6_tuned,entangled_medium_naive_calibrated_k8s,reserve_markup,mechanism,1,NA,20,NA,NA
exp6_tuned,entangled_medium_naive_calibrated_market,welfare,mechanism,59.22783913235645,NA,20,NA,NA
exp6_tuned,entangled_medium_naive_calibrated_market,tokens_admitted,mechanism,85.74725000000001,NA,20,NA,NA
exp6_tuned,entangled_medium_naive_calibrated_market,median_latency,mechanism,81.624285684233,NA,20,NA,NA
exp6_tuned,entangled_medium_naive_calibrated_market,welfare_over_optimum,mechanism,0.9916209584869619,NA,20,NA,NA
exp6_tuned,entangled_medium_naive_calibrated_market,p_post_k,mechanism,1,NA,20,NA,NA
exp6_tuned,entangled_medium_naive_calibrated_market,reserve_markup,mechanism,1.25,NA,20,NA,NA
exp6_tuned,entangled_medium_naive_calibrated_market_cc,welfare,mechanism,55.80824420096662,NA,20,NA,NA
exp6_tuned,entangled_medium_naive_calibrated_market_cc,tokens_admitted,mechanism,75.05075,NA,20,NA,NA
exp6_tuned,entangled_medium_naive_calibrated_market_cc,median_latency,mechanism,76.08010968015935,NA,20,NA,NA
exp6_tuned,entangled_medium_naive_calibrated_market_cc,welfare_over_optimum,mechanism,0.9381180843486526,NA,20,NA,NA
exp6_tuned,entangled_medium_naive_calibrated_market_cc,p_post_k,mechanism,1,NA,20,NA,NA
exp6_tuned,entangled_medium_naive_calibrated_market_cc,reserve_markup,mechanism,2,NA,20,NA,NA
exp6_tuned,entangled_medium_naive_calibrated_posted_price,welfare,mechanism,59.168928534161076,NA,20,NA,NA
exp6_tuned,entangled_medium_naive_calibrated_posted_price,tokens_admitted,mechanism,85.71625,NA,20,NA,NA
exp6_tuned,entangled_medium_naive_calibrated_posted_price,median_latency,mechanism,81.74332241190386,NA,20,NA,NA
exp6_tuned,entangled_medium_naive_calibrated_posted_price,welfare_over_optimum,mechanism,0.9906711013083354,NA,20,NA,NA
exp6_tuned,entangled_medium_naive_calibrated_posted_price,p_post_k,mechanism,1.25,NA,20,NA,NA
exp6_tuned,entangled_medium_naive_calibrated_posted_price,reserve_markup,mechanism,1,NA,20,NA,NA
exp6_tuned,entangled_medium_naive_calibrated_posted_price_adaptive,welfare,mechanism,59.13902494485884,NA,20,NA,NA
exp6_tuned,entangled_medium_naive_calibrated_posted_price_adaptive,tokens_admitted,mechanism,85.6785,NA,20,NA,NA
exp6_tuned,entangled_medium_naive_calibrated_posted_price_adaptive,median_latency,mechanism,81.5599816823042,NA,20,NA,NA
exp6_tuned,entangled_medium_naive_calibrated_posted_price_adaptive,welfare_over_optimum,mechanism,0.9887312425553741,NA,20,NA,NA
exp6_tuned,entangled_medium_naive_calibrated_posted_price_adaptive,p_post_k,mechanism,1,NA,20,NA,NA
exp6_tuned,entangled_medium_naive_calibrated_posted_price_adaptive,reserve_markup,mechanism,1,NA,20,NA,NA
exp6_tuned,entangled_medium_naive_calibrated_posted_price_edf,welfare,mechanism,59.04415207692291,NA,20,NA,NA
exp6_tuned,entangled_medium_naive_calibrated_posted_price_edf,tokens_admitted,mechanism,85.73825,NA,20,NA,NA
exp6_tuned,entangled_medium_naive_calibrated_posted_price_edf,median_latency,mechanism,81.74914218374947,NA,20,NA,NA
exp6_tuned,entangled_medium_naive_calibrated_posted_price_edf,welfare_over_optimum,mechanism,0.9883272567435427,NA,20,NA,NA
exp6_tuned,entangled_medium_naive_calibrated_posted_price_edf,p_post_k,mechanism,1.25,NA,20,NA,NA
exp6_tuned,entangled_medium_naive_calibrated_posted_price_edf,reserve_markup,mechanism,1,NA,20,NA,NA
exp6_tuned,entangled_medium_naive_calibrated_posted_price_fcfs,welfare,mechanism,59.04659754455636,NA,20,NA,NA
exp6_tuned,entangled_medium_naive_calibrated_posted_price_fcfs,tokens_admitted,mechanism,85.7385,NA,20,NA,NA
exp6_tuned,entangled_medium_naive_calibrated_posted_price_fcfs,median_latency,mechanism,81.74856298856245,NA,20,NA,NA
exp6_tuned,entangled_medium_naive_calibrated_posted_price_fcfs,welfare_over_optimum,mechanism,0.9883603721645835,NA,20,NA,NA
exp6_tuned,entangled_medium_naive_calibrated_posted_price_fcfs,p_post_k,mechanism,1.25,NA,20,NA,NA
exp6_tuned,entangled_medium_naive_calibrated_posted_price_fcfs,reserve_markup,mechanism,1,NA,20,NA,NA
exp6_tuned,sp_high_hybrid_noema_baseline_greedy_ev,welfare,mechanism,3.281540846851988,NA,20,NA,NA
exp6_tuned,sp_high_hybrid_noema_baseline_greedy_ev,tokens_admitted,mechanism,49.96475,NA,20,NA,NA
exp6_tuned,sp_high_hybrid_noema_baseline_greedy_ev,median_latency,mechanism,341.740038872286,NA,20,NA,NA
exp6_tuned,sp_high_hybrid_noema_baseline_greedy_ev,welfare_over_optimum,mechanism,0.1091530732221385,NA,20,NA,NA
exp6_tuned,sp_high_hybrid_noema_baseline_greedy_ev,p_post_k,mechanism,1,NA,20,NA,NA
exp6_tuned,sp_high_hybrid_noema_baseline_greedy_ev,reserve_markup,mechanism,1,NA,20,NA,NA
exp6_tuned,sp_high_hybrid_noema_baseline_k8s,welfare,mechanism,3.0454817733783006,NA,20,NA,NA
exp6_tuned,sp_high_hybrid_noema_baseline_k8s,tokens_admitted,mechanism,49.96475,NA,20,NA,NA
exp6_tuned,sp_high_hybrid_noema_baseline_k8s,median_latency,mechanism,341.70908662008657,NA,20,NA,NA
exp6_tuned,sp_high_hybrid_noema_baseline_k8s,welfare_over_optimum,mechanism,0.10132382214793807,NA,20,NA,NA
exp6_tuned,sp_high_hybrid_noema_baseline_k8s,p_post_k,mechanism,1,NA,20,NA,NA
exp6_tuned,sp_high_hybrid_noema_baseline_k8s,reserve_markup,mechanism,1,NA,20,NA,NA
exp6_tuned,sp_high_hybrid_noema_baseline_market,welfare,mechanism,21.200239137798693,NA,20,NA,NA
exp6_tuned,sp_high_hybrid_noema_baseline_market,tokens_admitted,mechanism,24.1585,NA,20,NA,NA
exp6_tuned,sp_high_hybrid_noema_baseline_market,median_latency,mechanism,74.752651068722,NA,20,NA,NA
exp6_tuned,sp_high_hybrid_noema_baseline_market,welfare_over_optimum,mechanism,0.732482561327921,NA,20,NA,NA
exp6_tuned,sp_high_hybrid_noema_baseline_market,p_post_k,mechanism,1,NA,20,NA,NA
exp6_tuned,sp_high_hybrid_noema_baseline_market,reserve_markup,mechanism,3,NA,20,NA,NA
exp6_tuned,sp_high_hybrid_noema_baseline_market_cc,welfare,mechanism,23.60396753766055,NA,20,NA,NA
exp6_tuned,sp_high_hybrid_noema_baseline_market_cc,tokens_admitted,mechanism,28.15,NA,20,NA,NA
exp6_tuned,sp_high_hybrid_noema_baseline_market_cc,median_latency,mechanism,77.60298504596435,NA,20,NA,NA
exp6_tuned,sp_high_hybrid_noema_baseline_market_cc,welfare_over_optimum,mechanism,0.8046961715169776,NA,20,NA,NA
exp6_tuned,sp_high_hybrid_noema_baseline_market_cc,p_post_k,mechanism,1,NA,20,NA,NA
exp6_tuned,sp_high_hybrid_noema_baseline_market_cc,reserve_markup,mechanism,3,NA,20,NA,NA
exp6_tuned,sp_high_hybrid_noema_baseline_posted_price,welfare,mechanism,25.27334947936669,NA,20,NA,NA
exp6_tuned,sp_high_hybrid_noema_baseline_posted_price,tokens_admitted,mechanism,36.13675,NA,20,NA,NA
exp6_tuned,sp_high_hybrid_noema_baseline_posted_price,median_latency,mechanism,100.0832301306867,NA,20,NA,NA
exp6_tuned,sp_high_hybrid_noema_baseline_posted_price,welfare_over_optimum,mechanism,0.8603143638060364,NA,20,NA,NA
exp6_tuned,sp_high_hybrid_noema_baseline_posted_price,p_post_k,mechanism,2.5,NA,20,NA,NA
exp6_tuned,sp_high_hybrid_noema_baseline_posted_price,reserve_markup,mechanism,1,NA,20,NA,NA
exp6_tuned,sp_high_hybrid_noema_baseline_posted_price_adaptive,welfare,mechanism,23.95764042289463,NA,20,NA,NA
exp6_tuned,sp_high_hybrid_noema_baseline_posted_price_adaptive,tokens_admitted,mechanism,36.60425,NA,20,NA,NA
exp6_tuned,sp_high_hybrid_noema_baseline_posted_price_adaptive,median_latency,mechanism,113.67467982342446,NA,20,NA,NA
exp6_tuned,sp_high_hybrid_noema_baseline_posted_price_adaptive,welfare_over_optimum,mechanism,0.8435032053191659,NA,20,NA,NA
exp6_tuned,sp_high_hybrid_noema_baseline_posted_price_adaptive,p_post_k,mechanism,1,NA,20,NA,NA
exp6_tuned,sp_high_hybrid_noema_baseline_posted_price_adaptive,reserve_markup,mechanism,1,NA,20,NA,NA
exp6_tuned,sp_high_hybrid_noema_baseline_posted_price_edf,welfare,mechanism,25.267274990969973,NA,20,NA,NA
exp6_tuned,sp_high_hybrid_noema_baseline_posted_price_edf,tokens_admitted,mechanism,36.13775,NA,20,NA,NA
exp6_tuned,sp_high_hybrid_noema_baseline_posted_price_edf,median_latency,mechanism,100.10598023979941,NA,20,NA,NA
exp6_tuned,sp_high_hybrid_noema_baseline_posted_price_edf,welfare_over_optimum,mechanism,0.8599644379067065,NA,20,NA,NA
exp6_tuned,sp_high_hybrid_noema_baseline_posted_price_edf,p_post_k,mechanism,2.5,NA,20,NA,NA
exp6_tuned,sp_high_hybrid_noema_baseline_posted_price_edf,reserve_markup,mechanism,1,NA,20,NA,NA
exp6_tuned,sp_high_hybrid_noema_baseline_posted_price_fcfs,welfare,mechanism,25.268932788824074,NA,20,NA,NA
exp6_tuned,sp_high_hybrid_noema_baseline_posted_price_fcfs,tokens_admitted,mechanism,36.13925,NA,20,NA,NA
exp6_tuned,sp_high_hybrid_noema_baseline_posted_price_fcfs,median_latency,mechanism,100.10826803923086,NA,20,NA,NA
exp6_tuned,sp_high_hybrid_noema_baseline_posted_price_fcfs,welfare_over_optimum,mechanism,0.8601314867579423,NA,20,NA,NA
exp6_tuned,sp_high_hybrid_noema_baseline_posted_price_fcfs,p_post_k,mechanism,2.5,NA,20,NA,NA
exp6_tuned,sp_high_hybrid_noema_baseline_posted_price_fcfs,reserve_markup,mechanism,1,NA,20,NA,NA
exp6_tuned,sp_high_hybrid_noema_calibrated_greedy_ev,welfare,mechanism,33.40602397090864,NA,20,NA,NA
exp6_tuned,sp_high_hybrid_noema_calibrated_greedy_ev,tokens_admitted,mechanism,49.96475,NA,20,NA,NA
exp6_tuned,sp_high_hybrid_noema_calibrated_greedy_ev,median_latency,mechanism,92.33454922362792,NA,20,NA,NA
exp6_tuned,sp_high_hybrid_noema_calibrated_greedy_ev,welfare_over_optimum,mechanism,0.9788533581566169,NA,20,NA,NA
exp6_tuned,sp_high_hybrid_noema_calibrated_greedy_ev,p_post_k,mechanism,1,NA,20,NA,NA
exp6_tuned,sp_high_hybrid_noema_calibrated_greedy_ev,reserve_markup,mechanism,1,NA,20,NA,NA
exp6_tuned,sp_high_hybrid_noema_calibrated_k8s,welfare,mechanism,30.8739959478929,NA,20,NA,NA
exp6_tuned,sp_high_hybrid_noema_calibrated_k8s,tokens_admitted,mechanism,49.96475,NA,20,NA,NA
exp6_tuned,sp_high_hybrid_noema_calibrated_k8s,median_latency,mechanism,92.32265303637418,NA,20,NA,NA
exp6_tuned,sp_high_hybrid_noema_calibrated_k8s,welfare_over_optimum,mechanism,0.9046904760664369,NA,20,NA,NA
exp6_tuned,sp_high_hybrid_noema_calibrated_k8s,p_post_k,mechanism,1,NA,20,NA,NA
exp6_tuned,sp_high_hybrid_noema_calibrated_k8s,reserve_markup,mechanism,1,NA,20,NA,NA
exp6_tuned,sp_high_hybrid_noema_calibrated_market,welfare,mechanism,33.29611045102715,NA,20,NA,NA
exp6_tuned,sp_high_hybrid_noema_calibrated_market,tokens_admitted,mechanism,49.348,NA,20,NA,NA
exp6_tuned,sp_high_hybrid_noema_calibrated_market,median_latency,mechanism,91.60858141254113,NA,20,NA,NA
exp6_tuned,sp_high_hybrid_noema_calibrated_market,welfare_over_optimum,mechanism,0.9755886893339712,NA,20,NA,NA
exp6_tuned,sp_high_hybrid_noema_calibrated_market,p_post_k,mechanism,1,NA,20,NA,NA
exp6_tuned,sp_high_hybrid_noema_calibrated_market,reserve_markup,mechanism,1.5,NA,20,NA,NA
exp6_tuned,sp_high_hybrid_noema_calibrated_market_cc,welfare,mechanism,27.133885220300403,NA,20,NA,NA
exp6_tuned,sp_high_hybrid_noema_calibrated_market_cc,tokens_admitted,mechanism,31.391,NA,20,NA,NA
exp6_tuned,sp_high_hybrid_noema_calibrated_market_cc,median_latency,mechanism,73.52512403037755,NA,20,NA,NA
exp6_tuned,sp_high_hybrid_noema_calibrated_market_cc,welfare_over_optimum,mechanism,0.8211395696963717,NA,20,NA,NA
exp6_tuned,sp_high_hybrid_noema_calibrated_market_cc,p_post_k,mechanism,1,NA,20,NA,NA
exp6_tuned,sp_high_hybrid_noema_calibrated_market_cc,reserve_markup,mechanism,3,NA,20,NA,NA
exp6_tuned,sp_high_hybrid_noema_calibrated_posted_price,welfare,mechanism,33.40602397090864,NA,20,NA,NA
exp6_tuned,sp_high_hybrid_noema_calibrated_posted_price,tokens_admitted,mechanism,49.96475,NA,20,NA,NA
exp6_tuned,sp_high_hybrid_noema_calibrated_posted_price,median_latency,mechanism,92.33454922362792,NA,20,NA,NA
exp6_tuned,sp_high_hybrid_noema_calibrated_posted_price,welfare_over_optimum,mechanism,0.9788533581566169,NA,20,NA,NA
exp6_tuned,sp_high_hybrid_noema_calibrated_posted_price,p_post_k,mechanism,0.5,NA,20,NA,NA
exp6_tuned,sp_high_hybrid_noema_calibrated_posted_price,reserve_markup,mechanism,1,NA,20,NA,NA
exp6_tuned,sp_high_hybrid_noema_calibrated_posted_price_adaptive,welfare,mechanism,32.747854596827615,NA,20,NA,NA
exp6_tuned,sp_high_hybrid_noema_calibrated_posted_price_adaptive,tokens_admitted,mechanism,47.04975,NA,20,NA,NA
exp6_tuned,sp_high_hybrid_noema_calibrated_posted_price_adaptive,median_latency,mechanism,87.62908361792813,NA,20,NA,NA
exp6_tuned,sp_high_hybrid_noema_calibrated_posted_price_adaptive,welfare_over_optimum,mechanism,0.9616374974597766,NA,20,NA,NA
exp6_tuned,sp_high_hybrid_noema_calibrated_posted_price_adaptive,p_post_k,mechanism,1,NA,20,NA,NA
exp6_tuned,sp_high_hybrid_noema_calibrated_posted_price_adaptive,reserve_markup,mechanism,1,NA,20,NA,NA
exp6_tuned,sp_high_hybrid_noema_calibrated_posted_price_edf,welfare,mechanism,32.67633231278638,NA,20,NA,NA
exp6_tuned,sp_high_hybrid_noema_calibrated_posted_price_edf,tokens_admitted,mechanism,47.254,NA,20,NA,NA
exp6_tuned,sp_high_hybrid_noema_calibrated_posted_price_edf,median_latency,mechanism,88.184235700914,NA,20,NA,NA
exp6_tuned,sp_high_hybrid_noema_calibrated_posted_price_edf,welfare_over_optimum,mechanism,0.9623766507083218,NA,20,NA,NA
exp6_tuned,sp_high_hybrid_noema_calibrated_posted_price_edf,p_post_k,mechanism,2,NA,20,NA,NA
exp6_tuned,sp_high_hybrid_noema_calibrated_posted_price_edf,reserve_markup,mechanism,1,NA,20,NA,NA
exp6_tuned,sp_high_hybrid_noema_calibrated_posted_price_fcfs,welfare,mechanism,32.66677785863694,NA,20,NA,NA
exp6_tuned,sp_high_hybrid_noema_calibrated_posted_price_fcfs,tokens_admitted,mechanism,47.25075,NA,20,NA,NA
exp6_tuned,sp_high_hybrid_noema_calibrated_posted_price_fcfs,median_latency,mechanism,88.19191119475472,NA,20,NA,NA
exp6_tuned,sp_high_hybrid_noema_calibrated_posted_price_fcfs,welfare_over_optimum,mechanism,0.9620435355406212,NA,20,NA,NA
exp6_tuned,sp_high_hybrid_noema_calibrated_posted_price_fcfs,p_post_k,mechanism,2,NA,20,NA,NA
exp6_tuned,sp_high_hybrid_noema_calibrated_posted_price_fcfs,reserve_markup,mechanism,1,NA,20,NA,NA
exp6_tuned,sp_high_naive_baseline_greedy_ev,welfare,mechanism,3.2816723198440463,NA,20,NA,NA
exp6_tuned,sp_high_naive_baseline_greedy_ev,tokens_admitted,mechanism,49.96475,NA,20,NA,NA
exp6_tuned,sp_high_naive_baseline_greedy_ev,median_latency,mechanism,341.7473192466939,NA,20,NA,NA
exp6_tuned,sp_high_naive_baseline_greedy_ev,welfare_over_optimum,mechanism,0.10915738064590991,NA,20,NA,NA
exp6_tuned,sp_high_naive_baseline_greedy_ev,p_post_k,mechanism,1,NA,20,NA,NA
exp6_tuned,sp_high_naive_baseline_greedy_ev,reserve_markup,mechanism,1,NA,20,NA,NA
exp6_tuned,sp_high_naive_baseline_k8s,welfare,mechanism,3.0454817733783006,NA,20,NA,NA
exp6_tuned,sp_high_naive_baseline_k8s,tokens_admitted,mechanism,49.96475,NA,20,NA,NA
exp6_tuned,sp_high_naive_baseline_k8s,median_latency,mechanism,341.70908662008657,NA,20,NA,NA
exp6_tuned,sp_high_naive_baseline_k8s,welfare_over_optimum,mechanism,0.10132382214793807,NA,20,NA,NA
exp6_tuned,sp_high_naive_baseline_k8s,p_post_k,mechanism,1,NA,20,NA,NA
exp6_tuned,sp_high_naive_baseline_k8s,reserve_markup,mechanism,1,NA,20,NA,NA
exp6_tuned,sp_high_naive_baseline_market,welfare,mechanism,23.250820688378575,NA,20,NA,NA
exp6_tuned,sp_high_naive_baseline_market,tokens_admitted,mechanism,31.23625,NA,20,NA,NA
exp6_tuned,sp_high_naive_baseline_market,median_latency,mechanism,88.91171406011895,NA,20,NA,NA
exp6_tuned,sp_high_naive_baseline_market,welfare_over_optimum,mechanism,0.8360525142644932,NA,20,NA,NA
exp6_tuned,sp_high_naive_baseline_market,p_post_k,mechanism,1,NA,20,NA,NA
exp6_tuned,sp_high_naive_baseline_market,reserve_markup,mechanism,1.5,NA,20,NA,NA
exp6_tuned,sp_high_naive_baseline_market_cc,welfare,mechanism,15.76836292680483,NA,20,NA,NA
exp6_tuned,sp_high_naive_baseline_market_cc,tokens_admitted,mechanism,17.122,NA,20,NA,NA
exp6_tuned,sp_high_naive_baseline_market_cc,median_latency,mechanism,72.72190681510453,NA,20,NA,NA
exp6_tuned,sp_high_naive_baseline_market_cc,welfare_over_optimum,mechanism,0.5548485383152263,NA,20,NA,NA
exp6_tuned,sp_high_naive_baseline_market_cc,p_post_k,mechanism,1,NA,20,NA,NA
exp6_tuned,sp_high_naive_baseline_market_cc,reserve_markup,mechanism,2,NA,20,NA,NA
exp6_tuned,sp_high_naive_baseline_posted_price,welfare,mechanism,20.11016921977485,NA,20,NA,NA
exp6_tuned,sp_high_naive_baseline_posted_price,tokens_admitted,mechanism,30.73825,NA,20,NA,NA
exp6_tuned,sp_high_naive_baseline_posted_price,median_latency,mechanism,110.80937426790621,NA,20,NA,NA
exp6_tuned,sp_high_naive_baseline_posted_price,welfare_over_optimum,mechanism,0.7533276688837441,NA,20,NA,NA
exp6_tuned,sp_high_naive_baseline_posted_price,p_post_k,mechanism,1.5,NA,20,NA,NA
exp6_tuned,sp_high_naive_baseline_posted_price,reserve_markup,mechanism,1,NA,20,NA,NA
exp6_tuned,sp_high_naive_baseline_posted_price_adaptive,welfare,mechanism,23.141330358388597,NA,20,NA,NA
exp6_tuned,sp_high_naive_baseline_posted_price_adaptive,tokens_admitted,mechanism,36.27425,NA,20,NA,NA
exp6_tuned,sp_high_naive_baseline_posted_price_adaptive,median_latency,mechanism,116.74477984808811,NA,20,NA,NA
exp6_tuned,sp_high_naive_baseline_posted_price_adaptive,welfare_over_optimum,mechanism,0.7955201296594129,NA,20,NA,NA
exp6_tuned,sp_high_naive_baseline_posted_price_adaptive,p_post_k,mechanism,1,NA,20,NA,NA
exp6_tuned,sp_high_naive_baseline_posted_price_adaptive,reserve_markup,mechanism,1,NA,20,NA,NA
exp6_tuned,sp_high_naive_baseline_posted_price_edf,welfare,mechanism,20.09830737203411,NA,20,NA,NA
exp6_tuned,sp_high_naive_baseline_posted_price_edf,tokens_admitted,mechanism,30.74075,NA,20,NA,NA
exp6_tuned,sp_high_naive_baseline_posted_price_edf,median_latency,mechanism,110.9070727379103,NA,20,NA,NA
exp6_tuned,sp_high_naive_baseline_posted_price_edf,welfare_over_optimum,mechanism,0.7527293583110235,NA,20,NA,NA
exp6_tuned,sp_high_naive_baseline_posted_price_edf,p_post_k,mechanism,1.5,NA,20,NA,NA
exp6_tuned,sp_high_naive_baseline_posted_price_edf,reserve_markup,mechanism,1,NA,20,NA,NA
exp6_tuned,sp_high_naive_baseline_posted_price_fcfs,welfare,mechanism,20.09616900600352,NA,20,NA,NA
exp6_tuned,sp_high_naive_baseline_posted_price_fcfs,tokens_admitted,mechanism,30.74075,NA,20,NA,NA
exp6_tuned,sp_high_naive_baseline_posted_price_fcfs,median_latency,mechanism,110.92162130527943,NA,20,NA,NA
exp6_tuned,sp_high_naive_baseline_posted_price_fcfs,welfare_over_optimum,mechanism,0.7526604837697383,NA,20,NA,NA
exp6_tuned,sp_high_naive_baseline_posted_price_fcfs,p_post_k,mechanism,1.5,NA,20,NA,NA
exp6_tuned,sp_high_naive_baseline_posted_price_fcfs,reserve_markup,mechanism,1,NA,20,NA,NA
exp6_tuned,sp_high_naive_calibrated_greedy_ev,welfare,mechanism,33.40771803600601,NA,20,NA,NA
exp6_tuned,sp_high_naive_calibrated_greedy_ev,tokens_admitted,mechanism,49.96475,NA,20,NA,NA
exp6_tuned,sp_high_naive_calibrated_greedy_ev,median_latency,mechanism,92.33695934595212,NA,20,NA,NA
exp6_tuned,sp_high_naive_calibrated_greedy_ev,welfare_over_optimum,mechanism,0.9789000977794271,NA,20,NA,NA
exp6_tuned,sp_high_naive_calibrated_greedy_ev,p_post_k,mechanism,1,NA,20,NA,NA
exp6_tuned,sp_high_naive_calibrated_greedy_ev,reserve_markup,mechanism,1,NA,20,NA,NA
exp6_tuned,sp_high_naive_calibrated_k8s,welfare,mechanism,30.8739959478929,NA,20,NA,NA
exp6_tuned,sp_high_naive_calibrated_k8s,tokens_admitted,mechanism,49.96475,NA,20,NA,NA
exp6_tuned,sp_high_naive_calibrated_k8s,median_latency,mechanism,92.32265303637418,NA,20,NA,NA
exp6_tuned,sp_high_naive_calibrated_k8s,welfare_over_optimum,mechanism,0.9046904760664369,NA,20,NA,NA
exp6_tuned,sp_high_naive_calibrated_k8s,p_post_k,mechanism,1,NA,20,NA,NA
exp6_tuned,sp_high_naive_calibrated_k8s,reserve_markup,mechanism,1,NA,20,NA,NA
exp6_tuned,sp_high_naive_calibrated_market,welfare,mechanism,30.78104618166892,NA,20,NA,NA
exp6_tuned,sp_high_naive_calibrated_market,tokens_admitted,mechanism,39.74225,NA,20,NA,NA
exp6_tuned,sp_high_naive_calibrated_market,median_latency,mechanism,79.95146358501931,NA,20,NA,NA
exp6_tuned,sp_high_naive_calibrated_market,welfare_over_optimum,mechanism,0.9246876455073871,NA,20,NA,NA
exp6_tuned,sp_high_naive_calibrated_market,p_post_k,mechanism,1,NA,20,NA,NA
exp6_tuned,sp_high_naive_calibrated_market,reserve_markup,mechanism,1.25,NA,20,NA,NA
exp6_tuned,sp_high_naive_calibrated_market_cc,welfare,mechanism,23.536734890983194,NA,20,NA,NA
exp6_tuned,sp_high_naive_calibrated_market_cc,tokens_admitted,mechanism,29.94525,NA,20,NA,NA
exp6_tuned,sp_high_naive_calibrated_market_cc,median_latency,mechanism,78.73599291775753,NA,20,NA,NA
exp6_tuned,sp_high_naive_calibrated_market_cc,welfare_over_optimum,mechanism,0.6914369533683766,NA,20,NA,NA
exp6_tuned,sp_high_naive_calibrated_market_cc,p_post_k,mechanism,1,NA,20,NA,NA
exp6_tuned,sp_high_naive_calibrated_market_cc,reserve_markup,mechanism,1.5,NA,20,NA,NA
exp6_tuned,sp_high_naive_calibrated_posted_price,welfare,mechanism,33.40771803600601,NA,20,NA,NA
exp6_tuned,sp_high_naive_calibrated_posted_price,tokens_admitted,mechanism,49.96475,NA,20,NA,NA
exp6_tuned,sp_high_naive_calibrated_posted_price,median_latency,mechanism,92.33695934595212,NA,20,NA,NA
exp6_tuned,sp_high_naive_calibrated_posted_price,welfare_over_optimum,mechanism,0.9789000977794271,NA,20,NA,NA
exp6_tuned,sp_high_naive_calibrated_posted_price,p_post_k,mechanism,0.5,NA,20,NA,NA
exp6_tuned,sp_high_naive_calibrated_posted_price,reserve_markup,mechanism,1,NA,20,NA,NA
exp6_tuned,sp_high_naive_calibrated_posted_price_adaptive,welfare,mechanism,32.677993428148156,NA,20,NA,NA
exp6_tuned,sp_high_naive_calibrated_posted_price_adaptive,tokens_admitted,mechanism,46.559,NA,20,NA,NA
exp6_tuned,sp_high_naive_calibrated_posted_price_adaptive,median_latency,mechanism,87.12556573021895,NA,20,NA,NA
exp6_tuned,sp_high_naive_calibrated_posted_price_adaptive,welfare_over_optimum,mechanism,0.9635636288282913,NA,20,NA,NA
exp6_tuned,sp_high_naive_calibrated_posted_price_adaptive,p_post_k,mechanism,1,NA,20,NA,NA
exp6_tuned,sp_high_naive_calibrated_posted_price_adaptive,reserve_markup,mechanism,1,NA,20,NA,NA
exp6_tuned,sp_high_naive_calibrated_posted_price_edf,welfare,mechanism,32.002529215167215,NA,20,NA,NA
exp6_tuned,sp_high_naive_calibrated_posted_price_edf,tokens_admitted,mechanism,48.95475,NA,20,NA,NA
exp6_tuned,sp_high_naive_calibrated_posted_price_edf,median_latency,mechanism,91.0208657305904,NA,20,NA,NA
exp6_tuned,sp_high_naive_calibrated_posted_price_edf,welfare_over_optimum,mechanism,0.9394457835934492,NA,20,NA,NA
exp6_tuned,sp_high_naive_calibrated_posted_price_edf,p_post_k,mechanism,1,NA,20,NA,NA
exp6_tuned,sp_high_naive_calibrated_posted_price_edf,reserve_markup,mechanism,1,NA,20,NA,NA
exp6_tuned,sp_high_naive_calibrated_posted_price_fcfs,welfare,mechanism,31.999730303718,NA,20,NA,NA
exp6_tuned,sp_high_naive_calibrated_posted_price_fcfs,tokens_admitted,mechanism,48.9535,NA,20,NA,NA
exp6_tuned,sp_high_naive_calibrated_posted_price_fcfs,median_latency,mechanism,91.01988356972198,NA,20,NA,NA
exp6_tuned,sp_high_naive_calibrated_posted_price_fcfs,welfare_over_optimum,mechanism,0.93938115199963,NA,20,NA,NA
exp6_tuned,sp_high_naive_calibrated_posted_price_fcfs,p_post_k,mechanism,1,NA,20,NA,NA
exp6_tuned,sp_high_naive_calibrated_posted_price_fcfs,reserve_markup,mechanism,1,NA,20,NA,NA
exp6_tuned,sp_medium_hybrid_noema_baseline_greedy_ev,welfare,mechanism,21.534409007457658,NA,20,NA,NA
exp6_tuned,sp_medium_hybrid_noema_baseline_greedy_ev,tokens_admitted,mechanism,44.063250000000004,NA,20,NA,NA
exp6_tuned,sp_medium_hybrid_noema_baseline_greedy_ev,median_latency,mechanism,131.37798830989775,NA,20,NA,NA
exp6_tuned,sp_medium_hybrid_noema_baseline_greedy_ev,welfare_over_optimum,mechanism,0.7523597541425566,NA,20,NA,NA
exp6_tuned,sp_medium_hybrid_noema_baseline_greedy_ev,p_post_k,mechanism,1,NA,20,NA,NA
exp6_tuned,sp_medium_hybrid_noema_baseline_greedy_ev,reserve_markup,mechanism,1,NA,20,NA,NA
exp6_tuned,sp_medium_hybrid_noema_baseline_k8s,welfare,mechanism,21.499094822266855,NA,20,NA,NA
exp6_tuned,sp_medium_hybrid_noema_baseline_k8s,tokens_admitted,mechanism,44.063250000000004,NA,20,NA,NA
exp6_tuned,sp_medium_hybrid_noema_baseline_k8s,median_latency,mechanism,131.375399809043,NA,20,NA,NA
exp6_tuned,sp_medium_hybrid_noema_baseline_k8s,welfare_over_optimum,mechanism,0.7510628042585329,NA,20,NA,NA
exp6_tuned,sp_medium_hybrid_noema_baseline_k8s,p_post_k,mechanism,1,NA,20,NA,NA
exp6_tuned,sp_medium_hybrid_noema_baseline_k8s,reserve_markup,mechanism,1,NA,20,NA,NA
exp6_tuned,sp_medium_hybrid_noema_baseline_market,welfare,mechanism,25.96634731507628,NA,20,NA,NA
exp6_tuned,sp_medium_hybrid_noema_baseline_market,tokens_admitted,mechanism,37.05175,NA,20,NA,NA
exp6_tuned,sp_medium_hybrid_noema_baseline_market,median_latency,mechanism,86.12231079418775,NA,20,NA,NA
exp6_tuned,sp_medium_hybrid_noema_baseline_market,welfare_over_optimum,mechanism,0.9104230921789044,NA,20,NA,NA
exp6_tuned,sp_medium_hybrid_noema_baseline_market,p_post_k,mechanism,1,NA,20,NA,NA
exp6_tuned,sp_medium_hybrid_noema_baseline_market,reserve_markup,mechanism,2,NA,20,NA,NA
exp6_tuned,sp_medium_hybrid_noema_baseline_market_cc,welfare,mechanism,20.59712035253669,NA,20,NA,NA
exp6_tuned,sp_medium_hybrid_noema_baseline_market_cc,tokens_admitted,mechanism,34.34175,NA,20,NA,NA
exp6_tuned,sp_medium_hybrid_noema_baseline_market_cc,median_latency,mechanism,104.86432880459041,NA,20,NA,NA
exp6_tuned,sp_medium_hybrid_noema_baseline_market_cc,welfare_over_optimum,mechanism,0.7042164345023284,NA,20,NA,NA
exp6_tuned,sp_medium_hybrid_noema_baseline_market_cc,p_post_k,mechanism,1,NA,20,NA,NA
exp6_tuned,sp_medium_hybrid_noema_baseline_market_cc,reserve_markup,mechanism,2,NA,20,NA,NA
exp6_tuned,sp_medium_hybrid_noema_baseline_posted_price,welfare,mechanism,25.88879959353511,NA,20,NA,NA
exp6_tuned,sp_medium_hybrid_noema_baseline_posted_price,tokens_admitted,mechanism,37.0585,NA,20,NA,NA
exp6_tuned,sp_medium_hybrid_noema_baseline_posted_price,median_latency,mechanism,86.74792912316659,NA,20,NA,NA
exp6_tuned,sp_medium_hybrid_noema_baseline_posted_price,welfare_over_optimum,mechanism,0.9071301274538605,NA,20,NA,NA
exp6_tuned,sp_medium_hybrid_noema_baseline_posted_price,p_post_k,mechanism,2,NA,20,NA,NA
exp6_tuned,sp_medium_hybrid_noema_baseline_posted_price,reserve_markup,mechanism,1,NA,20,NA,NA
exp6_tuned,sp_medium_hybrid_noema_baseline_posted_price_adaptive,welfare,mechanism,25.425577066707692,NA,20,NA,NA
exp6_tuned,sp_medium_hybrid_noema_baseline_posted_price_adaptive,tokens_admitted,mechanism,35.93925,NA,20,NA,NA
exp6_tuned,sp_medium_hybrid_noema_baseline_posted_price_adaptive,median_latency,mechanism,86.19044315582606,NA,20,NA,NA
exp6_tuned,sp_medium_hybrid_noema_baseline_posted_price_adaptive,welfare_over_optimum,mechanism,0.8961477692966228,NA,20,NA,NA
exp6_tuned,sp_medium_hybrid_noema_baseline_posted_price_adaptive,p_post_k,mechanism,1,NA,20,NA,NA
exp6_tuned,sp_medium_hybrid_noema_baseline_posted_price_adaptive,reserve_markup,mechanism,1,NA,20,NA,NA
exp6_tuned,sp_medium_hybrid_noema_baseline_posted_price_edf,welfare,mechanism,25.886283421464544,NA,20,NA,NA
exp6_tuned,sp_medium_hybrid_noema_baseline_posted_price_edf,tokens_admitted,mechanism,37.059,NA,20,NA,NA
exp6_tuned,sp_medium_hybrid_noema_baseline_posted_price_edf,median_latency,mechanism,86.74129610936272,NA,20,NA,NA
exp6_tuned,sp_medium_hybrid_noema_baseline_posted_price_edf,welfare_over_optimum,mechanism,0.9069960910225338,NA,20,NA,NA
exp6_tuned,sp_medium_hybrid_noema_baseline_posted_price_edf,p_post_k,mechanism,2,NA,20,NA,NA
exp6_tuned,sp_medium_hybrid_noema_baseline_posted_price_edf,reserve_markup,mechanism,1,NA,20,NA,NA
exp6_tuned,sp_medium_hybrid_noema_baseline_posted_price_fcfs,welfare,mechanism,25.886307862935812,NA,20,NA,NA
exp6_tuned,sp_medium_hybrid_noema_baseline_posted_price_fcfs,tokens_admitted,mechanism,37.059,NA,20,NA,NA
exp6_tuned,sp_medium_hybrid_noema_baseline_posted_price_fcfs,median_latency,mechanism,86.74318587507342,NA,20,NA,NA
exp6_tuned,sp_medium_hybrid_noema_baseline_posted_price_fcfs,welfare_over_optimum,mechanism,0.906994424620946,NA,20,NA,NA
exp6_tuned,sp_medium_hybrid_noema_baseline_posted_price_fcfs,p_post_k,mechanism,2,NA,20,NA,NA
exp6_tuned,sp_medium_hybrid_noema_baseline_posted_price_fcfs,reserve_markup,mechanism,1,NA,20,NA,NA
exp6_tuned,sp_medium_hybrid_noema_calibrated_greedy_ev,welfare,mechanism,31.08854790133429,NA,20,NA,NA
exp6_tuned,sp_medium_hybrid_noema_calibrated_greedy_ev,tokens_admitted,mechanism,44.063250000000004,NA,20,NA,NA
exp6_tuned,sp_medium_hybrid_noema_calibrated_greedy_ev,median_latency,mechanism,78.64323372612854,NA,20,NA,NA
exp6_tuned,sp_medium_hybrid_noema_calibrated_greedy_ev,welfare_over_optimum,mechanism,0.9994509948499847,NA,20,NA,NA
exp6_tuned,sp_medium_hybrid_noema_calibrated_greedy_ev,p_post_k,mechanism,1,NA,20,NA,NA
exp6_tuned,sp_medium_hybrid_noema_calibrated_greedy_ev,reserve_markup,mechanism,1,NA,20,NA,NA
exp6_tuned,sp_medium_hybrid_noema_calibrated_k8s,welfare,mechanism,30.91240066464529,NA,20,NA,NA
exp6_tuned,sp_medium_hybrid_noema_calibrated_k8s,tokens_admitted,mechanism,44.063250000000004,NA,20,NA,NA
exp6_tuned,sp_medium_hybrid_noema_calibrated_k8s,median_latency,mechanism,78.64184152053787,NA,20,NA,NA
exp6_tuned,sp_medium_hybrid_noema_calibrated_k8s,welfare_over_optimum,mechanism,0.993603832764883,NA,20,NA,NA
exp6_tuned,sp_medium_hybrid_noema_calibrated_k8s,p_post_k,mechanism,1,NA,20,NA,NA
exp6_tuned,sp_medium_hybrid_noema_calibrated_k8s,reserve_markup,mechanism,1,NA,20,NA,NA
exp6_tuned,sp_medium_hybrid_noema_calibrated_market,welfare,mechanism,31.07079702165494,NA,20,NA,NA
exp6_tuned,sp_medium_hybrid_noema_calibrated_market,tokens_admitted,mechanism,44.013,NA,20,NA,NA
exp6_tuned,sp_medium_hybrid_noema_calibrated_market,median_latency,mechanism,78.62101923352266,NA,20,NA,NA
exp6_tuned,sp_medium_hybrid_noema_calibrated_market,welfare_over_optimum,mechanism,0.9988781629273525,NA,20,NA,NA
exp6_tuned,sp_medium_hybrid_noema_calibrated_market,p_post_k,mechanism,1,NA,20,NA,NA
exp6_tuned,sp_medium_hybrid_noema_calibrated_market,reserve_markup,mechanism,0.75,NA,20,NA,NA
exp6_tuned,sp_medium_hybrid_noema_calibrated_market_cc,welfare,mechanism,26.253209084876215,NA,20,NA,NA
exp6_tuned,sp_medium_hybrid_noema_calibrated_market_cc,tokens_admitted,mechanism,36.11575,NA,20,NA,NA
exp6_tuned,sp_medium_hybrid_noema_calibrated_market_cc,median_latency,mechanism,77.09476475014151,NA,20,NA,NA
exp6_tuned,sp_medium_hybrid_noema_calibrated_market_cc,welfare_over_optimum,mechanism,0.838280919909535,NA,20,NA,NA
exp6_tuned,sp_medium_hybrid_noema_calibrated_market_cc,p_post_k,mechanism,1,NA,20,NA,NA
exp6_tuned,sp_medium_hybrid_noema_calibrated_market_cc,reserve_markup,mechanism,2,NA,20,NA,NA
exp6_tuned,sp_medium_hybrid_noema_calibrated_posted_price,welfare,mechanism,31.08854790133429,NA,20,NA,NA
exp6_tuned,sp_medium_hybrid_noema_calibrated_posted_price,tokens_admitted,mechanism,44.063250000000004,NA,20,NA,NA
exp6_tuned,sp_medium_hybrid_noema_calibrated_posted_price,median_latency,mechanism,78.64323372612854,NA,20,NA,NA
exp6_tuned,sp_medium_hybrid_noema_calibrated_posted_price,welfare_over_optimum,mechanism,0.9994509948499847,NA,20,NA,NA
exp6_tuned,sp_medium_hybrid_noema_calibrated_posted_price,p_post_k,mechanism,0.5,NA,20,NA,NA
exp6_tuned,sp_medium_hybrid_noema_calibrated_posted_price,reserve_markup,mechanism,1,NA,20,NA,NA
exp6_tuned,sp_medium_hybrid_noema_calibrated_posted_price_adaptive,welfare,mechanism,30.913535313205422,NA,20,NA,NA
exp6_tuned,sp_medium_hybrid_noema_calibrated_posted_price_adaptive,tokens_admitted,mechanism,44.063250000000004,NA,20,NA,NA
exp6_tuned,sp_medium_hybrid_noema_calibrated_posted_price_adaptive,median_latency,mechanism,78.64245314493643,NA,20,NA,NA
exp6_tuned,sp_medium_hybrid_noema_calibrated_posted_price_adaptive,welfare_over_optimum,mechanism,0.9936409381314061,NA,20,NA,NA
exp6_tuned,sp_medium_hybrid_noema_calibrated_posted_price_adaptive,p_post_k,mechanism,1,NA,20,NA,NA
exp6_tuned,sp_medium_hybrid_noema_calibrated_posted_price_adaptive,reserve_markup,mechanism,1,NA,20,NA,NA
exp6_tuned,sp_medium_hybrid_noema_calibrated_posted_price_edf,welfare,mechanism,30.90856554820416,NA,20,NA,NA
exp6_tuned,sp_medium_hybrid_noema_calibrated_posted_price_edf,tokens_admitted,mechanism,44.063250000000004,NA,20,NA,NA
exp6_tuned,sp_medium_hybrid_noema_calibrated_posted_price_edf,median_latency,mechanism,78.64218626546968,NA,20,NA,NA
exp6_tuned,sp_medium_hybrid_noema_calibrated_posted_price_edf,welfare_over_optimum,mechanism,0.9934410005301387,NA,20,NA,NA
exp6_tuned,sp_medium_hybrid_noema_calibrated_posted_price_edf,p_post_k,mechanism,0.5,NA,20,NA,NA
exp6_tuned,sp_medium_hybrid_noema_calibrated_posted_price_edf,reserve_markup,mechanism,1,NA,20,NA,NA
exp6_tuned,sp_medium_hybrid_noema_calibrated_posted_price_fcfs,welfare,mechanism,30.913535313205422,NA,20,NA,NA
exp6_tuned,sp_medium_hybrid_noema_calibrated_posted_price_fcfs,tokens_admitted,mechanism,44.063250000000004,NA,20,NA,NA
exp6_tuned,sp_medium_hybrid_noema_calibrated_posted_price_fcfs,median_latency,mechanism,78.64245314493643,NA,20,NA,NA
exp6_tuned,sp_medium_hybrid_noema_calibrated_posted_price_fcfs,welfare_over_optimum,mechanism,0.9936409381314061,NA,20,NA,NA
exp6_tuned,sp_medium_hybrid_noema_calibrated_posted_price_fcfs,p_post_k,mechanism,0.5,NA,20,NA,NA
exp6_tuned,sp_medium_hybrid_noema_calibrated_posted_price_fcfs,reserve_markup,mechanism,1,NA,20,NA,NA
exp6_tuned,sp_medium_naive_baseline_greedy_ev,welfare,mechanism,21.534473815384285,NA,20,NA,NA
exp6_tuned,sp_medium_naive_baseline_greedy_ev,tokens_admitted,mechanism,44.063250000000004,NA,20,NA,NA
exp6_tuned,sp_medium_naive_baseline_greedy_ev,median_latency,mechanism,131.38062460146423,NA,20,NA,NA
exp6_tuned,sp_medium_naive_baseline_greedy_ev,welfare_over_optimum,mechanism,0.7523613694979085,NA,20,NA,NA
exp6_tuned,sp_medium_naive_baseline_greedy_ev,p_post_k,mechanism,1,NA,20,NA,NA
exp6_tuned,sp_medium_naive_baseline_greedy_ev,reserve_markup,mechanism,1,NA,20,NA,NA
exp6_tuned,sp_medium_naive_baseline_k8s,welfare,mechanism,21.499094822266855,NA,20,NA,NA
exp6_tuned,sp_medium_naive_baseline_k8s,tokens_admitted,mechanism,44.063250000000004,NA,20,NA,NA
exp6_tuned,sp_medium_naive_baseline_k8s,median_latency,mechanism,131.375399809043,NA,20,NA,NA
exp6_tuned,sp_medium_naive_baseline_k8s,welfare_over_optimum,mechanism,0.7510628042585329,NA,20,NA,NA
exp6_tuned,sp_medium_naive_baseline_k8s,p_post_k,mechanism,1,NA,20,NA,NA
exp6_tuned,sp_medium_naive_baseline_k8s,reserve_markup,mechanism,1,NA,20,NA,NA
exp6_tuned,sp_medium_naive_baseline_market,welfare,mechanism,25.711504099631266,NA,20,NA,NA
exp6_tuned,sp_medium_naive_baseline_market,tokens_admitted,mechanism,40.454,NA,20,NA,NA
exp6_tuned,sp_medium_naive_baseline_market,median_latency,mechanism,95.32299894436245,NA,20,NA,NA
exp6_tuned,sp_medium_naive_baseline_market,welfare_over_optimum,mechanism,0.9015178579142048,NA,20,NA,NA
exp6_tuned,sp_medium_naive_baseline_market,p_post_k,mechanism,1,NA,20,NA,NA
exp6_tuned,sp_medium_naive_baseline_market,reserve_markup,mechanism,1,NA,20,NA,NA
exp6_tuned,sp_medium_naive_baseline_market_cc,welfare,mechanism,22.850469688683518,NA,20,NA,NA
exp6_tuned,sp_medium_naive_baseline_market_cc,tokens_admitted,mechanism,28.08425,NA,20,NA,NA
exp6_tuned,sp_medium_naive_baseline_market_cc,median_latency,mechanism,74.64635354049115,NA,20,NA,NA
exp6_tuned,sp_medium_naive_baseline_market_cc,welfare_over_optimum,mechanism,0.8125060654951061,NA,20,NA,NA
exp6_tuned,sp_medium_naive_baseline_market_cc,p_post_k,mechanism,1,NA,20,NA,NA
exp6_tuned,sp_medium_naive_baseline_market_cc,reserve_markup,mechanism,1.5,NA,20,NA,NA
exp6_tuned,sp_medium_naive_baseline_posted_price,welfare,mechanism,25.10641943505165,NA,20,NA,NA
exp6_tuned,sp_medium_naive_baseline_posted_price,tokens_admitted,mechanism,32.95875,NA,20,NA,NA
exp6_tuned,sp_medium_naive_baseline_posted_price,median_latency,mechanism,78.93058312240504,NA,20,NA,NA
exp6_tuned,sp_medium_naive_baseline_posted_price,welfare_over_optimum,mechanism,0.8916321076528254,NA,20,NA,NA
exp6_tuned,sp_medium_naive_baseline_posted_price,p_post_k,mechanism,1.25,NA,20,NA,NA
exp6_tuned,sp_medium_naive_baseline_posted_price,reserve_markup,mechanism,1,NA,20,NA,NA
exp6_tuned,sp_medium_naive_baseline_posted_price_adaptive,welfare,mechanism,25.492618934339205,NA,20,NA,NA
exp6_tuned,sp_medium_naive_baseline_posted_price_adaptive,tokens_admitted,mechanism,36.13175,NA,20,NA,NA
exp6_tuned,sp_medium_naive_baseline_posted_price_adaptive,median_latency,mechanism,86.21760368759908,NA,20,NA,NA
exp6_tuned,sp_medium_naive_baseline_posted_price_adaptive,welfare_over_optimum,mechanism,0.89620051092166,NA,20,NA,NA
exp6_tuned,sp_medium_naive_baseline_posted_price_adaptive,p_post_k,mechanism,1,NA,20,NA,NA
exp6_tuned,sp_medium_naive_baseline_posted_price_adaptive,reserve_markup,mechanism,1,NA,20,NA,NA
exp6_tuned,sp_medium_naive_baseline_posted_price_edf,welfare,mechanism,25.106074582942533,NA,20,NA,NA
exp6_tuned,sp_medium_naive_baseline_posted_price_edf,tokens_admitted,mechanism,32.95875,NA,20,NA,NA
exp6_tuned,sp_medium_naive_baseline_posted_price_edf,median_latency,mechanism,78.92770527164046,NA,20,NA,NA
exp6_tuned,sp_medium_naive_baseline_posted_price_edf,welfare_over_optimum,mechanism,0.8915693754383299,NA,20,NA,NA
exp6_tuned,sp_medium_naive_baseline_posted_price_edf,p_post_k,mechanism,1.25,NA,20,NA,NA
exp6_tuned,sp_medium_naive_baseline_posted_price_edf,reserve_markup,mechanism,1,NA,20,NA,NA
exp6_tuned,sp_medium_naive_baseline_posted_price_fcfs,welfare,mechanism,25.10712809633851,NA,20,NA,NA
exp6_tuned,sp_medium_naive_baseline_posted_price_fcfs,tokens_admitted,mechanism,32.95875,NA,20,NA,NA
exp6_tuned,sp_medium_naive_baseline_posted_price_fcfs,median_latency,mechanism,78.92946188444866,NA,20,NA,NA
exp6_tuned,sp_medium_naive_baseline_posted_price_fcfs,welfare_over_optimum,mechanism,0.891633862487962,NA,20,NA,NA
exp6_tuned,sp_medium_naive_baseline_posted_price_fcfs,p_post_k,mechanism,1.25,NA,20,NA,NA
exp6_tuned,sp_medium_naive_baseline_posted_price_fcfs,reserve_markup,mechanism,1,NA,20,NA,NA
exp6_tuned,sp_medium_naive_calibrated_greedy_ev,welfare,mechanism,31.088833003937484,NA,20,NA,NA
exp6_tuned,sp_medium_naive_calibrated_greedy_ev,tokens_admitted,mechanism,44.063250000000004,NA,20,NA,NA
exp6_tuned,sp_medium_naive_calibrated_greedy_ev,median_latency,mechanism,78.64405263564544,NA,20,NA,NA
exp6_tuned,sp_medium_naive_calibrated_greedy_ev,welfare_over_optimum,mechanism,0.9994587503883887,NA,20,NA,NA
exp6_tuned,sp_medium_naive_calibrated_greedy_ev,p_post_k,mechanism,1,NA,20,NA,NA
exp6_tuned,sp_medium_naive_calibrated_greedy_ev,reserve_markup,mechanism,1,NA,20,NA,NA
exp6_tuned,sp_medium_naive_calibrated_k8s,welfare,mechanism,30.91240066464529,NA,20,NA,NA
exp6_tuned,sp_medium_naive_calibrated_k8s,tokens_admitted,mechanism,44.063250000000004,NA,20,NA,NA
exp6_tuned,sp_medium_naive_calibrated_k8s,median_latency,mechanism,78.64184152053787,NA,20,NA,NA
exp6_tuned,sp_medium_naive_calibrated_k8s,welfare_over_optimum,mechanism,0.993603832764883,NA,20,NA,NA
exp6_tuned,sp_medium_naive_calibrated_k8s,p_post_k,mechanism,1,NA,20,NA,NA
exp6_tuned,sp_medium_naive_calibrated_k8s,reserve_markup,mechanism,1,NA,20,NA,NA
exp6_tuned,sp_medium_naive_calibrated_market,welfare,mechanism,31.009729468586425,NA,20,NA,NA
exp6_tuned,sp_medium_naive_calibrated_market,tokens_admitted,mechanism,43.74075,NA,20,NA,NA
exp6_tuned,sp_medium_naive_calibrated_market,median_latency,mechanism,78.33075588719504,NA,20,NA,NA
exp6_tuned,sp_medium_naive_calibrated_market,welfare_over_optimum,mechanism,0.9966495609019972,NA,20,NA,NA
exp6_tuned,sp_medium_naive_calibrated_market,p_post_k,mechanism,1,NA,20,NA,NA
exp6_tuned,sp_medium_naive_calibrated_market,reserve_markup,mechanism,0.5,NA,20,NA,NA
exp6_tuned,sp_medium_naive_calibrated_market_cc,welfare,mechanism,26.920329277662947,NA,20,NA,NA
exp6_tuned,sp_medium_naive_calibrated_market_cc,tokens_admitted,mechanism,35.382,NA,20,NA,NA
exp6_tuned,sp_medium_naive_calibrated_market_cc,median_latency,mechanism,74.75798733874397,NA,20,NA,NA
exp6_tuned,sp_medium_naive_calibrated_market_cc,welfare_over_optimum,mechanism,0.86937404672181,NA,20,NA,NA
exp6_tuned,sp_medium_naive_calibrated_market_cc,p_post_k,mechanism,1,NA,20,NA,NA
exp6_tuned,sp_medium_naive_calibrated_market_cc,reserve_markup,mechanism,1.25,NA,20,NA,NA
exp6_tuned,sp_medium_naive_calibrated_posted_price,welfare,mechanism,31.088833003937484,NA,20,NA,NA
exp6_tuned,sp_medium_naive_calibrated_posted_price,tokens_admitted,mechanism,44.063250000000004,NA,20,NA,NA
exp6_tuned,sp_medium_naive_calibrated_posted_price,median_latency,mechanism,78.64405263564544,NA,20,NA,NA
exp6_tuned,sp_medium_naive_calibrated_posted_price,welfare_over_optimum,mechanism,0.9994587503883887,NA,20,NA,NA
exp6_tuned,sp_medium_naive_calibrated_posted_price,p_post_k,mechanism,0.5,NA,20,NA,NA
exp6_tuned,sp_medium_naive_calibrated_posted_price,reserve_markup,mechanism,1,NA,20,NA,NA
exp6_tuned,sp_medium_naive_calibrated_posted_price_adaptive,welfare,mechanism,30.04261295580978,NA,20,NA,NA
exp6_tuned,sp_medium_naive_calibrated_posted_price_adaptive,tokens_admitted,mechanism,40.95125,NA,20,NA,NA
exp6_tuned,sp_medium_naive_calibrated_posted_price_adaptive,median_latency,mechanism,76.42013037513571,NA,20,NA,NA
exp6_tuned,sp_medium_naive_calibrated_posted_price_adaptive,welfare_over_optimum,mechanism,0.9765628361193972,NA,20,NA,NA
exp6_tuned,sp_medium_naive_calibrated_posted_price_adaptive,p_post_k,mechanism,1,NA,20,NA,NA
exp6_tuned,sp_medium_naive_calibrated_posted_price_adaptive,reserve_markup,mechanism,1,NA,20,NA,NA
exp6_tuned,sp_medium_naive_calibrated_posted_price_edf,welfare,mechanism,30.90856554820416,NA,20,NA,NA
exp6_tuned,sp_medium_naive_calibrated_posted_price_edf,tokens_admitted,mechanism,44.063250000000004,NA,20,NA,NA
exp6_tuned,sp_medium_naive_calibrated_posted_price_edf,median_latency,mechanism,78.64218626546968,NA,20,NA,NA
exp6_tuned,sp_medium_naive_calibrated_posted_price_edf,welfare_over_optimum,mechanism,0.9934410005301387,NA,20,NA,NA
exp6_tuned,sp_medium_naive_calibrated_posted_price_edf,p_post_k,mechanism,0.5,NA,20,NA,NA
exp6_tuned,sp_medium_naive_calibrated_posted_price_edf,reserve_markup,mechanism,1,NA,20,NA,NA
exp6_tuned,sp_medium_naive_calibrated_posted_price_fcfs,welfare,mechanism,30.913535313205422,NA,20,NA,NA
exp6_tuned,sp_medium_naive_calibrated_posted_price_fcfs,tokens_admitted,mechanism,44.063250000000004,NA,20,NA,NA
exp6_tuned,sp_medium_naive_calibrated_posted_price_fcfs,median_latency,mechanism,78.64245314493643,NA,20,NA,NA
exp6_tuned,sp_medium_naive_calibrated_posted_price_fcfs,welfare_over_optimum,mechanism,0.9936409381314061,NA,20,NA,NA
exp6_tuned,sp_medium_naive_calibrated_posted_price_fcfs,p_post_k,mechanism,0.5,NA,20,NA,NA
exp6_tuned,sp_medium_naive_calibrated_posted_price_fcfs,reserve_markup,mechanism,1,NA,20,NA,NA
exp6_tuned,tree_high_hybrid_noema_baseline_greedy_ev,welfare,mechanism,53.49805438471164,NA,20,NA,NA
exp6_tuned,tree_high_hybrid_noema_baseline_greedy_ev,tokens_admitted,mechanism,83.73725,NA,20,NA,NA
exp6_tuned,tree_high_hybrid_noema_baseline_greedy_ev,median_latency,mechanism,101.79899384190097,NA,20,NA,NA
exp6_tuned,tree_high_hybrid_noema_baseline_greedy_ev,welfare_over_optimum,mechanism,0.947717703871519,NA,20,NA,NA
exp6_tuned,tree_high_hybrid_noema_baseline_greedy_ev,p_post_k,mechanism,1,NA,20,NA,NA
exp6_tuned,tree_high_hybrid_noema_baseline_greedy_ev,reserve_markup,mechanism,1,NA,20,NA,NA
exp6_tuned,tree_high_hybrid_noema_baseline_k8s,welfare,mechanism,48.708906565097934,NA,20,NA,NA
exp6_tuned,tree_high_hybrid_noema_baseline_k8s,tokens_admitted,mechanism,83.73725,NA,20,NA,NA
exp6_tuned,tree_high_hybrid_noema_baseline_k8s,median_latency,mechanism,101.28000716052578,NA,20,NA,NA
exp6_tuned,tree_high_hybrid_noema_baseline_k8s,welfare_over_optimum,mechanism,0.8629470067516387,NA,20,NA,NA
exp6_tuned,tree_high_hybrid_noema_baseline_k8s,p_post_k,mechanism,1,NA,20,NA,NA
exp6_tuned,tree_high_hybrid_noema_baseline_k8s,reserve_markup,mechanism,1,NA,20,NA,NA
exp6_tuned,tree_high_hybrid_noema_baseline_market,welfare,mechanism,53.00017323668352,NA,20,NA,NA
exp6_tuned,tree_high_hybrid_noema_baseline_market,tokens_admitted,mechanism,70.0665,NA,20,NA,NA
exp6_tuned,tree_high_hybrid_noema_baseline_market,median_latency,mechanism,84.37990731227622,NA,20,NA,NA
exp6_tuned,tree_high_hybrid_noema_baseline_market,welfare_over_optimum,mechanism,0.9506156464046805,NA,20,NA,NA
exp6_tuned,tree_high_hybrid_noema_baseline_market,p_post_k,mechanism,1,NA,20,NA,NA
exp6_tuned,tree_high_hybrid_noema_baseline_market,reserve_markup,mechanism,2,NA,20,NA,NA
exp6_tuned,tree_high_hybrid_noema_baseline_market_cc,welfare,mechanism,38.706832979002385,NA,20,NA,NA
exp6_tuned,tree_high_hybrid_noema_baseline_market_cc,tokens_admitted,mechanism,57.92925,NA,20,NA,NA
exp6_tuned,tree_high_hybrid_noema_baseline_market_cc,median_latency,mechanism,91.81442509711717,NA,20,NA,NA
exp6_tuned,tree_high_hybrid_noema_baseline_market_cc,welfare_over_optimum,mechanism,0.6879109503906258,NA,20,NA,NA
exp6_tuned,tree_high_hybrid_noema_baseline_market_cc,p_post_k,mechanism,1,NA,20,NA,NA
exp6_tuned,tree_high_hybrid_noema_baseline_market_cc,reserve_markup,mechanism,1.5,NA,20,NA,NA
exp6_tuned,tree_high_hybrid_noema_baseline_posted_price,welfare,mechanism,55.50158240448239,NA,20,NA,NA
exp6_tuned,tree_high_hybrid_noema_baseline_posted_price,tokens_admitted,mechanism,78.44575,NA,20,NA,NA
exp6_tuned,tree_high_hybrid_noema_baseline_posted_price,median_latency,mechanism,90.55277453456063,NA,20,NA,NA
exp6_tuned,tree_high_hybrid_noema_baseline_posted_price,welfare_over_optimum,mechanism,0.9868542435367228,NA,20,NA,NA
exp6_tuned,tree_high_hybrid_noema_baseline_posted_price,p_post_k,mechanism,1.75,NA,20,NA,NA
exp6_tuned,tree_high_hybrid_noema_baseline_posted_price,reserve_markup,mechanism,1,NA,20,NA,NA
exp6_tuned,tree_high_hybrid_noema_baseline_posted_price_adaptive,welfare,mechanism,54.08473659884587,NA,20,NA,NA
exp6_tuned,tree_high_hybrid_noema_baseline_posted_price_adaptive,tokens_admitted,mechanism,73.61825,NA,20,NA,NA
exp6_tuned,tree_high_hybrid_noema_baseline_posted_price_adaptive,median_latency,mechanism,85.27905869575345,NA,20,NA,NA
exp6_tuned,tree_high_hybrid_noema_baseline_posted_price_adaptive,welfare_over_optimum,mechanism,0.9612012894818088,NA,20,NA,NA
exp6_tuned,tree_high_hybrid_noema_baseline_posted_price_adaptive,p_post_k,mechanism,1,NA,20,NA,NA
exp6_tuned,tree_high_hybrid_noema_baseline_posted_price_adaptive,reserve_markup,mechanism,1,NA,20,NA,NA
exp6_tuned,tree_high_hybrid_noema_baseline_posted_price_edf,welfare,mechanism,53.253642370017225,NA,20,NA,NA
exp6_tuned,tree_high_hybrid_noema_baseline_posted_price_edf,tokens_admitted,mechanism,73.89475,NA,20,NA,NA
exp6_tuned,tree_high_hybrid_noema_baseline_posted_price_edf,median_latency,mechanism,85.80154625009928,NA,20,NA,NA
exp6_tuned,tree_high_hybrid_noema_baseline_posted_price_edf,welfare_over_optimum,mechanism,0.9540170676335782,NA,20,NA,NA
exp6_tuned,tree_high_hybrid_noema_baseline_posted_price_edf,p_post_k,mechanism,2,NA,20,NA,NA
exp6_tuned,tree_high_hybrid_noema_baseline_posted_price_edf,reserve_markup,mechanism,1,NA,20,NA,NA
exp6_tuned,tree_high_hybrid_noema_baseline_posted_price_fcfs,welfare,mechanism,53.243109974826126,NA,20,NA,NA
exp6_tuned,tree_high_hybrid_noema_baseline_posted_price_fcfs,tokens_admitted,mechanism,73.89075,NA,20,NA,NA
exp6_tuned,tree_high_hybrid_noema_baseline_posted_price_fcfs,median_latency,mechanism,85.80349432371945,NA,20,NA,NA
exp6_tuned,tree_high_hybrid_noema_baseline_posted_price_fcfs,welfare_over_optimum,mechanism,0.9538278827215326,NA,20,NA,NA
exp6_tuned,tree_high_hybrid_noema_baseline_posted_price_fcfs,p_post_k,mechanism,2,NA,20,NA,NA
exp6_tuned,tree_high_hybrid_noema_baseline_posted_price_fcfs,reserve_markup,mechanism,1,NA,20,NA,NA
exp6_tuned,tree_high_hybrid_noema_calibrated_greedy_ev,welfare,mechanism,63.45156144409382,NA,20,NA,NA
exp6_tuned,tree_high_hybrid_noema_calibrated_greedy_ev,tokens_admitted,mechanism,83.73725,NA,20,NA,NA
exp6_tuned,tree_high_hybrid_noema_calibrated_greedy_ev,median_latency,mechanism,80.7795198351056,NA,20,NA,NA
exp6_tuned,tree_high_hybrid_noema_calibrated_greedy_ev,welfare_over_optimum,mechanism,0.9710726333372279,NA,20,NA,NA
exp6_tuned,tree_high_hybrid_noema_calibrated_greedy_ev,p_post_k,mechanism,1,NA,20,NA,NA
exp6_tuned,tree_high_hybrid_noema_calibrated_greedy_ev,reserve_markup,mechanism,1,NA,20,NA,NA
exp6_tuned,tree_high_hybrid_noema_calibrated_k8s,welfare,mechanism,57.743121359730125,NA,20,NA,NA
exp6_tuned,tree_high_hybrid_noema_calibrated_k8s,tokens_admitted,mechanism,83.73725,NA,20,NA,NA
exp6_tuned,tree_high_hybrid_noema_calibrated_k8s,median_latency,mechanism,80.602268620177,NA,20,NA,NA
exp6_tuned,tree_high_hybrid_noema_calibrated_k8s,welfare_over_optimum,mechanism,0.8837203034408928,NA,20,NA,NA
exp6_tuned,tree_high_hybrid_noema_calibrated_k8s,p_post_k,mechanism,1,NA,20,NA,NA
exp6_tuned,tree_high_hybrid_noema_calibrated_k8s,reserve_markup,mechanism,1,NA,20,NA,NA
exp6_tuned,tree_high_hybrid_noema_calibrated_market,welfare,mechanism,57.918058941283626,NA,20,NA,NA
exp6_tuned,tree_high_hybrid_noema_calibrated_market,tokens_admitted,mechanism,70.0665,NA,20,NA,NA
exp6_tuned,tree_high_hybrid_noema_calibrated_market,median_latency,mechanism,75.42085187998173,NA,20,NA,NA
exp6_tuned,tree_high_hybrid_noema_calibrated_market,welfare_over_optimum,mechanism,0.8993878572747079,NA,20,NA,NA
exp6_tuned,tree_high_hybrid_noema_calibrated_market,p_post_k,mechanism,1,NA,20,NA,NA
exp6_tuned,tree_high_hybrid_noema_calibrated_market,reserve_markup,mechanism,2,NA,20,NA,NA
exp6_tuned,tree_high_hybrid_noema_calibrated_market_cc,welfare,mechanism,45.915301883876104,NA,20,NA,NA
exp6_tuned,tree_high_hybrid_noema_calibrated_market_cc,tokens_admitted,mechanism,59.025,NA,20,NA,NA
exp6_tuned,tree_high_hybrid_noema_calibrated_market_cc,median_latency,mechanism,76.81985960412213,NA,20,NA,NA
exp6_tuned,tree_high_hybrid_noema_calibrated_market_cc,welfare_over_optimum,mechanism,0.7080094676524574,NA,20,NA,NA
exp6_tuned,tree_high_hybrid_noema_calibrated_market_cc,p_post_k,mechanism,1,NA,20,NA,NA
exp6_tuned,tree_high_hybrid_noema_calibrated_market_cc,reserve_markup,mechanism,2,NA,20,NA,NA
exp6_tuned,tree_high_hybrid_noema_calibrated_posted_price,welfare,mechanism,63.44958190912938,NA,20,NA,NA
exp6_tuned,tree_high_hybrid_noema_calibrated_posted_price,tokens_admitted,mechanism,83.71125,NA,20,NA,NA
exp6_tuned,tree_high_hybrid_noema_calibrated_posted_price,median_latency,mechanism,80.76016607776323,NA,20,NA,NA
exp6_tuned,tree_high_hybrid_noema_calibrated_posted_price,welfare_over_optimum,mechanism,0.9710726102865027,NA,20,NA,NA
exp6_tuned,tree_high_hybrid_noema_calibrated_posted_price,p_post_k,mechanism,1,NA,20,NA,NA
exp6_tuned,tree_high_hybrid_noema_calibrated_posted_price,reserve_markup,mechanism,1,NA,20,NA,NA
exp6_tuned,tree_high_hybrid_noema_calibrated_posted_price_adaptive,welfare,mechanism,59.26604304730965,NA,20,NA,NA
exp6_tuned,tree_high_hybrid_noema_calibrated_posted_price_adaptive,tokens_admitted,mechanism,73.61875,NA,20,NA,NA
exp6_tuned,tree_high_hybrid_noema_calibrated_posted_price_adaptive,median_latency,mechanism,75.71964488877622,NA,20,NA,NA
exp6_tuned,tree_high_hybrid_noema_calibrated_posted_price_adaptive,welfare_over_optimum,mechanism,0.9072618425960433,NA,20,NA,NA
exp6_tuned,tree_high_hybrid_noema_calibrated_posted_price_adaptive,p_post_k,mechanism,1,NA,20,NA,NA
exp6_tuned,tree_high_hybrid_noema_calibrated_posted_price_adaptive,reserve_markup,mechanism,1,NA,20,NA,NA
exp6_tuned,tree_high_hybrid_noema_calibrated_posted_price_edf,welfare,mechanism,58.70259439027628,NA,20,NA,NA
exp6_tuned,tree_high_hybrid_noema_calibrated_posted_price_edf,tokens_admitted,mechanism,78.461,NA,20,NA,NA
exp6_tuned,tree_high_hybrid_noema_calibrated_posted_price_edf,median_latency,mechanism,77.57098703985558,NA,20,NA,NA
exp6_tuned,tree_high_hybrid_noema_calibrated_posted_price_edf,welfare_over_optimum,mechanism,0.900643083499728,NA,20,NA,NA
exp6_tuned,tree_high_hybrid_noema_calibrated_posted_price_edf,p_post_k,mechanism,1.75,NA,20,NA,NA
exp6_tuned,tree_high_hybrid_noema_calibrated_posted_price_edf,reserve_markup,mechanism,1,NA,20,NA,NA
exp6_tuned,tree_high_hybrid_noema_calibrated_posted_price_fcfs,welfare,mechanism,58.69701360118104,NA,20,NA,NA
exp6_tuned,tree_high_hybrid_noema_calibrated_posted_price_fcfs,tokens_admitted,mechanism,78.462,NA,20,NA,NA
exp6_tuned,tree_high_hybrid_noema_calibrated_posted_price_fcfs,median_latency,mechanism,77.56836413265837,NA,20,NA,NA
exp6_tuned,tree_high_hybrid_noema_calibrated_posted_price_fcfs,welfare_over_optimum,mechanism,0.900397954050172,NA,20,NA,NA
exp6_tuned,tree_high_hybrid_noema_calibrated_posted_price_fcfs,p_post_k,mechanism,1.75,NA,20,NA,NA
exp6_tuned,tree_high_hybrid_noema_calibrated_posted_price_fcfs,reserve_markup,mechanism,1,NA,20,NA,NA
exp6_tuned,tree_high_naive_baseline_greedy_ev,welfare,mechanism,4.742594261102647,NA,20,NA,NA
exp6_tuned,tree_high_naive_baseline_greedy_ev,tokens_admitted,mechanism,99.95975,NA,20,NA,NA
exp6_tuned,tree_high_naive_baseline_greedy_ev,median_latency,mechanism,390.1957362410775,NA,20,NA,NA
exp6_tuned,tree_high_naive_baseline_greedy_ev,welfare_over_optimum,mechanism,0.08329439214260545,NA,20,NA,NA
exp6_tuned,tree_high_naive_baseline_greedy_ev,p_post_k,mechanism,1,NA,20,NA,NA
exp6_tuned,tree_high_naive_baseline_greedy_ev,reserve_markup,mechanism,1,NA,20,NA,NA
exp6_tuned,tree_high_naive_baseline_k8s,welfare,mechanism,3.9308817760934853,NA,20,NA,NA
exp6_tuned,tree_high_naive_baseline_k8s,tokens_admitted,mechanism,99.95975,NA,20,NA,NA
exp6_tuned,tree_high_naive_baseline_k8s,median_latency,mechanism,410.6473156861824,NA,20,NA,NA
exp6_tuned,tree_high_naive_baseline_k8s,welfare_over_optimum,mechanism,0.06915272919264308,NA,20,NA,NA
exp6_tuned,tree_high_naive_baseline_k8s,p_post_k,mechanism,1,NA,20,NA,NA
exp6_tuned,tree_high_naive_baseline_k8s,reserve_markup,mechanism,1,NA,20,NA,NA
exp6_tuned,tree_high_naive_baseline_market,welfare,mechanism,37.85998852996834,NA,20,NA,NA
exp6_tuned,tree_high_naive_baseline_market,tokens_admitted,mechanism,43.64425,NA,20,NA,NA
exp6_tuned,tree_high_naive_baseline_market,median_latency,mechanism,75.84348516937644,NA,20,NA,NA
exp6_tuned,tree_high_naive_baseline_market,welfare_over_optimum,mechanism,0.7068899138219119,NA,20,NA,NA
exp6_tuned,tree_high_naive_baseline_market,p_post_k,mechanism,1,NA,20,NA,NA
exp6_tuned,tree_high_naive_baseline_market,reserve_markup,mechanism,3,NA,20,NA,NA
exp6_tuned,tree_high_naive_baseline_market_cc,welfare,mechanism,45.474518464530206,NA,20,NA,NA
exp6_tuned,tree_high_naive_baseline_market_cc,tokens_admitted,mechanism,54.22275,NA,20,NA,NA
exp6_tuned,tree_high_naive_baseline_market_cc,median_latency,mechanism,78.13823901055116,NA,20,NA,NA
exp6_tuned,tree_high_naive_baseline_market_cc,welfare_over_optimum,mechanism,0.8329141835834727,NA,20,NA,NA
exp6_tuned,tree_high_naive_baseline_market_cc,p_post_k,mechanism,1,NA,20,NA,NA
exp6_tuned,tree_high_naive_baseline_market_cc,reserve_markup,mechanism,3,NA,20,NA,NA
exp6_tuned,tree_high_naive_baseline_posted_price,welfare,mechanism,45.84945302799172,NA,20,NA,NA
exp6_tuned,tree_high_naive_baseline_posted_price,tokens_admitted,mechanism,65.38125,NA,20,NA,NA
exp6_tuned,tree_high_naive_baseline_posted_price,median_latency,mechanism,103.03099278725814,NA,20,NA,NA
exp6_tuned,tree_high_naive_baseline_posted_price,welfare_over_optimum,mechanism,0.8894055120145347,NA,20,NA,NA
exp6_tuned,tree_high_naive_baseline_posted_price,p_post_k,mechanism,2.5,NA,20,NA,NA
exp6_tuned,tree_high_naive_baseline_posted_price,reserve_markup,mechanism,1,NA,20,NA,NA
exp6_tuned,tree_high_naive_baseline_posted_price_adaptive,welfare,mechanism,45.07362995574741,NA,20,NA,NA
exp6_tuned,tree_high_naive_baseline_posted_price_adaptive,tokens_admitted,mechanism,71.58675,NA,20,NA,NA
exp6_tuned,tree_high_naive_baseline_posted_price_adaptive,median_latency,mechanism,124.10773892218549,NA,20,NA,NA
exp6_tuned,tree_high_naive_baseline_posted_price_adaptive,welfare_over_optimum,mechanism,0.8465838423785789,NA,20,NA,NA
exp6_tuned,tree_high_naive_baseline_posted_price_adaptive,p_post_k,mechanism,1,NA,20,NA,NA
exp6_tuned,tree_high_naive_baseline_posted_price_adaptive,reserve_markup,mechanism,1,NA,20,NA,NA
exp6_tuned,tree_high_naive_baseline_posted_price_edf,welfare,mechanism,45.83553602886192,NA,20,NA,NA
exp6_tuned,tree_high_naive_baseline_posted_price_edf,tokens_admitted,mechanism,65.36825,NA,20,NA,NA
exp6_tuned,tree_high_naive_baseline_posted_price_edf,median_latency,mechanism,102.99843584371473,NA,20,NA,NA
exp6_tuned,tree_high_naive_baseline_posted_price_edf,welfare_over_optimum,mechanism,0.8893403979049396,NA,20,NA,NA
exp6_tuned,tree_high_naive_baseline_posted_price_edf,p_post_k,mechanism,2.5,NA,20,NA,NA
exp6_tuned,tree_high_naive_baseline_posted_price_edf,reserve_markup,mechanism,1,NA,20,NA,NA
exp6_tuned,tree_high_naive_baseline_posted_price_fcfs,welfare,mechanism,45.79687652421406,NA,20,NA,NA
exp6_tuned,tree_high_naive_baseline_posted_price_fcfs,tokens_admitted,mechanism,65.3875,NA,20,NA,NA
exp6_tuned,tree_high_naive_baseline_posted_price_fcfs,median_latency,mechanism,103.255545998848,NA,20,NA,NA
exp6_tuned,tree_high_naive_baseline_posted_price_fcfs,welfare_over_optimum,mechanism,0.8875943400244065,NA,20,NA,NA
exp6_tuned,tree_high_naive_baseline_posted_price_fcfs,p_post_k,mechanism,2.5,NA,20,NA,NA
exp6_tuned,tree_high_naive_baseline_posted_price_fcfs,reserve_markup,mechanism,1,NA,20,NA,NA
exp6_tuned,tree_high_naive_calibrated_greedy_ev,welfare,mechanism,62.36213371755766,NA,20,NA,NA
exp6_tuned,tree_high_naive_calibrated_greedy_ev,tokens_admitted,mechanism,99.95975,NA,20,NA,NA
exp6_tuned,tree_high_naive_calibrated_greedy_ev,median_latency,mechanism,99.21207423067334,NA,20,NA,NA
exp6_tuned,tree_high_naive_calibrated_greedy_ev,welfare_over_optimum,mechanism,0.9539734792215558,NA,20,NA,NA
exp6_tuned,tree_high_naive_calibrated_greedy_ev,p_post_k,mechanism,1,NA,20,NA,NA
exp6_tuned,tree_high_naive_calibrated_greedy_ev,reserve_markup,mechanism,1,NA,20,NA,NA
exp6_tuned,tree_high_naive_calibrated_k8s,welfare,mechanism,56.97040229519534,NA,20,NA,NA
exp6_tuned,tree_high_naive_calibrated_k8s,tokens_admitted,mechanism,99.95975,NA,20,NA,NA
exp6_tuned,tree_high_naive_calibrated_k8s,median_latency,mechanism,100.4590682092518,NA,20,NA,NA
exp6_tuned,tree_high_naive_calibrated_k8s,welfare_over_optimum,mechanism,0.8718437307908973,NA,20,NA,NA
exp6_tuned,tree_high_naive_calibrated_k8s,p_post_k,mechanism,1,NA,20,NA,NA
exp6_tuned,tree_high_naive_calibrated_k8s,reserve_markup,mechanism,1,NA,20,NA,NA
exp6_tuned,tree_high_naive_calibrated_market,welfare,mechanism,62.307227928838564,NA,20,NA,NA
exp6_tuned,tree_high_naive_calibrated_market,tokens_admitted,mechanism,88.7505,NA,20,NA,NA
exp6_tuned,tree_high_naive_calibrated_market,median_latency,mechanism,88.85001929738142,NA,20,NA,NA
exp6_tuned,tree_high_naive_calibrated_market,welfare_over_optimum,mechanism,0.9708852355095067,NA,20,NA,NA
exp6_tuned,tree_high_naive_calibrated_market,p_post_k,mechanism,1,NA,20,NA,NA
exp6_tuned,tree_high_naive_calibrated_market,reserve_markup,mechanism,2,NA,20,NA,NA
exp6_tuned,tree_high_naive_calibrated_market_cc,welfare,mechanism,53.37413565048883,NA,20,NA,NA
exp6_tuned,tree_high_naive_calibrated_market_cc,tokens_admitted,mechanism,61.838,NA,20,NA,NA
exp6_tuned,tree_high_naive_calibrated_market_cc,median_latency,mechanism,74.10104951693692,NA,20,NA,NA
exp6_tuned,tree_high_naive_calibrated_market_cc,welfare_over_optimum,mechanism,0.8484893478342804,NA,20,NA,NA
exp6_tuned,tree_high_naive_calibrated_market_cc,p_post_k,mechanism,1,NA,20,NA,NA
exp6_tuned,tree_high_naive_calibrated_market_cc,reserve_markup,mechanism,3,NA,20,NA,NA
exp6_tuned,tree_high_naive_calibrated_posted_price,welfare,mechanism,62.364178896328696,NA,20,NA,NA
exp6_tuned,tree_high_naive_calibrated_posted_price,tokens_admitted,mechanism,99.93425,NA,20,NA,NA
exp6_tuned,tree_high_naive_calibrated_posted_price,median_latency,mechanism,99.18910490505426,NA,20,NA,NA
exp6_tuned,tree_high_naive_calibrated_posted_price,welfare_over_optimum,mechanism,0.9539789976107779,NA,20,NA,NA
exp6_tuned,tree_high_naive_calibrated_posted_price,p_post_k,mechanism,1.25,NA,20,NA,NA
exp6_tuned,tree_high_naive_calibrated_posted_price,reserve_markup,mechanism,1,NA,20,NA,NA
exp6_tuned,tree_high_naive_calibrated_posted_price_adaptive,welfare,mechanism,62.57591584157843,NA,20,NA,NA
exp6_tuned,tree_high_naive_calibrated_posted_price_adaptive,tokens_admitted,mechanism,88.5045,NA,20,NA,NA
exp6_tuned,tree_high_naive_calibrated_posted_price_adaptive,median_latency,mechanism,87.86319665075722,NA,20,NA,NA
exp6_tuned,tree_high_naive_calibrated_posted_price_adaptive,welfare_over_optimum,mechanism,0.9617764044695425,NA,20,NA,NA
exp6_tuned,tree_high_naive_calibrated_posted_price_adaptive,p_post_k,mechanism,1,NA,20,NA,NA
exp6_tuned,tree_high_naive_calibrated_posted_price_adaptive,reserve_markup,mechanism,1,NA,20,NA,NA
exp6_tuned,tree_high_naive_calibrated_posted_price_edf,welfare,mechanism,61.67463281425019,NA,20,NA,NA
exp6_tuned,tree_high_naive_calibrated_posted_price_edf,tokens_admitted,mechanism,89.43599999999999,NA,20,NA,NA
exp6_tuned,tree_high_naive_calibrated_posted_price_edf,median_latency,mechanism,89.84326823342897,NA,20,NA,NA
exp6_tuned,tree_high_naive_calibrated_posted_price_edf,welfare_over_optimum,mechanism,0.9641107700528079,NA,20,NA,NA
exp6_tuned,tree_high_naive_calibrated_posted_price_edf,p_post_k,mechanism,2,NA,20,NA,NA
exp6_tuned,tree_high_naive_calibrated_posted_price_edf,reserve_markup,mechanism,1,NA,20,NA,NA
exp6_tuned,tree_high_naive_calibrated_posted_price_fcfs,welfare,mechanism,61.694906460904775,NA,20,NA,NA
exp6_tuned,tree_high_naive_calibrated_posted_price_fcfs,tokens_admitted,mechanism,89.45475,NA,20,NA,NA
exp6_tuned,tree_high_naive_calibrated_posted_price_fcfs,median_latency,mechanism,89.85916514394972,NA,20,NA,NA
exp6_tuned,tree_high_naive_calibrated_posted_price_fcfs,welfare_over_optimum,mechanism,0.9641674462487135,NA,20,NA,NA
exp6_tuned,tree_high_naive_calibrated_posted_price_fcfs,p_post_k,mechanism,2,NA,20,NA,NA
exp6_tuned,tree_high_naive_calibrated_posted_price_fcfs,reserve_markup,mechanism,1,NA,20,NA,NA
exp6_tuned,tree_medium_hybrid_noema_baseline_greedy_ev,welfare,mechanism,53.48957957630792,NA,20,NA,NA
exp6_tuned,tree_medium_hybrid_noema_baseline_greedy_ev,tokens_admitted,mechanism,72.4525,NA,20,NA,NA
exp6_tuned,tree_medium_hybrid_noema_baseline_greedy_ev,median_latency,mechanism,79.38762962974766,NA,20,NA,NA
exp6_tuned,tree_medium_hybrid_noema_baseline_greedy_ev,welfare_over_optimum,mechanism,0.9739035494349403,NA,20,NA,NA
exp6_tuned,tree_medium_hybrid_noema_baseline_greedy_ev,p_post_k,mechanism,1,NA,20,NA,NA
exp6_tuned,tree_medium_hybrid_noema_baseline_greedy_ev,reserve_markup,mechanism,1,NA,20,NA,NA
exp6_tuned,tree_medium_hybrid_noema_baseline_k8s,welfare,mechanism,50.73220037026769,NA,20,NA,NA
exp6_tuned,tree_medium_hybrid_noema_baseline_k8s,tokens_admitted,mechanism,72.4525,NA,20,NA,NA
exp6_tuned,tree_medium_hybrid_noema_baseline_k8s,median_latency,mechanism,79.20839052830883,NA,20,NA,NA
exp6_tuned,tree_medium_hybrid_noema_baseline_k8s,welfare_over_optimum,mechanism,0.9238015403579997,NA,20,NA,NA
exp6_tuned,tree_medium_hybrid_noema_baseline_k8s,p_post_k,mechanism,1,NA,20,NA,NA
exp6_tuned,tree_medium_hybrid_noema_baseline_k8s,reserve_markup,mechanism,1,NA,20,NA,NA
exp6_tuned,tree_medium_hybrid_noema_baseline_market,welfare,mechanism,53.16595291296211,NA,20,NA,NA
exp6_tuned,tree_medium_hybrid_noema_baseline_market,tokens_admitted,mechanism,71.71275,NA,20,NA,NA
exp6_tuned,tree_medium_hybrid_noema_baseline_market,median_latency,mechanism,79.11882922517802,NA,20,NA,NA
exp6_tuned,tree_medium_hybrid_noema_baseline_market,welfare_over_optimum,mechanism,0.9687807142878351,NA,20,NA,NA
exp6_tuned,tree_medium_hybrid_noema_baseline_market,p_post_k,mechanism,1,NA,20,NA,NA
exp6_tuned,tree_medium_hybrid_noema_baseline_market,reserve_markup,mechanism,0.5,NA,20,NA,NA
exp6_tuned,tree_medium_hybrid_noema_baseline_market_cc,welfare,mechanism,37.455218705514724,NA,20,NA,NA
exp6_tuned,tree_medium_hybrid_noema_baseline_market_cc,tokens_admitted,mechanism,50.60275,NA,20,NA,NA
exp6_tuned,tree_medium_hybrid_noema_baseline_market_cc,median_latency,mechanism,76.99147946314997,NA,20,NA,NA
exp6_tuned,tree_medium_hybrid_noema_baseline_market_cc,welfare_over_optimum,mechanism,0.6822475833732199,NA,20,NA,NA
exp6_tuned,tree_medium_hybrid_noema_baseline_market_cc,p_post_k,mechanism,1,NA,20,NA,NA
exp6_tuned,tree_medium_hybrid_noema_baseline_market_cc,reserve_markup,mechanism,1,NA,20,NA,NA
exp6_tuned,tree_medium_hybrid_noema_baseline_posted_price,welfare,mechanism,53.48957957630792,NA,20,NA,NA
exp6_tuned,tree_medium_hybrid_noema_baseline_posted_price,tokens_admitted,mechanism,72.4525,NA,20,NA,NA
exp6_tuned,tree_medium_hybrid_noema_baseline_posted_price,median_latency,mechanism,79.38762962974766,NA,20,NA,NA
exp6_tuned,tree_medium_hybrid_noema_baseline_posted_price,welfare_over_optimum,mechanism,0.9739035494349403,NA,20,NA,NA
exp6_tuned,tree_medium_hybrid_noema_baseline_posted_price,p_post_k,mechanism,0.5,NA,20,NA,NA
exp6_tuned,tree_medium_hybrid_noema_baseline_posted_price,reserve_markup,mechanism,1,NA,20,NA,NA
exp6_tuned,tree_medium_hybrid_noema_baseline_posted_price_adaptive,welfare,mechanism,51.31476671155506,NA,20,NA,NA
exp6_tuned,tree_medium_hybrid_noema_baseline_posted_price_adaptive,tokens_admitted,mechanism,69.57625,NA,20,NA,NA
exp6_tuned,tree_medium_hybrid_noema_baseline_posted_price_adaptive,median_latency,mechanism,78.42387693969965,NA,20,NA,NA
exp6_tuned,tree_medium_hybrid_noema_baseline_posted_price_adaptive,welfare_over_optimum,mechanism,0.9350947316811773,NA,20,NA,NA
exp6_tuned,tree_medium_hybrid_noema_baseline_posted_price_adaptive,p_post_k,mechanism,1,NA,20,NA,NA
exp6_tuned,tree_medium_hybrid_noema_baseline_posted_price_adaptive,reserve_markup,mechanism,1,NA,20,NA,NA
exp6_tuned,tree_medium_hybrid_noema_baseline_posted_price_edf,welfare,mechanism,51.21158725876389,NA,20,NA,NA
exp6_tuned,tree_medium_hybrid_noema_baseline_posted_price_edf,tokens_admitted,mechanism,69.8505,NA,20,NA,NA
exp6_tuned,tree_medium_hybrid_noema_baseline_posted_price_edf,median_latency,mechanism,78.54949277107112,NA,20,NA,NA
exp6_tuned,tree_medium_hybrid_noema_baseline_posted_price_edf,welfare_over_optimum,mechanism,0.9381714280920478,NA,20,NA,NA
exp6_tuned,tree_medium_hybrid_noema_baseline_posted_price_edf,p_post_k,mechanism,1.75,NA,20,NA,NA
exp6_tuned,tree_medium_hybrid_noema_baseline_posted_price_edf,reserve_markup,mechanism,1,NA,20,NA,NA
exp6_tuned,tree_medium_hybrid_noema_baseline_posted_price_fcfs,welfare,mechanism,51.20928625439923,NA,20,NA,NA
exp6_tuned,tree_medium_hybrid_noema_baseline_posted_price_fcfs,tokens_admitted,mechanism,69.8515,NA,20,NA,NA
exp6_tuned,tree_medium_hybrid_noema_baseline_posted_price_fcfs,median_latency,mechanism,78.54988094204609,NA,20,NA,NA
exp6_tuned,tree_medium_hybrid_noema_baseline_posted_price_fcfs,welfare_over_optimum,mechanism,0.9381311778084127,NA,20,NA,NA
exp6_tuned,tree_medium_hybrid_noema_baseline_posted_price_fcfs,p_post_k,mechanism,1.75,NA,20,NA,NA
exp6_tuned,tree_medium_hybrid_noema_baseline_posted_price_fcfs,reserve_markup,mechanism,1,NA,20,NA,NA
exp6_tuned,tree_medium_hybrid_noema_calibrated_greedy_ev,welfare,mechanism,56.60565343119451,NA,20,NA,NA
exp6_tuned,tree_medium_hybrid_noema_calibrated_greedy_ev,tokens_admitted,mechanism,72.4525,NA,20,NA,NA
exp6_tuned,tree_medium_hybrid_noema_calibrated_greedy_ev,median_latency,mechanism,73.5392783930442,NA,20,NA,NA
exp6_tuned,tree_medium_hybrid_noema_calibrated_greedy_ev,welfare_over_optimum,mechanism,0.9290021303654693,NA,20,NA,NA
exp6_tuned,tree_medium_hybrid_noema_calibrated_greedy_ev,p_post_k,mechanism,1,NA,20,NA,NA
exp6_tuned,tree_medium_hybrid_noema_calibrated_greedy_ev,reserve_markup,mechanism,1,NA,20,NA,NA
exp6_tuned,tree_medium_hybrid_noema_calibrated_k8s,welfare,mechanism,53.63274050645754,NA,20,NA,NA
exp6_tuned,tree_medium_hybrid_noema_calibrated_k8s,tokens_admitted,mechanism,72.4525,NA,20,NA,NA
exp6_tuned,tree_medium_hybrid_noema_calibrated_k8s,median_latency,mechanism,73.46870444402076,NA,20,NA,NA
exp6_tuned,tree_medium_hybrid_noema_calibrated_k8s,welfare_over_optimum,mechanism,0.8802919064579178,NA,20,NA,NA
exp6_tuned,tree_medium_hybrid_noema_calibrated_k8s,p_post_k,mechanism,1,NA,20,NA,NA
exp6_tuned,tree_medium_hybrid_noema_calibrated_k8s,reserve_markup,mechanism,1,NA,20,NA,NA
exp6_tuned,tree_medium_hybrid_noema_calibrated_market,welfare,mechanism,56.17548058151258,NA,20,NA,NA
exp6_tuned,tree_medium_hybrid_noema_calibrated_market,tokens_admitted,mechanism,71.71275,NA,20,NA,NA
exp6_tuned,tree_medium_hybrid_noema_calibrated_market,median_latency,mechanism,73.44682794456598,NA,20,NA,NA
exp6_tuned,tree_medium_hybrid_noema_calibrated_market,welfare_over_optimum,mechanism,0.9227782174551509,NA,20,NA,NA
exp6_tuned,tree_medium_hybrid_noema_calibrated_market,p_post_k,mechanism,1,NA,20,NA,NA
exp6_tuned,tree_medium_hybrid_noema_calibrated_market,reserve_markup,mechanism,0.5,NA,20,NA,NA
exp6_tuned,tree_medium_hybrid_noema_calibrated_market_cc,welfare,mechanism,39.10719614440839,NA,20,NA,NA
exp6_tuned,tree_medium_hybrid_noema_calibrated_market_cc,tokens_admitted,mechanism,50.0255,NA,20,NA,NA
exp6_tuned,tree_medium_hybrid_noema_calibrated_market_cc,median_latency,mechanism,72.54623359035716,NA,20,NA,NA
exp6_tuned,tree_medium_hybrid_noema_calibrated_market_cc,welfare_over_optimum,mechanism,0.6443341595739385,NA,20,NA,NA
exp6_tuned,tree_medium_hybrid_noema_calibrated_market_cc,p_post_k,mechanism,1,NA,20,NA,NA
exp6_tuned,tree_medium_hybrid_noema_calibrated_market_cc,reserve_markup,mechanism,2,NA,20,NA,NA
exp6_tuned,tree_medium_hybrid_noema_calibrated_posted_price,welfare,mechanism,56.60565343119451,NA,20,NA,NA
exp6_tuned,tree_medium_hybrid_noema_calibrated_posted_price,tokens_admitted,mechanism,72.4525,NA,20,NA,NA
exp6_tuned,tree_medium_hybrid_noema_calibrated_posted_price,median_latency,mechanism,73.5392783930442,NA,20,NA,NA
exp6_tuned,tree_medium_hybrid_noema_calibrated_posted_price,welfare_over_optimum,mechanism,0.9290021303654693,NA,20,NA,NA
exp6_tuned,tree_medium_hybrid_noema_calibrated_posted_price,p_post_k,mechanism,0.5,NA,20,NA,NA
exp6_tuned,tree_medium_hybrid_noema_calibrated_posted_price,reserve_markup,mechanism,1,NA,20,NA,NA
exp6_tuned,tree_medium_hybrid_noema_calibrated_posted_price_adaptive,welfare,mechanism,54.04597280787093,NA,20,NA,NA
exp6_tuned,tree_medium_hybrid_noema_calibrated_posted_price_adaptive,tokens_admitted,mechanism,71.83575,NA,20,NA,NA
exp6_tuned,tree_medium_hybrid_noema_calibrated_posted_price_adaptive,median_latency,mechanism,73.45280329293679,NA,20,NA,NA
exp6_tuned,tree_medium_hybrid_noema_calibrated_posted_price_adaptive,welfare_over_optimum,mechanism,0.8879565409721343,NA,20,NA,NA
exp6_tuned,tree_medium_hybrid_noema_calibrated_posted_price_adaptive,p_post_k,mechanism,1,NA,20,NA,NA
exp6_tuned,tree_medium_hybrid_noema_calibrated_posted_price_adaptive,reserve_markup,mechanism,1,NA,20,NA,NA
exp6_tuned,tree_medium_hybrid_noema_calibrated_posted_price_edf,welfare,mechanism,53.93911000638215,NA,20,NA,NA
exp6_tuned,tree_medium_hybrid_noema_calibrated_posted_price_edf,tokens_admitted,mechanism,69.8505,NA,20,NA,NA
exp6_tuned,tree_medium_hybrid_noema_calibrated_posted_price_edf,median_latency,mechanism,73.21741262977511,NA,20,NA,NA
exp6_tuned,tree_medium_hybrid_noema_calibrated_posted_price_edf,welfare_over_optimum,mechanism,0.8917539666453655,NA,20,NA,NA
exp6_tuned,tree_medium_hybrid_noema_calibrated_posted_price_edf,p_post_k,mechanism,1.75,NA,20,NA,NA
exp6_tuned,tree_medium_hybrid_noema_calibrated_posted_price_edf,reserve_markup,mechanism,1,NA,20,NA,NA
exp6_tuned,tree_medium_hybrid_noema_calibrated_posted_price_fcfs,welfare,mechanism,53.93732097204665,NA,20,NA,NA
exp6_tuned,tree_medium_hybrid_noema_calibrated_posted_price_fcfs,tokens_admitted,mechanism,69.8515,NA,20,NA,NA
exp6_tuned,tree_medium_hybrid_noema_calibrated_posted_price_fcfs,median_latency,mechanism,73.22092256523446,NA,20,NA,NA
exp6_tuned,tree_medium_hybrid_noema_calibrated_posted_price_fcfs,welfare_over_optimum,mechanism,0.8917260319113238,NA,20,NA,NA
exp6_tuned,tree_medium_hybrid_noema_calibrated_posted_price_fcfs,p_post_k,mechanism,1.75,NA,20,NA,NA
exp6_tuned,tree_medium_hybrid_noema_calibrated_posted_price_fcfs,reserve_markup,mechanism,1,NA,20,NA,NA
exp6_tuned,tree_medium_naive_baseline_greedy_ev,welfare,mechanism,40.94436860890518,NA,20,NA,NA
exp6_tuned,tree_medium_naive_baseline_greedy_ev,tokens_admitted,mechanism,88.70425,NA,20,NA,NA
exp6_tuned,tree_medium_naive_baseline_greedy_ev,median_latency,mechanism,149.5839001163628,NA,20,NA,NA
exp6_tuned,tree_medium_naive_baseline_greedy_ev,welfare_over_optimum,mechanism,0.7442698415498223,NA,20,NA,NA
exp6_tuned,tree_medium_naive_baseline_greedy_ev,p_post_k,mechanism,1,NA,20,NA,NA
exp6_tuned,tree_medium_naive_baseline_greedy_ev,reserve_markup,mechanism,1,NA,20,NA,NA
exp6_tuned,tree_medium_naive_baseline_k8s,welfare,mechanism,40.841780123625,NA,20,NA,NA
exp6_tuned,tree_medium_naive_baseline_k8s,tokens_admitted,mechanism,88.70425,NA,20,NA,NA
exp6_tuned,tree_medium_naive_baseline_k8s,median_latency,mechanism,150.62511959125382,NA,20,NA,NA
exp6_tuned,tree_medium_naive_baseline_k8s,welfare_over_optimum,mechanism,0.742355635001775,NA,20,NA,NA
exp6_tuned,tree_medium_naive_baseline_k8s,p_post_k,mechanism,1,NA,20,NA,NA
exp6_tuned,tree_medium_naive_baseline_k8s,reserve_markup,mechanism,1,NA,20,NA,NA
exp6_tuned,tree_medium_naive_baseline_market,welfare,mechanism,51.21740046670518,NA,20,NA,NA
exp6_tuned,tree_medium_naive_baseline_market,tokens_admitted,mechanism,69.83925,NA,20,NA,NA
exp6_tuned,tree_medium_naive_baseline_market,median_latency,mechanism,82.25125606618712,NA,20,NA,NA
exp6_tuned,tree_medium_naive_baseline_market,welfare_over_optimum,mechanism,0.945498680642291,NA,20,NA,NA
exp6_tuned,tree_medium_naive_baseline_market,p_post_k,mechanism,1,NA,20,NA,NA
exp6_tuned,tree_medium_naive_baseline_market,reserve_markup,mechanism,2,NA,20,NA,NA
exp6_tuned,tree_medium_naive_baseline_market_cc,welfare,mechanism,42.93496737800132,NA,20,NA,NA
exp6_tuned,tree_medium_naive_baseline_market_cc,tokens_admitted,mechanism,69.8155,NA,20,NA,NA
exp6_tuned,tree_medium_naive_baseline_market_cc,median_latency,mechanism,104.0572412318855,NA,20,NA,NA
exp6_tuned,tree_medium_naive_baseline_market_cc,welfare_over_optimum,mechanism,0.7642944024822839,NA,20,NA,NA
exp6_tuned,tree_medium_naive_baseline_market_cc,p_post_k,mechanism,1,NA,20,NA,NA
exp6_tuned,tree_medium_naive_baseline_market_cc,reserve_markup,mechanism,2,NA,20,NA,NA
exp6_tuned,tree_medium_naive_baseline_posted_price,welfare,mechanism,51.18135081041918,NA,20,NA,NA
exp6_tuned,tree_medium_naive_baseline_posted_price,tokens_admitted,mechanism,69.84375,NA,20,NA,NA
exp6_tuned,tree_medium_naive_baseline_posted_price,median_latency,mechanism,82.54686297383111,NA,20,NA,NA
exp6_tuned,tree_medium_naive_baseline_posted_price,welfare_over_optimum,mechanism,0.9447613355233545,NA,20,NA,NA
exp6_tuned,tree_medium_naive_baseline_posted_price,p_post_k,mechanism,2,NA,20,NA,NA
exp6_tuned,tree_medium_naive_baseline_posted_price,reserve_markup,mechanism,1,NA,20,NA,NA
exp6_tuned,tree_medium_naive_baseline_posted_price_adaptive,welfare,mechanism,50.306174905171446,NA,20,NA,NA
exp6_tuned,tree_medium_naive_baseline_posted_price_adaptive,tokens_admitted,mechanism,71.3935,NA,20,NA,NA
exp6_tuned,tree_medium_naive_baseline_posted_price_adaptive,median_latency,mechanism,88.076345478933,NA,20,NA,NA
exp6_tuned,tree_medium_naive_baseline_posted_price_adaptive,welfare_over_optimum,mechanism,0.9290150951548548,NA,20,NA,NA
exp6_tuned,tree_medium_naive_baseline_posted_price_adaptive,p_post_k,mechanism,1,NA,20,NA,NA
exp6_tuned,tree_medium_naive_baseline_posted_price_adaptive,reserve_markup,mechanism,1,NA,20,NA,NA
exp6_tuned,tree_medium_naive_baseline_posted_price_edf,welfare,mechanism,51.180539554608885,NA,20,NA,NA
exp6_tuned,tree_medium_naive_baseline_posted_price_edf,tokens_admitted,mechanism,69.84375,NA,20,NA,NA
exp6_tuned,tree_medium_naive_baseline_posted_price_edf,median_latency,mechanism,82.54010113309862,NA,20,NA,NA
exp6_tuned,tree_medium_naive_baseline_posted_price_edf,welfare_over_optimum,mechanism,0.9447585002772309,NA,20,NA,NA
exp6_tuned,tree_medium_naive_baseline_posted_price_edf,p_post_k,mechanism,2,NA,20,NA,NA
exp6_tuned,tree_medium_naive_baseline_posted_price_edf,reserve_markup,mechanism,1,NA,20,NA,NA
exp6_tuned,tree_medium_naive_baseline_posted_price_fcfs,welfare,mechanism,51.18031124966253,NA,20,NA,NA
exp6_tuned,tree_medium_naive_baseline_posted_price_fcfs,tokens_admitted,mechanism,69.8435,NA,20,NA,NA
exp6_tuned,tree_medium_naive_baseline_posted_price_fcfs,median_latency,mechanism,82.53688254686627,NA,20,NA,NA
exp6_tuned,tree_medium_naive_baseline_posted_price_fcfs,welfare_over_optimum,mechanism,0.9447566325146148,NA,20,NA,NA
exp6_tuned,tree_medium_naive_baseline_posted_price_fcfs,p_post_k,mechanism,2,NA,20,NA,NA
exp6_tuned,tree_medium_naive_baseline_posted_price_fcfs,reserve_markup,mechanism,1,NA,20,NA,NA
exp6_tuned,tree_medium_naive_calibrated_greedy_ev,welfare,mechanism,60.3762002990204,NA,20,NA,NA
exp6_tuned,tree_medium_naive_calibrated_greedy_ev,tokens_admitted,mechanism,88.70425,NA,20,NA,NA
exp6_tuned,tree_medium_naive_calibrated_greedy_ev,median_latency,mechanism,82.27205904043211,NA,20,NA,NA
exp6_tuned,tree_medium_naive_calibrated_greedy_ev,welfare_over_optimum,mechanism,0.9906949610404308,NA,20,NA,NA
exp6_tuned,tree_medium_naive_calibrated_greedy_ev,p_post_k,mechanism,1,NA,20,NA,NA
exp6_tuned,tree_medium_naive_calibrated_greedy_ev,reserve_markup,mechanism,1,NA,20,NA,NA
exp6_tuned,tree_medium_naive_calibrated_k8s,welfare,mechanism,60.12223661573453,NA,20,NA,NA
exp6_tuned,tree_medium_naive_calibrated_k8s,tokens_admitted,mechanism,88.70425,NA,20,NA,NA
exp6_tuned,tree_medium_naive_calibrated_k8s,median_latency,mechanism,82.3261249154325,NA,20,NA,NA
exp6_tuned,tree_medium_naive_calibrated_k8s,welfare_over_optimum,mechanism,0.9864203662480376,NA,20,NA,NA
exp6_tuned,tree_medium_naive_calibrated_k8s,p_post_k,mechanism,1,NA,20,NA,NA
exp6_tuned,tree_medium_naive_calibrated_k8s,reserve_markup,mechanism,1,NA,20,NA,NA
exp6_tuned,tree_medium_naive_calibrated_market,welfare,mechanism,60.39086196821721,NA,20,NA,NA
exp6_tuned,tree_medium_naive_calibrated_market,tokens_admitted,mechanism,88.63225,NA,20,NA,NA
exp6_tuned,tree_medium_naive_calibrated_market,median_latency,mechanism,82.1786688913729,NA,20,NA,NA
exp6_tuned,tree_medium_naive_calibrated_market,welfare_over_optimum,mechanism,0.9909837958797458,NA,20,NA,NA
exp6_tuned,tree_medium_naive_calibrated_market,p_post_k,mechanism,1,NA,20,NA,NA
exp6_tuned,tree_medium_naive_calibrated_market,reserve_markup,mechanism,0.5,NA,20,NA,NA
exp6_tuned,tree_medium_naive_calibrated_market_cc,welfare,mechanism,53.40606734732769,NA,20,NA,NA
exp6_tuned,tree_medium_naive_calibrated_market_cc,tokens_admitted,mechanism,74.5955,NA,20,NA,NA
exp6_tuned,tree_medium_naive_calibrated_market_cc,median_latency,mechanism,78.44800321514901,NA,20,NA,NA
exp6_tuned,tree_medium_naive_calibrated_market_cc,welfare_over_optimum,mechanism,0.8677903757980666,NA,20,NA,NA
exp6_tuned,tree_medium_naive_calibrated_market_cc,p_post_k,mechanism,1,NA,20,NA,NA
exp6_tuned,tree_medium_naive_calibrated_market_cc,reserve_markup,mechanism,2,NA,20,NA,NA
exp6_tuned,tree_medium_naive_calibrated_posted_price,welfare,mechanism,60.37638660803561,NA,20,NA,NA
exp6_tuned,tree_medium_naive_calibrated_posted_price,tokens_admitted,mechanism,88.6965,NA,20,NA,NA
exp6_tuned,tree_medium_naive_calibrated_posted_price,median_latency,mechanism,82.26517688990651,NA,20,NA,NA
exp6_tuned,tree_medium_naive_calibrated_posted_price,welfare_over_optimum,mechanism,0.9906949623866598,NA,20,NA,NA
exp6_tuned,tree_medium_naive_calibrated_posted_price,p_post_k,mechanism,1,NA,20,NA,NA
exp6_tuned,tree_medium_naive_calibrated_posted_price,reserve_markup,mechanism,1,NA,20,NA,NA
exp6_tuned,tree_medium_naive_calibrated_posted_price_adaptive,welfare,mechanism,60.13308373364283,NA,20,NA,NA
exp6_tuned,tree_medium_naive_calibrated_posted_price_adaptive,tokens_admitted,mechanism,87.8405,NA,20,NA,NA
exp6_tuned,tree_medium_naive_calibrated_posted_price_adaptive,median_latency,mechanism,81.65040627325948,NA,20,NA,NA
exp6_tuned,tree_medium_naive_calibrated_posted_price_adaptive,welfare_over_optimum,mechanism,0.9866307687443038,NA,20,NA,NA
exp6_tuned,tree_medium_naive_calibrated_posted_price_adaptive,p_post_k,mechanism,1,NA,20,NA,NA
exp6_tuned,tree_medium_naive_calibrated_posted_price_adaptive,reserve_markup,mechanism,1,NA,20,NA,NA
exp6_tuned,tree_medium_naive_calibrated_posted_price_edf,welfare,mechanism,60.11633129714449,NA,20,NA,NA
exp6_tuned,tree_medium_naive_calibrated_posted_price_edf,tokens_admitted,mechanism,88.69625,NA,20,NA,NA
exp6_tuned,tree_medium_naive_calibrated_posted_price_edf,median_latency,mechanism,82.32725044246557,NA,20,NA,NA
exp6_tuned,tree_medium_naive_calibrated_posted_price_edf,welfare_over_optimum,mechanism,0.9862499763297785,NA,20,NA,NA
exp6_tuned,tree_medium_naive_calibrated_posted_price_edf,p_post_k,mechanism,1,NA,20,NA,NA
exp6_tuned,tree_medium_naive_calibrated_posted_price_edf,reserve_markup,mechanism,1,NA,20,NA,NA
exp6_tuned,tree_medium_naive_calibrated_posted_price_fcfs,welfare,mechanism,60.12045394381264,NA,20,NA,NA
exp6_tuned,tree_medium_naive_calibrated_posted_price_fcfs,tokens_admitted,mechanism,88.69625,NA,20,NA,NA
exp6_tuned,tree_medium_naive_calibrated_posted_price_fcfs,median_latency,mechanism,82.32971028771354,NA,20,NA,NA
exp6_tuned,tree_medium_naive_calibrated_posted_price_fcfs,welfare_over_optimum,mechanism,0.9863646612277494,NA,20,NA,NA
exp6_tuned,tree_medium_naive_calibrated_posted_price_fcfs,p_post_k,mechanism,1,NA,20,NA,NA
exp6_tuned,tree_medium_naive_calibrated_posted_price_fcfs,reserve_markup,mechanism,1,NA,20,NA,NA
exp6_sensitivity,alpha_200_entangled_high_hybrid_noema_greedy_ev,welfare,mechanism,52.148302208382404,NA,NA,NA,NA
exp6_sensitivity,alpha_200_entangled_high_hybrid_noema_greedy_ev,welfare_over_optimum,mechanism,0.9480947027247631,NA,NA,NA,NA
exp6_sensitivity,alpha_200_entangled_high_hybrid_noema_greedy_ev,tokens_admitted,mechanism,84.085,NA,NA,NA,NA
exp6_sensitivity,alpha_200_entangled_high_hybrid_noema_market,welfare,mechanism,36.12243680293717,NA,NA,NA,NA
exp6_sensitivity,alpha_200_entangled_high_hybrid_noema_market,welfare_over_optimum,mechanism,0.680209360614982,NA,NA,NA,NA
exp6_sensitivity,alpha_200_entangled_high_hybrid_noema_market,tokens_admitted,mechanism,49.696,NA,NA,NA,NA
exp6_sensitivity,alpha_200_entangled_high_hybrid_noema_market_cc,welfare,mechanism,36.87876950156414,NA,NA,NA,NA
exp6_sensitivity,alpha_200_entangled_high_hybrid_noema_market_cc,welfare_over_optimum,mechanism,0.6698851487402129,NA,NA,NA,NA
exp6_sensitivity,alpha_200_entangled_high_hybrid_noema_market_cc,tokens_admitted,mechanism,58.104,NA,NA,NA,NA
exp6_sensitivity,alpha_200_entangled_high_hybrid_noema_posted_price,welfare,mechanism,26.21541368891064,NA,NA,NA,NA
exp6_sensitivity,alpha_200_entangled_high_hybrid_noema_posted_price,welfare_over_optimum,mechanism,0.47456252815936717,NA,NA,NA,NA
exp6_sensitivity,alpha_200_entangled_high_hybrid_noema_posted_price,tokens_admitted,mechanism,41.914,NA,NA,NA,NA
exp6_sensitivity,alpha_200_entangled_high_naive_greedy_ev,welfare,mechanism,3.8007544969226186,NA,NA,NA,NA
exp6_sensitivity,alpha_200_entangled_high_naive_greedy_ev,welfare_over_optimum,mechanism,0.0688446322933713,NA,NA,NA,NA
exp6_sensitivity,alpha_200_entangled_high_naive_greedy_ev,tokens_admitted,mechanism,99.91499999999999,NA,NA,NA,NA
exp6_sensitivity,alpha_200_entangled_high_naive_market,welfare,mechanism,14.470825477068068,NA,NA,NA,NA
exp6_sensitivity,alpha_200_entangled_high_naive_market,welfare_over_optimum,mechanism,0.2878607831445121,NA,NA,NA,NA
exp6_sensitivity,alpha_200_entangled_high_naive_market,tokens_admitted,mechanism,56.762,NA,NA,NA,NA
exp6_sensitivity,alpha_200_entangled_high_naive_market_cc,welfare,mechanism,5.364987558227044,NA,NA,NA,NA
exp6_sensitivity,alpha_200_entangled_high_naive_market_cc,welfare_over_optimum,mechanism,0.09007428476839192,NA,NA,NA,NA
exp6_sensitivity,alpha_200_entangled_high_naive_market_cc,tokens_admitted,mechanism,51.818000000000005,NA,NA,NA,NA
exp6_sensitivity,alpha_200_entangled_high_naive_posted_price,welfare,mechanism,2.4589487273174897,NA,NA,NA,NA
exp6_sensitivity,alpha_200_entangled_high_naive_posted_price,welfare_over_optimum,mechanism,0.04270443240124503,NA,NA,NA,NA
exp6_sensitivity,alpha_200_entangled_high_naive_posted_price,tokens_admitted,mechanism,49.816,NA,NA,NA,NA
exp6_sensitivity,alpha_200_sp_high_hybrid_noema_greedy_ev,welfare,mechanism,3.264301710737127,NA,NA,NA,NA
exp6_sensitivity,alpha_200_sp_high_hybrid_noema_greedy_ev,welfare_over_optimum,mechanism,0.10777084995425579,NA,NA,NA,NA
exp6_sensitivity,alpha_200_sp_high_hybrid_noema_greedy_ev,tokens_admitted,mechanism,49.972,NA,NA,NA,NA
exp6_sensitivity,alpha_200_sp_high_hybrid_noema_market,welfare,mechanism,17.1395485119378,NA,NA,NA,NA
exp6_sensitivity,alpha_200_sp_high_hybrid_noema_market,welfare_over_optimum,mechanism,0.5625596159703908,NA,NA,NA,NA
exp6_sensitivity,alpha_200_sp_high_hybrid_noema_market,tokens_admitted,mechanism,43.705,NA,NA,NA,NA
exp6_sensitivity,alpha_200_sp_high_hybrid_noema_market_cc,welfare,mechanism,3.1931321969119564,NA,NA,NA,NA
exp6_sensitivity,alpha_200_sp_high_hybrid_noema_market_cc,welfare_over_optimum,mechanism,0.09625951661093995,NA,NA,NA,NA
exp6_sensitivity,alpha_200_sp_high_hybrid_noema_market_cc,tokens_admitted,mechanism,26.1,NA,NA,NA,NA
exp6_sensitivity,alpha_200_sp_high_hybrid_noema_posted_price,welfare,mechanism,1.710816042851761,NA,NA,NA,NA
exp6_sensitivity,alpha_200_sp_high_hybrid_noema_posted_price,welfare_over_optimum,mechanism,0.054680914925010635,NA,NA,NA,NA
exp6_sensitivity,alpha_200_sp_high_hybrid_noema_posted_price,tokens_admitted,mechanism,24.966,NA,NA,NA,NA
exp6_sensitivity,alpha_200_sp_high_naive_greedy_ev,welfare,mechanism,3.266605095832146,NA,NA,NA,NA
exp6_sensitivity,alpha_200_sp_high_naive_greedy_ev,welfare_over_optimum,mechanism,0.10784487405621891,NA,NA,NA,NA
exp6_sensitivity,alpha_200_sp_high_naive_greedy_ev,tokens_admitted,mechanism,49.972,NA,NA,NA,NA
exp6_sensitivity,alpha_200_sp_high_naive_market,welfare,mechanism,10.983828554183853,NA,NA,NA,NA
exp6_sensitivity,alpha_200_sp_high_naive_market,welfare_over_optimum,mechanism,0.3619038207722251,NA,NA,NA,NA
exp6_sensitivity,alpha_200_sp_high_naive_market,tokens_admitted,mechanism,21.302,NA,NA,NA,NA
exp6_sensitivity,alpha_200_sp_high_naive_market_cc,welfare,mechanism,8.1653646491375,NA,NA,NA,NA
exp6_sensitivity,alpha_200_sp_high_naive_market_cc,welfare_over_optimum,mechanism,0.2630467747059809,NA,NA,NA,NA
exp6_sensitivity,alpha_200_sp_high_naive_market_cc,tokens_admitted,mechanism,24.839,NA,NA,NA,NA
exp6_sensitivity,alpha_200_sp_high_naive_posted_price,welfare,mechanism,10.21091264740359,NA,NA,NA,NA
exp6_sensitivity,alpha_200_sp_high_naive_posted_price,welfare_over_optimum,mechanism,0.3580993972183027,NA,NA,NA,NA
exp6_sensitivity,alpha_200_sp_high_naive_posted_price,tokens_admitted,mechanism,11.436,NA,NA,NA,NA
exp6_sensitivity,alpha_200_tree_high_hybrid_noema_greedy_ev,welfare,mechanism,52.83716981679563,NA,NA,NA,NA
exp6_sensitivity,alpha_200_tree_high_hybrid_noema_greedy_ev,welfare_over_optimum,mechanism,0.9314054445374182,NA,NA,NA,NA
exp6_sensitivity,alpha_200_tree_high_hybrid_noema_greedy_ev,tokens_admitted,mechanism,84.085,NA,NA,NA,NA
exp6_sensitivity,alpha_200_tree_high_hybrid_noema_market,welfare,mechanism,36.42208578840022,NA,NA,NA,NA
exp6_sensitivity,alpha_200_tree_high_hybrid_noema_market,welfare_over_optimum,mechanism,0.6647411972532511,NA,NA,NA,NA
exp6_sensitivity,alpha_200_tree_high_hybrid_noema_market,tokens_admitted,mechanism,49.696,NA,NA,NA,NA
exp6_sensitivity,alpha_200_tree_high_hybrid_noema_market_cc,welfare,mechanism,37.21867950774819,NA,NA,NA,NA
exp6_sensitivity,alpha_200_tree_high_hybrid_noema_market_cc,welfare_over_optimum,mechanism,0.6553649089058322,NA,NA,NA,NA
exp6_sensitivity,alpha_200_tree_high_hybrid_noema_market_cc,tokens_admitted,mechanism,58.104,NA,NA,NA,NA
exp6_sensitivity,alpha_200_tree_high_hybrid_noema_posted_price,welfare,mechanism,26.572165712766175,NA,NA,NA,NA
exp6_sensitivity,alpha_200_tree_high_hybrid_noema_posted_price,welfare_over_optimum,mechanism,0.4663060450012563,NA,NA,NA,NA
exp6_sensitivity,alpha_200_tree_high_hybrid_noema_posted_price,tokens_admitted,mechanism,41.914,NA,NA,NA,NA
exp6_sensitivity,alpha_200_tree_high_naive_greedy_ev,welfare,mechanism,4.719370251158449,NA,NA,NA,NA
exp6_sensitivity,alpha_200_tree_high_naive_greedy_ev,welfare_over_optimum,mechanism,0.08312254318122973,NA,NA,NA,NA
exp6_sensitivity,alpha_200_tree_high_naive_greedy_ev,tokens_admitted,mechanism,99.966,NA,NA,NA,NA
exp6_sensitivity,alpha_200_tree_high_naive_market,welfare,mechanism,16.423778373956036,NA,NA,NA,NA
exp6_sensitivity,alpha_200_tree_high_naive_market,welfare_over_optimum,mechanism,0.30910238895987696,NA,NA,NA,NA
exp6_sensitivity,alpha_200_tree_high_naive_market,tokens_admitted,mechanism,63.926,NA,NA,NA,NA
exp6_sensitivity,alpha_200_tree_high_naive_market_cc,welfare,mechanism,5.809536082319852,NA,NA,NA,NA
exp6_sensitivity,alpha_200_tree_high_naive_market_cc,welfare_over_optimum,mechanism,0.0983122169834346,NA,NA,NA,NA
exp6_sensitivity,alpha_200_tree_high_naive_market_cc,tokens_admitted,mechanism,52.660000000000004,NA,NA,NA,NA
exp6_sensitivity,alpha_200_tree_high_naive_posted_price,welfare,mechanism,2.2315598857665537,NA,NA,NA,NA
exp6_sensitivity,alpha_200_tree_high_naive_posted_price,welfare_over_optimum,mechanism,0.039472276468917655,NA,NA,NA,NA
exp6_sensitivity,alpha_200_tree_high_naive_posted_price,tokens_admitted,mechanism,49.954,NA,NA,NA,NA
exp6_sensitivity,baseline_entangled_high_hybrid_noema_greedy_ev,welfare,mechanism,52.28599503158507,NA,NA,NA,NA
exp6_sensitivity,baseline_entangled_high_hybrid_noema_greedy_ev,welfare_over_optimum,mechanism,0.9504038059878473,NA,NA,NA,NA
exp6_sensitivity,baseline_entangled_high_hybrid_noema_greedy_ev,tokens_admitted,mechanism,84.085,NA,NA,NA,NA
exp6_sensitivity,baseline_entangled_high_hybrid_noema_market,welfare,mechanism,48.292136238102856,NA,NA,NA,NA
exp6_sensitivity,baseline_entangled_high_hybrid_noema_market,welfare_over_optimum,mechanism,0.888773039388964,NA,NA,NA,NA
exp6_sensitivity,baseline_entangled_high_hybrid_noema_market,tokens_admitted,mechanism,75.30799999999999,NA,NA,NA,NA
exp6_sensitivity,baseline_entangled_high_hybrid_noema_market_cc,welfare,mechanism,36.87876950156414,NA,NA,NA,NA
exp6_sensitivity,baseline_entangled_high_hybrid_noema_market_cc,welfare_over_optimum,mechanism,0.6698851487402129,NA,NA,NA,NA
exp6_sensitivity,baseline_entangled_high_hybrid_noema_market_cc,tokens_admitted,mechanism,58.104,NA,NA,NA,NA
exp6_sensitivity,baseline_entangled_high_hybrid_noema_posted_price,welfare,mechanism,54.482924086277045,NA,NA,NA,NA
exp6_sensitivity,baseline_entangled_high_hybrid_noema_posted_price,welfare_over_optimum,mechanism,1.0098163571495566,NA,NA,NA,NA
exp6_sensitivity,baseline_entangled_high_hybrid_noema_posted_price,tokens_admitted,mechanism,74.14,NA,NA,NA,NA
exp6_sensitivity,baseline_entangled_high_naive_greedy_ev,welfare,mechanism,3.5727502957786954,NA,NA,NA,NA
exp6_sensitivity,baseline_entangled_high_naive_greedy_ev,welfare_over_optimum,mechanism,0.06493414126333204,NA,NA,NA,NA
exp6_sensitivity,baseline_entangled_high_naive_greedy_ev,tokens_admitted,mechanism,99.888,NA,NA,NA,NA
exp6_sensitivity,baseline_entangled_high_naive_market,welfare,mechanism,16.1686323986709,NA,NA,NA,NA
exp6_sensitivity,baseline_entangled_high_naive_market,welfare_over_optimum,mechanism,0.2831944400156754,NA,NA,NA,NA
exp6_sensitivity,baseline_entangled_high_naive_market,tokens_admitted,mechanism,91.713,NA,NA,NA,NA
exp6_sensitivity,baseline_entangled_high_naive_market_cc,welfare,mechanism,5.364987558227044,NA,NA,NA,NA
exp6_sensitivity,baseline_entangled_high_naive_market_cc,welfare_over_optimum,mechanism,0.09007428476839192,NA,NA,NA,NA
exp6_sensitivity,baseline_entangled_high_naive_market_cc,tokens_admitted,mechanism,51.818000000000005,NA,NA,NA,NA
exp6_sensitivity,baseline_entangled_high_naive_posted_price,welfare,mechanism,41.63936772050215,NA,NA,NA,NA
exp6_sensitivity,baseline_entangled_high_naive_posted_price,welfare_over_optimum,mechanism,0.8073862876627071,NA,NA,NA,NA
exp6_sensitivity,baseline_entangled_high_naive_posted_price,tokens_admitted,mechanism,80.671,NA,NA,NA,NA
exp6_sensitivity,baseline_sp_high_hybrid_noema_greedy_ev,welfare,mechanism,3.267759481083213,NA,NA,NA,NA
exp6_sensitivity,baseline_sp_high_hybrid_noema_greedy_ev,welfare_over_optimum,mechanism,0.10788374858590495,NA,NA,NA,NA
exp6_sensitivity,baseline_sp_high_hybrid_noema_greedy_ev,tokens_admitted,mechanism,49.972,NA,NA,NA,NA
exp6_sensitivity,baseline_sp_high_hybrid_noema_market,welfare,mechanism,6.211311562562421,NA,NA,NA,NA
exp6_sensitivity,baseline_sp_high_hybrid_noema_market,welfare_over_optimum,mechanism,0.20500229697015307,NA,NA,NA,NA
exp6_sensitivity,baseline_sp_high_hybrid_noema_market,tokens_admitted,mechanism,49.478,NA,NA,NA,NA
exp6_sensitivity,baseline_sp_high_hybrid_noema_market_cc,welfare,mechanism,3.1931321969119564,NA,NA,NA,NA
exp6_sensitivity,baseline_sp_high_hybrid_noema_market_cc,welfare_over_optimum,mechanism,0.09625951661093995,NA,NA,NA,NA
exp6_sensitivity,baseline_sp_high_hybrid_noema_market_cc,tokens_admitted,mechanism,26.1,NA,NA,NA,NA
exp6_sensitivity,baseline_sp_high_hybrid_noema_posted_price,welfare,mechanism,12.158726445682644,NA,NA,NA,NA
exp6_sensitivity,baseline_sp_high_hybrid_noema_posted_price,welfare_over_optimum,mechanism,0.3592320090205586,NA,NA,NA,NA
exp6_sensitivity,baseline_sp_high_hybrid_noema_posted_price,tokens_admitted,mechanism,47.103,NA,NA,NA,NA
exp6_sensitivity,baseline_sp_high_naive_greedy_ev,welfare,mechanism,3.2679099308817583,NA,NA,NA,NA
exp6_sensitivity,baseline_sp_high_naive_greedy_ev,welfare_over_optimum,mechanism,0.10788714828189254,NA,NA,NA,NA
exp6_sensitivity,baseline_sp_high_naive_greedy_ev,tokens_admitted,mechanism,49.972,NA,NA,NA,NA
exp6_sensitivity,baseline_sp_high_naive_market,welfare,mechanism,11.659308681491462,NA,NA,NA,NA
exp6_sensitivity,baseline_sp_high_naive_market,welfare_over_optimum,mechanism,0.3568800587211504,NA,NA,NA,NA
exp6_sensitivity,baseline_sp_high_naive_market,tokens_admitted,mechanism,36.875,NA,NA,NA,NA
exp6_sensitivity,baseline_sp_high_naive_market_cc,welfare,mechanism,8.1653646491375,NA,NA,NA,NA
exp6_sensitivity,baseline_sp_high_naive_market_cc,welfare_over_optimum,mechanism,0.2630467747059809,NA,NA,NA,NA
exp6_sensitivity,baseline_sp_high_naive_market_cc,tokens_admitted,mechanism,24.839,NA,NA,NA,NA
exp6_sensitivity,baseline_sp_high_naive_posted_price,welfare,mechanism,13.258496055244105,NA,NA,NA,NA
exp6_sensitivity,baseline_sp_high_naive_posted_price,welfare_over_optimum,mechanism,0.4704846758017433,NA,NA,NA,NA
exp6_sensitivity,baseline_sp_high_naive_posted_price,tokens_admitted,mechanism,14.313,NA,NA,NA,NA
exp6_sensitivity,baseline_tree_high_hybrid_noema_greedy_ev,welfare,mechanism,52.96554193417731,NA,NA,NA,NA
exp6_sensitivity,baseline_tree_high_hybrid_noema_greedy_ev,welfare_over_optimum,mechanism,0.9334368095137344,NA,NA,NA,NA
exp6_sensitivity,baseline_tree_high_hybrid_noema_greedy_ev,tokens_admitted,mechanism,84.085,NA,NA,NA,NA
exp6_sensitivity,baseline_tree_high_hybrid_noema_market,welfare,mechanism,48.82640299323742,NA,NA,NA,NA
exp6_sensitivity,baseline_tree_high_hybrid_noema_market,welfare_over_optimum,mechanism,0.8711986359195398,NA,NA,NA,NA
exp6_sensitivity,baseline_tree_high_hybrid_noema_market,tokens_admitted,mechanism,75.30799999999999,NA,NA,NA,NA
exp6_sensitivity,baseline_tree_high_hybrid_noema_market_cc,welfare,mechanism,37.21867950774819,NA,NA,NA,NA
exp6_sensitivity,baseline_tree_high_hybrid_noema_market_cc,welfare_over_optimum,mechanism,0.6553649089058322,NA,NA,NA,NA
exp6_sensitivity,baseline_tree_high_hybrid_noema_market_cc,tokens_admitted,mechanism,58.104,NA,NA,NA,NA
exp6_sensitivity,baseline_tree_high_hybrid_noema_posted_price,welfare,mechanism,55.2171440039651,NA,NA,NA,NA
exp6_sensitivity,baseline_tree_high_hybrid_noema_posted_price,welfare_over_optimum,mechanism,0.9923306278078952,NA,NA,NA,NA
exp6_sensitivity,baseline_tree_high_hybrid_noema_posted_price,tokens_admitted,mechanism,74.14,NA,NA,NA,NA
exp6_sensitivity,baseline_tree_high_naive_greedy_ev,welfare,mechanism,4.746937022506598,NA,NA,NA,NA
exp6_sensitivity,baseline_tree_high_naive_greedy_ev,welfare_over_optimum,mechanism,0.0837148603360815,NA,NA,NA,NA
exp6_sensitivity,baseline_tree_high_naive_greedy_ev,tokens_admitted,mechanism,99.966,NA,NA,NA,NA
exp6_sensitivity,baseline_tree_high_naive_market,welfare,mechanism,15.598311248969557,NA,NA,NA,NA
exp6_sensitivity,baseline_tree_high_naive_market,welfare_over_optimum,mechanism,0.2650945538603235,NA,NA,NA,NA
exp6_sensitivity,baseline_tree_high_naive_market,tokens_admitted,mechanism,94.801,NA,NA,NA,NA
exp6_sensitivity,baseline_tree_high_naive_market_cc,welfare,mechanism,5.809536082319852,NA,NA,NA,NA
exp6_sensitivity,baseline_tree_high_naive_market_cc,welfare_over_optimum,mechanism,0.0983122169834346,NA,NA,NA,NA
exp6_sensitivity,baseline_tree_high_naive_market_cc,tokens_admitted,mechanism,52.660000000000004,NA,NA,NA,NA
exp6_sensitivity,baseline_tree_high_naive_posted_price,welfare,mechanism,33.48948664854556,NA,NA,NA,NA
exp6_sensitivity,baseline_tree_high_naive_posted_price,welfare_over_optimum,mechanism,0.5959173185880656,NA,NA,NA,NA
exp6_sensitivity,baseline_tree_high_naive_posted_price,tokens_admitted,mechanism,88.497,NA,NA,NA,NA
exp6_sensitivity,calibrated_entangled_high_hybrid_noema_greedy_ev,welfare,mechanism,63.0910055221902,NA,NA,NA,NA
exp6_sensitivity,calibrated_entangled_high_hybrid_noema_greedy_ev,welfare_over_optimum,mechanism,0.9873522725067184,NA,NA,NA,NA
exp6_sensitivity,calibrated_entangled_high_hybrid_noema_greedy_ev,tokens_admitted,mechanism,84.085,NA,NA,NA,NA
exp6_sensitivity,calibrated_entangled_high_hybrid_noema_market,welfare,mechanism,57.13561040518317,NA,NA,NA,NA
exp6_sensitivity,calibrated_entangled_high_hybrid_noema_market,welfare_over_optimum,mechanism,0.9053276927221491,NA,NA,NA,NA
exp6_sensitivity,calibrated_entangled_high_hybrid_noema_market,tokens_admitted,mechanism,75.519,NA,NA,NA,NA
exp6_sensitivity,calibrated_entangled_high_hybrid_noema_market_cc,welfare,mechanism,44.464446642130156,NA,NA,NA,NA
exp6_sensitivity,calibrated_entangled_high_hybrid_noema_market_cc,welfare_over_optimum,mechanism,0.695261580735133,NA,NA,NA,NA
exp6_sensitivity,calibrated_entangled_high_hybrid_noema_market_cc,tokens_admitted,mechanism,59.898,NA,NA,NA,NA
exp6_sensitivity,calibrated_entangled_high_hybrid_noema_posted_price,welfare,mechanism,60.57693114825027,NA,NA,NA,NA
exp6_sensitivity,calibrated_entangled_high_hybrid_noema_posted_price,welfare_over_optimum,mechanism,0.9649559765653516,NA,NA,NA,NA
exp6_sensitivity,calibrated_entangled_high_hybrid_noema_posted_price,tokens_admitted,mechanism,74.14,NA,NA,NA,NA
exp6_sensitivity,calibrated_entangled_high_naive_greedy_ev,welfare,mechanism,59.376483015186665,NA,NA,NA,NA
exp6_sensitivity,calibrated_entangled_high_naive_greedy_ev,welfare_over_optimum,mechanism,0.9293407584044199,NA,NA,NA,NA
exp6_sensitivity,calibrated_entangled_high_naive_greedy_ev,tokens_admitted,mechanism,99.886,NA,NA,NA,NA
exp6_sensitivity,calibrated_entangled_high_naive_market,welfare,mechanism,58.75214434655281,NA,NA,NA,NA
exp6_sensitivity,calibrated_entangled_high_naive_market,welfare_over_optimum,mechanism,0.9232536774647693,NA,NA,NA,NA
exp6_sensitivity,calibrated_entangled_high_naive_market,tokens_admitted,mechanism,92.351,NA,NA,NA,NA
exp6_sensitivity,calibrated_entangled_high_naive_market_cc,welfare,mechanism,33.78565320629754,NA,NA,NA,NA
exp6_sensitivity,calibrated_entangled_high_naive_market_cc,welfare_over_optimum,mechanism,0.5238022312668477,NA,NA,NA,NA
exp6_sensitivity,calibrated_entangled_high_naive_market_cc,tokens_admitted,mechanism,54.51,NA,NA,NA,NA
exp6_sensitivity,calibrated_entangled_high_naive_posted_price,welfare,mechanism,59.729425016208666,NA,NA,NA,NA
exp6_sensitivity,calibrated_entangled_high_naive_posted_price,welfare_over_optimum,mechanism,0.9658804761559893,NA,NA,NA,NA
exp6_sensitivity,calibrated_entangled_high_naive_posted_price,tokens_admitted,mechanism,81.263,NA,NA,NA,NA
exp6_sensitivity,calibrated_sp_high_hybrid_noema_greedy_ev,welfare,mechanism,33.364960620909336,NA,NA,NA,NA
exp6_sensitivity,calibrated_sp_high_hybrid_noema_greedy_ev,welfare_over_optimum,mechanism,0.9790229762340185,NA,NA,NA,NA
exp6_sensitivity,calibrated_sp_high_hybrid_noema_greedy_ev,tokens_admitted,mechanism,49.972,NA,NA,NA,NA
exp6_sensitivity,calibrated_sp_high_hybrid_noema_market,welfare,mechanism,33.28461176349867,NA,NA,NA,NA
exp6_sensitivity,calibrated_sp_high_hybrid_noema_market,welfare_over_optimum,mechanism,0.9768825978597477,NA,NA,NA,NA
exp6_sensitivity,calibrated_sp_high_hybrid_noema_market,tokens_admitted,mechanism,49.478,NA,NA,NA,NA
exp6_sensitivity,calibrated_sp_high_hybrid_noema_market_cc,welfare,mechanism,18.54251658723611,NA,NA,NA,NA
exp6_sensitivity,calibrated_sp_high_hybrid_noema_market_cc,welfare_over_optimum,mechanism,0.5379986839087209,NA,NA,NA,NA
exp6_sensitivity,calibrated_sp_high_hybrid_noema_market_cc,tokens_admitted,mechanism,27.673000000000002,NA,NA,NA,NA
exp6_sensitivity,calibrated_sp_high_hybrid_noema_posted_price,welfare,mechanism,33.076621756359344,NA,NA,NA,NA
exp6_sensitivity,calibrated_sp_high_hybrid_noema_posted_price,welfare_over_optimum,mechanism,0.9786605777631513,NA,NA,NA,NA
exp6_sensitivity,calibrated_sp_high_hybrid_noema_posted_price,tokens_admitted,mechanism,47.103,NA,NA,NA,NA
exp6_sensitivity,calibrated_sp_high_naive_greedy_ev,welfare,mechanism,33.36706087690037,NA,NA,NA,NA
exp6_sensitivity,calibrated_sp_high_naive_greedy_ev,welfare_over_optimum,mechanism,0.9790743234194857,NA,NA,NA,NA
exp6_sensitivity,calibrated_sp_high_naive_greedy_ev,tokens_admitted,mechanism,49.972,NA,NA,NA,NA
exp6_sensitivity,calibrated_sp_high_naive_market,welfare,mechanism,26.504580384914245,NA,NA,NA,NA
exp6_sensitivity,calibrated_sp_high_naive_market,welfare_over_optimum,mechanism,0.7657051272068797,NA,NA,NA,NA
exp6_sensitivity,calibrated_sp_high_naive_market,tokens_admitted,mechanism,36.875,NA,NA,NA,NA
exp6_sensitivity,calibrated_sp_high_naive_market_cc,welfare,mechanism,18.26264971874957,NA,NA,NA,NA
exp6_sensitivity,calibrated_sp_high_naive_market_cc,welfare_over_optimum,mechanism,0.5343386510229605,NA,NA,NA,NA
exp6_sensitivity,calibrated_sp_high_naive_market_cc,tokens_admitted,mechanism,25.173,NA,NA,NA,NA
exp6_sensitivity,calibrated_sp_high_naive_posted_price,welfare,mechanism,13.50063415353921,NA,NA,NA,NA
exp6_sensitivity,calibrated_sp_high_naive_posted_price,welfare_over_optimum,mechanism,0.42289079868725526,NA,NA,NA,NA
exp6_sensitivity,calibrated_sp_high_naive_posted_price,tokens_admitted,mechanism,14.313,NA,NA,NA,NA
exp6_sensitivity,calibrated_tree_high_hybrid_noema_greedy_ev,welfare,mechanism,63.39080225196251,NA,NA,NA,NA
exp6_sensitivity,calibrated_tree_high_hybrid_noema_greedy_ev,welfare_over_optimum,mechanism,0.9678153367678084,NA,NA,NA,NA
exp6_sensitivity,calibrated_tree_high_hybrid_noema_greedy_ev,tokens_admitted,mechanism,84.085,NA,NA,NA,NA
exp6_sensitivity,calibrated_tree_high_hybrid_noema_market,welfare,mechanism,57.37083080525038,NA,NA,NA,NA
exp6_sensitivity,calibrated_tree_high_hybrid_noema_market,welfare_over_optimum,mechanism,0.8868289716332102,NA,NA,NA,NA
exp6_sensitivity,calibrated_tree_high_hybrid_noema_market,tokens_admitted,mechanism,75.519,NA,NA,NA,NA
exp6_sensitivity,calibrated_tree_high_hybrid_noema_market_cc,welfare,mechanism,44.617073869895705,NA,NA,NA,NA
exp6_sensitivity,calibrated_tree_high_hybrid_noema_market_cc,welfare_over_optimum,mechanism,0.6805974084753615,NA,NA,NA,NA
exp6_sensitivity,calibrated_tree_high_hybrid_noema_market_cc,tokens_admitted,mechanism,59.898,NA,NA,NA,NA
exp6_sensitivity,calibrated_tree_high_hybrid_noema_posted_price,welfare,mechanism,60.880211564456765,NA,NA,NA,NA
exp6_sensitivity,calibrated_tree_high_hybrid_noema_posted_price,welfare_over_optimum,mechanism,0.9461196272161628,NA,NA,NA,NA
exp6_sensitivity,calibrated_tree_high_hybrid_noema_posted_price,tokens_admitted,mechanism,74.14,NA,NA,NA,NA
exp6_sensitivity,calibrated_tree_high_naive_greedy_ev,welfare,mechanism,62.445426368954315,NA,NA,NA,NA
exp6_sensitivity,calibrated_tree_high_naive_greedy_ev,welfare_over_optimum,mechanism,0.9534020152224371,NA,NA,NA,NA
exp6_sensitivity,calibrated_tree_high_naive_greedy_ev,tokens_admitted,mechanism,99.966,NA,NA,NA,NA
exp6_sensitivity,calibrated_tree_high_naive_market,welfare,mechanism,61.737235587304255,NA,NA,NA,NA
exp6_sensitivity,calibrated_tree_high_naive_market,welfare_over_optimum,mechanism,0.9436311900754648,NA,NA,NA,NA
exp6_sensitivity,calibrated_tree_high_naive_market,tokens_admitted,mechanism,95.19200000000001,NA,NA,NA,NA
exp6_sensitivity,calibrated_tree_high_naive_market_cc,welfare,mechanism,34.69055057239129,NA,NA,NA,NA
exp6_sensitivity,calibrated_tree_high_naive_market_cc,welfare_over_optimum,mechanism,0.5245261616383017,NA,NA,NA,NA
exp6_sensitivity,calibrated_tree_high_naive_market_cc,tokens_admitted,mechanism,54.966,NA,NA,NA,NA
exp6_sensitivity,calibrated_tree_high_naive_posted_price,welfare,mechanism,62.11624759127896,NA,NA,NA,NA
exp6_sensitivity,calibrated_tree_high_naive_posted_price,welfare_over_optimum,mechanism,0.9684616857733344,NA,NA,NA,NA
exp6_sensitivity,calibrated_tree_high_naive_posted_price,tokens_admitted,mechanism,89.43299999999999,NA,NA,NA,NA
exp6_sensitivity,exec_clamp_0.95_entangled_high_hybrid_noema_greedy_ev,welfare,mechanism,52.80054726832782,NA,NA,NA,NA
exp6_sensitivity,exec_clamp_0.95_entangled_high_hybrid_noema_greedy_ev,welfare_over_optimum,mechanism,0.9615081862640846,NA,NA,NA,NA
exp6_sensitivity,exec_clamp_0.95_entangled_high_hybrid_noema_greedy_ev,tokens_admitted,mechanism,84.085,NA,NA,NA,NA
exp6_sensitivity,exec_clamp_0.95_entangled_high_hybrid_noema_market,welfare,mechanism,48.69334002582806,NA,NA,NA,NA
exp6_sensitivity,exec_clamp_0.95_entangled_high_hybrid_noema_market,welfare_over_optimum,mechanism,0.8975104475694275,NA,NA,NA,NA
exp6_sensitivity,exec_clamp_0.95_entangled_high_hybrid_noema_market,tokens_admitted,mechanism,75.519,NA,NA,NA,NA
exp6_sensitivity,exec_clamp_0.95_entangled_high_hybrid_noema_market_cc,welfare,mechanism,37.33340393403554,NA,NA,NA,NA
exp6_sensitivity,exec_clamp_0.95_entangled_high_hybrid_noema_market_cc,welfare_over_optimum,mechanism,0.6796151655350714,NA,NA,NA,NA
exp6_sensitivity,exec_clamp_0.95_entangled_high_hybrid_noema_market_cc,tokens_admitted,mechanism,58.336,NA,NA,NA,NA
exp6_sensitivity,exec_clamp_0.95_entangled_high_hybrid_noema_posted_price,welfare,mechanism,54.482924086277045,NA,NA,NA,NA
exp6_sensitivity,exec_clamp_0.95_entangled_high_hybrid_noema_posted_price,welfare_over_optimum,mechanism,1.0098163571495566,NA,NA,NA,NA
exp6_sensitivity,exec_clamp_0.95_entangled_high_hybrid_noema_posted_price,tokens_admitted,mechanism,74.14,NA,NA,NA,NA
exp6_sensitivity,exec_clamp_0.95_entangled_high_naive_greedy_ev,welfare,mechanism,34.76442819516806,NA,NA,NA,NA
exp6_sensitivity,exec_clamp_0.95_entangled_high_naive_greedy_ev,welfare_over_optimum,mechanism,0.6338391607971297,NA,NA,NA,NA
exp6_sensitivity,exec_clamp_0.95_entangled_high_naive_greedy_ev,tokens_admitted,mechanism,99.886,NA,NA,NA,NA
exp6_sensitivity,exec_clamp_0.95_entangled_high_naive_market,welfare,mechanism,39.148693255511766,NA,NA,NA,NA
exp6_sensitivity,exec_clamp_0.95_entangled_high_naive_market,welfare_over_optimum,mechanism,0.7126039213764344,NA,NA,NA,NA
exp6_sensitivity,exec_clamp_0.95_entangled_high_naive_market,tokens_admitted,mechanism,92.351,NA,NA,NA,NA
exp6_sensitivity,exec_clamp_0.95_entangled_high_naive_market_cc,welfare,mechanism,20.1881251896764,NA,NA,NA,NA
exp6_sensitivity,exec_clamp_0.95_entangled_high_naive_market_cc,welfare_over_optimum,mechanism,0.36671035495723936,NA,NA,NA,NA
exp6_sensitivity,exec_clamp_0.95_entangled_high_naive_market_cc,tokens_admitted,mechanism,52.101,NA,NA,NA,NA
exp6_sensitivity,exec_clamp_0.95_entangled_high_naive_posted_price,welfare,mechanism,48.25435515474355,NA,NA,NA,NA
exp6_sensitivity,exec_clamp_0.95_entangled_high_naive_posted_price,welfare_over_optimum,mechanism,0.9117412472680082,NA,NA,NA,NA
exp6_sensitivity,exec_clamp_0.95_entangled_high_naive_posted_price,tokens_admitted,mechanism,81.263,NA,NA,NA,NA
exp6_sensitivity,exec_clamp_0.95_sp_high_hybrid_noema_greedy_ev,welfare,mechanism,23.380424094954023,NA,NA,NA,NA
exp6_sensitivity,exec_clamp_0.95_sp_high_hybrid_noema_greedy_ev,welfare_over_optimum,mechanism,0.7775720420000138,NA,NA,NA,NA
exp6_sensitivity,exec_clamp_0.95_sp_high_hybrid_noema_greedy_ev,tokens_admitted,mechanism,49.972,NA,NA,NA,NA
exp6_sensitivity,exec_clamp_0.95_sp_high_hybrid_noema_market,welfare,mechanism,23.578317752202274,NA,NA,NA,NA
exp6_sensitivity,exec_clamp_0.95_sp_high_hybrid_noema_market,welfare_over_optimum,mechanism,0.7847437319508754,NA,NA,NA,NA
exp6_sensitivity,exec_clamp_0.95_sp_high_hybrid_noema_market,tokens_admitted,mechanism,49.478,NA,NA,NA,NA
exp6_sensitivity,exec_clamp_0.95_sp_high_hybrid_noema_market_cc,welfare,mechanism,12.40355191821393,NA,NA,NA,NA
exp6_sensitivity,exec_clamp_0.95_sp_high_hybrid_noema_market_cc,welfare_over_optimum,mechanism,0.40539485131150343,NA,NA,NA,NA
exp6_sensitivity,exec_clamp_0.95_sp_high_hybrid_noema_market_cc,tokens_admitted,mechanism,26.1,NA,NA,NA,NA
exp6_sensitivity,exec_clamp_0.95_sp_high_hybrid_noema_posted_price,welfare,mechanism,24.816059158591152,NA,NA,NA,NA
exp6_sensitivity,exec_clamp_0.95_sp_high_hybrid_noema_posted_price,welfare_over_optimum,mechanism,0.819579159576617,NA,NA,NA,NA
exp6_sensitivity,exec_clamp_0.95_sp_high_hybrid_noema_posted_price,tokens_admitted,mechanism,47.103,NA,NA,NA,NA
exp6_sensitivity,exec_clamp_0.95_sp_high_naive_greedy_ev,welfare,mechanism,23.381501775126,NA,NA,NA,NA
exp6_sensitivity,exec_clamp_0.95_sp_high_naive_greedy_ev,welfare_over_optimum,mechanism,0.7775990178028467,NA,NA,NA,NA
exp6_sensitivity,exec_clamp_0.95_sp_high_naive_greedy_ev,tokens_admitted,mechanism,49.972,NA,NA,NA,NA
exp6_sensitivity,exec_clamp_0.95_sp_high_naive_market,welfare,mechanism,20.73620371112925,NA,NA,NA,NA
exp6_sensitivity,exec_clamp_0.95_sp_high_naive_market,welfare_over_optimum,mechanism,0.674632290558029,NA,NA,NA,NA
exp6_sensitivity,exec_clamp_0.95_sp_high_naive_market,tokens_admitted,mechanism,36.875,NA,NA,NA,NA
exp6_sensitivity,exec_clamp_0.95_sp_high_naive_market_cc,welfare,mechanism,14.401416768391288,NA,NA,NA,NA
exp6_sensitivity,exec_clamp_0.95_sp_high_naive_market_cc,welfare_over_optimum,mechanism,0.47549366840274615,NA,NA,NA,NA
exp6_sensitivity,exec_clamp_0.95_sp_high_naive_market_cc,tokens_admitted,mechanism,24.839,NA,NA,NA,NA
exp6_sensitivity,exec_clamp_0.95_sp_high_naive_posted_price,welfare,mechanism,13.258496055244105,NA,NA,NA,NA
exp6_sensitivity,exec_clamp_0.95_sp_high_naive_posted_price,welfare_over_optimum,mechanism,0.4704846758017433,NA,NA,NA,NA
exp6_sensitivity,exec_clamp_0.95_sp_high_naive_posted_price,tokens_admitted,mechanism,14.313,NA,NA,NA,NA
exp6_sensitivity,exec_clamp_0.95_tree_high_hybrid_noema_greedy_ev,welfare,mechanism,53.48886929776668,NA,NA,NA,NA
exp6_sensitivity,exec_clamp_0.95_tree_high_hybrid_noema_greedy_ev,welfare_over_optimum,mechanism,0.9443929704615676,NA,NA,NA,NA
exp6_sensitivity,exec_clamp_0.95_tree_high_hybrid_noema_greedy_ev,tokens_admitted,mechanism,84.085,NA,NA,NA,NA
exp6_sensitivity,exec_clamp_0.95_tree_high_hybrid_noema_market,welfare,mechanism,49.23734847969639,NA,NA,NA,NA
exp6_sensitivity,exec_clamp_0.95_tree_high_hybrid_noema_market,welfare_over_optimum,mechanism,0.8798861512158327,NA,NA,NA,NA
exp6_sensitivity,exec_clamp_0.95_tree_high_hybrid_noema_market,tokens_admitted,mechanism,75.519,NA,NA,NA,NA
exp6_sensitivity,exec_clamp_0.95_tree_high_hybrid_noema_market_cc,welfare,mechanism,37.6705593893323,NA,NA,NA,NA
exp6_sensitivity,exec_clamp_0.95_tree_high_hybrid_noema_market_cc,welfare_over_optimum,mechanism,0.6647370057125367,NA,NA,NA,NA
exp6_sensitivity,exec_clamp_0.95_tree_high_hybrid_noema_market_cc,tokens_admitted,mechanism,58.336,NA,NA,NA,NA
exp6_sensitivity,exec_clamp_0.95_tree_high_hybrid_noema_posted_price,welfare,mechanism,55.2171440039651,NA,NA,NA,NA
exp6_sensitivity,exec_clamp_0.95_tree_high_hybrid_noema_posted_price,welfare_over_optimum,mechanism,0.9923306278078952,NA,NA,NA,NA
exp6_sensitivity,exec_clamp_0.95_tree_high_hybrid_noema_posted_price,tokens_admitted,mechanism,74.14,NA,NA,NA,NA
exp6_sensitivity,exec_clamp_0.95_tree_high_naive_greedy_ev,welfare,mechanism,39.596697505174326,NA,NA,NA,NA
exp6_sensitivity,exec_clamp_0.95_tree_high_naive_greedy_ev,welfare_over_optimum,mechanism,0.6997081604363903,NA,NA,NA,NA
exp6_sensitivity,exec_clamp_0.95_tree_high_naive_greedy_ev,tokens_admitted,mechanism,99.966,NA,NA,NA,NA
exp6_sensitivity,exec_clamp_0.95_tree_high_naive_market,welfare,mechanism,41.74445626000877,NA,NA,NA,NA
exp6_sensitivity,exec_clamp_0.95_tree_high_naive_market,welfare_over_optimum,mechanism,0.7343803277293237,NA,NA,NA,NA
exp6_sensitivity,exec_clamp_0.95_tree_high_naive_market,tokens_admitted,mechanism,95.19200000000001,NA,NA,NA,NA
exp6_sensitivity,exec_clamp_0.95_tree_high_naive_market_cc,welfare,mechanism,20.9604452417169,NA,NA,NA,NA
exp6_sensitivity,exec_clamp_0.95_tree_high_naive_market_cc,welfare_over_optimum,mechanism,0.3667420738517038,NA,NA,NA,NA
exp6_sensitivity,exec_clamp_0.95_tree_high_naive_market_cc,tokens_admitted,mechanism,52.141,NA,NA,NA,NA
exp6_sensitivity,exec_clamp_0.95_tree_high_naive_posted_price,welfare,mechanism,45.852107589961214,NA,NA,NA,NA
exp6_sensitivity,exec_clamp_0.95_tree_high_naive_posted_price,welfare_over_optimum,mechanism,0.8175966502767308,NA,NA,NA,NA
exp6_sensitivity,exec_clamp_0.95_tree_high_naive_posted_price,tokens_admitted,mechanism,89.43299999999999,NA,NA,NA,NA
exp6_sensitivity,exec_clamp_0.995_entangled_high_hybrid_noema_greedy_ev,welfare,mechanism,52.263574969075464,NA,NA,NA,NA
exp6_sensitivity,exec_clamp_0.995_entangled_high_hybrid_noema_greedy_ev,welfare_over_optimum,mechanism,0.949892187960213,NA,NA,NA,NA
exp6_sensitivity,exec_clamp_0.995_entangled_high_hybrid_noema_greedy_ev,tokens_admitted,mechanism,84.085,NA,NA,NA,NA
exp6_sensitivity,exec_clamp_0.995_entangled_high_hybrid_noema_market,welfare,mechanism,48.24481252970649,NA,NA,NA,NA
exp6_sensitivity,exec_clamp_0.995_entangled_high_hybrid_noema_market,welfare_over_optimum,mechanism,0.887698395744709,NA,NA,NA,NA
exp6_sensitivity,exec_clamp_0.995_entangled_high_hybrid_noema_market,tokens_admitted,mechanism,75.309,NA,NA,NA,NA
exp6_sensitivity,exec_clamp_0.995_entangled_high_hybrid_noema_market_cc,welfare,mechanism,36.952708897472604,NA,NA,NA,NA
exp6_sensitivity,exec_clamp_0.995_entangled_high_hybrid_noema_market_cc,welfare_over_optimum,mechanism,0.6715722778820059,NA,NA,NA,NA
exp6_sensitivity,exec_clamp_0.995_entangled_high_hybrid_noema_market_cc,tokens_admitted,mechanism,58.192,NA,NA,NA,NA
exp6_sensitivity,exec_clamp_0.995_entangled_high_hybrid_noema_posted_price,welfare,mechanism,54.482924086277045,NA,NA,NA,NA
exp6_sensitivity,exec_clamp_0.995_entangled_high_hybrid_noema_posted_price,welfare_over_optimum,mechanism,1.0098163571495566,NA,NA,NA,NA
exp6_sensitivity,exec_clamp_0.995_entangled_high_hybrid_noema_posted_price,tokens_admitted,mechanism,74.14,NA,NA,NA,NA
exp6_sensitivity,exec_clamp_0.995_entangled_high_naive_greedy_ev,welfare,mechanism,0.5471985434450711,NA,NA,NA,NA
exp6_sensitivity,exec_clamp_0.995_entangled_high_naive_greedy_ev,welfare_over_optimum,mechanism,0.009674563417375019,NA,NA,NA,NA
exp6_sensitivity,exec_clamp_0.995_entangled_high_naive_greedy_ev,tokens_admitted,mechanism,99.906,NA,NA,NA,NA
exp6_sensitivity,exec_clamp_0.995_entangled_high_naive_market,welfare,mechanism,16.957891944124924,NA,NA,NA,NA
exp6_sensitivity,exec_clamp_0.995_entangled_high_naive_market,welfare_over_optimum,mechanism,0.2876612544999494,NA,NA,NA,NA
exp6_sensitivity,exec_clamp_0.995_entangled_high_naive_market,tokens_admitted,mechanism,85.81400000000001,NA,NA,NA,NA
exp6_sensitivity,exec_clamp_0.995_entangled_high_naive_market_cc,welfare,mechanism,9.435683043713295,NA,NA,NA,NA
exp6_sensitivity,exec_clamp_0.995_entangled_high_naive_market_cc,welfare_over_optimum,mechanism,0.1778487200941459,NA,NA,NA,NA
exp6_sensitivity,exec_clamp_0.995_entangled_high_naive_market_cc,tokens_admitted,mechanism,52.886,NA,NA,NA,NA
exp6_sensitivity,exec_clamp_0.995_entangled_high_naive_posted_price,welfare,mechanism,26.020619884968514,NA,NA,NA,NA
exp6_sensitivity,exec_clamp_0.995_entangled_high_naive_posted_price,welfare_over_optimum,mechanism,0.55456172711448,NA,NA,NA,NA
exp6_sensitivity,exec_clamp_0.995_entangled_high_naive_posted_price,tokens_admitted,mechanism,64.032,NA,NA,NA,NA
exp6_sensitivity,exec_clamp_0.995_sp_high_hybrid_noema_greedy_ev,welfare,mechanism,0.4694498437186013,NA,NA,NA,NA
exp6_sensitivity,exec_clamp_0.995_sp_high_hybrid_noema_greedy_ev,welfare_over_optimum,mechanism,0.014703181513757218,NA,NA,NA,NA
exp6_sensitivity,exec_clamp_0.995_sp_high_hybrid_noema_greedy_ev,tokens_admitted,mechanism,49.972,NA,NA,NA,NA
exp6_sensitivity,exec_clamp_0.995_sp_high_hybrid_noema_market,welfare,mechanism,6.438686529759618,NA,NA,NA,NA
exp6_sensitivity,exec_clamp_0.995_sp_high_hybrid_noema_market,welfare_over_optimum,mechanism,0.21356357060734568,NA,NA,NA,NA
exp6_sensitivity,exec_clamp_0.995_sp_high_hybrid_noema_market,tokens_admitted,mechanism,48.77,NA,NA,NA,NA
exp6_sensitivity,exec_clamp_0.995_sp_high_hybrid_noema_market_cc,welfare,mechanism,2.632143411151849,NA,NA,NA,NA
exp6_sensitivity,exec_clamp_0.995_sp_high_hybrid_noema_market_cc,welfare_over_optimum,mechanism,0.0871117079522969,NA,NA,NA,NA
exp6_sensitivity,exec_clamp_0.995_sp_high_hybrid_noema_market_cc,tokens_admitted,mechanism,26.345,NA,NA,NA,NA
exp6_sensitivity,exec_clamp_0.995_sp_high_hybrid_noema_posted_price,welfare,mechanism,17.147573705110972,NA,NA,NA,NA
exp6_sensitivity,exec_clamp_0.995_sp_high_hybrid_noema_posted_price,welfare_over_optimum,mechanism,0.5662932678546735,NA,NA,NA,NA
exp6_sensitivity,exec_clamp_0.995_sp_high_hybrid_noema_posted_price,tokens_admitted,mechanism,44.156,NA,NA,NA,NA
exp6_sensitivity,exec_clamp_0.995_sp_high_naive_greedy_ev,welfare,mechanism,0.46900984748999464,NA,NA,NA,NA
exp6_sensitivity,exec_clamp_0.995_sp_high_naive_greedy_ev,welfare_over_optimum,mechanism,0.014686327040341816,NA,NA,NA,NA
exp6_sensitivity,exec_clamp_0.995_sp_high_naive_greedy_ev,tokens_admitted,mechanism,49.972,NA,NA,NA,NA
exp6_sensitivity,exec_clamp_0.995_sp_high_naive_market,welfare,mechanism,14.380159136148709,NA,NA,NA,NA
exp6_sensitivity,exec_clamp_0.995_sp_high_naive_market,welfare_over_optimum,mechanism,0.45528912949157624,NA,NA,NA,NA
exp6_sensitivity,exec_clamp_0.995_sp_high_naive_market,tokens_admitted,mechanism,38.975,NA,NA,NA,NA
exp6_sensitivity,exec_clamp_0.995_sp_high_naive_market_cc,welfare,mechanism,7.864401286781094,NA,NA,NA,NA
exp6_sensitivity,exec_clamp_0.995_sp_high_naive_market_cc,welfare_over_optimum,mechanism,0.25250504843444094,NA,NA,NA,NA
exp6_sensitivity,exec_clamp_0.995_sp_high_naive_market_cc,tokens_admitted,mechanism,24.155,NA,NA,NA,NA
exp6_sensitivity,exec_clamp_0.995_sp_high_naive_posted_price,welfare,mechanism,13.258496055244105,NA,NA,NA,NA
exp6_sensitivity,exec_clamp_0.995_sp_high_naive_posted_price,welfare_over_optimum,mechanism,0.4704846758017433,NA,NA,NA,NA
exp6_sensitivity,exec_clamp_0.995_sp_high_naive_posted_price,tokens_admitted,mechanism,14.313,NA,NA,NA,NA
exp6_sensitivity,exec_clamp_0.995_tree_high_hybrid_noema_greedy_ev,welfare,mechanism,52.94233499707218,NA,NA,NA,NA
exp6_sensitivity,exec_clamp_0.995_tree_high_hybrid_noema_greedy_ev,welfare_over_optimum,mechanism,0.9329231881923653,NA,NA,NA,NA
exp6_sensitivity,exec_clamp_0.995_tree_high_hybrid_noema_greedy_ev,tokens_admitted,mechanism,84.085,NA,NA,NA,NA
exp6_sensitivity,exec_clamp_0.995_tree_high_hybrid_noema_market,welfare,mechanism,48.77981361447649,NA,NA,NA,NA
exp6_sensitivity,exec_clamp_0.995_tree_high_hybrid_noema_market,welfare_over_optimum,mechanism,0.8701694615618876,NA,NA,NA,NA
exp6_sensitivity,exec_clamp_0.995_tree_high_hybrid_noema_market,tokens_admitted,mechanism,75.309,NA,NA,NA,NA
exp6_sensitivity,exec_clamp_0.995_tree_high_hybrid_noema_market_cc,welfare,mechanism,37.2984602458477,NA,NA,NA,NA
exp6_sensitivity,exec_clamp_0.995_tree_high_hybrid_noema_market_cc,welfare_over_optimum,mechanism,0.6571306657276843,NA,NA,NA,NA
exp6_sensitivity,exec_clamp_0.995_tree_high_hybrid_noema_market_cc,tokens_admitted,mechanism,58.192,NA,NA,NA,NA
exp6_sensitivity,exec_clamp_0.995_tree_high_hybrid_noema_posted_price,welfare,mechanism,55.2171440039651,NA,NA,NA,NA
exp6_sensitivity,exec_clamp_0.995_tree_high_hybrid_noema_posted_price,welfare_over_optimum,mechanism,0.9923306278078952,NA,NA,NA,NA
exp6_sensitivity,exec_clamp_0.995_tree_high_hybrid_noema_posted_price,tokens_admitted,mechanism,74.14,NA,NA,NA,NA
exp6_sensitivity,exec_clamp_0.995_tree_high_naive_greedy_ev,welfare,mechanism,0.5467689191068897,NA,NA,NA,NA
exp6_sensitivity,exec_clamp_0.995_tree_high_naive_greedy_ev,welfare_over_optimum,mechanism,0.009407864077240535,NA,NA,NA,NA
exp6_sensitivity,exec_clamp_0.995_tree_high_naive_greedy_ev,tokens_admitted,mechanism,99.966,NA,NA,NA,NA
exp6_sensitivity,exec_clamp_0.995_tree_high_naive_market,welfare,mechanism,17.47426777655787,NA,NA,NA,NA
exp6_sensitivity,exec_clamp_0.995_tree_high_naive_market,welfare_over_optimum,mechanism,0.30178428666046314,NA,NA,NA,NA
exp6_sensitivity,exec_clamp_0.995_tree_high_naive_market,tokens_admitted,mechanism,88.238,NA,NA,NA,NA
exp6_sensitivity,exec_clamp_0.995_tree_high_naive_market_cc,welfare,mechanism,6.487115327969227,NA,NA,NA,NA
exp6_sensitivity,exec_clamp_0.995_tree_high_naive_market_cc,welfare_over_optimum,mechanism,0.12249049322703066,NA,NA,NA,NA
exp6_sensitivity,exec_clamp_0.995_tree_high_naive_market_cc,tokens_admitted,mechanism,52.265,NA,NA,NA,NA
exp6_sensitivity,exec_clamp_0.995_tree_high_naive_posted_price,welfare,mechanism,36.178808498186534,NA,NA,NA,NA
exp6_sensitivity,exec_clamp_0.995_tree_high_naive_posted_price,welfare_over_optimum,mechanism,0.7157982542751923,NA,NA,NA,NA
exp6_sensitivity,exec_clamp_0.995_tree_high_naive_posted_price,tokens_admitted,mechanism,81.467,NA,NA,NA,NA
exp6_sensitivity,lambda_l_0.0025_entangled_high_hybrid_noema_greedy_ev,welfare,mechanism,106.49829691007177,NA,NA,NA,NA
exp6_sensitivity,lambda_l_0.0025_entangled_high_hybrid_noema_greedy_ev,welfare_over_optimum,mechanism,0.9727377402231254,NA,NA,NA,NA
exp6_sensitivity,lambda_l_0.0025_entangled_high_hybrid_noema_greedy_ev,tokens_admitted,mechanism,84.085,NA,NA,NA,NA
exp6_sensitivity,lambda_l_0.0025_entangled_high_hybrid_noema_market,welfare,mechanism,106.43035908470927,NA,NA,NA,NA
exp6_sensitivity,lambda_l_0.0025_entangled_high_hybrid_noema_market,welfare_over_optimum,mechanism,0.9726806443276312,NA,NA,NA,NA
exp6_sensitivity,lambda_l_0.0025_entangled_high_hybrid_noema_market,tokens_admitted,mechanism,83.768,NA,NA,NA,NA
exp6_sensitivity,lambda_l_0.0025_entangled_high_hybrid_noema_market_cc,welfare,mechanism,75.77998589810787,NA,NA,NA,NA
exp6_sensitivity,lambda_l_0.0025_entangled_high_hybrid_noema_market_cc,welfare_over_optimum,mechanism,0.6928490475158066,NA,NA,NA,NA
exp6_sensitivity,lambda_l_0.0025_entangled_high_hybrid_noema_market_cc,tokens_admitted,mechanism,60.751,NA,NA,NA,NA
exp6_sensitivity,lambda_l_0.0025_entangled_high_hybrid_noema_posted_price,welfare,mechanism,106.51899290254572,NA,NA,NA,NA
exp6_sensitivity,lambda_l_0.0025_entangled_high_hybrid_noema_posted_price,welfare_over_optimum,mechanism,0.9727379858789825,NA,NA,NA,NA
exp6_sensitivity,lambda_l_0.0025_entangled_high_hybrid_noema_posted_price,tokens_admitted,mechanism,84.075,NA,NA,NA,NA
exp6_sensitivity,lambda_l_0.0025_entangled_high_naive_greedy_ev,welfare,mechanism,48.412316078376314,NA,NA,NA,NA
exp6_sensitivity,lambda_l_0.0025_entangled_high_naive_greedy_ev,welfare_over_optimum,mechanism,0.4413860775563032,NA,NA,NA,NA
exp6_sensitivity,lambda_l_0.0025_entangled_high_naive_greedy_ev,tokens_admitted,mechanism,99.879,NA,NA,NA,NA
exp6_sensitivity,lambda_l_0.0025_entangled_high_naive_market,welfare,mechanism,59.28553933723158,NA,NA,NA,NA
exp6_sensitivity,lambda_l_0.0025_entangled_high_naive_market,welfare_over_optimum,mechanism,0.5394119839130402,NA,NA,NA,NA
exp6_sensitivity,lambda_l_0.0025_entangled_high_naive_market,tokens_admitted,mechanism,99.207,NA,NA,NA,NA
exp6_sensitivity,lambda_l_0.0025_entangled_high_naive_market_cc,welfare,mechanism,34.494085571687904,NA,NA,NA,NA
exp6_sensitivity,lambda_l_0.0025_entangled_high_naive_market_cc,welfare_over_optimum,mechanism,0.3130552943711174,NA,NA,NA,NA
exp6_sensitivity,lambda_l_0.0025_entangled_high_naive_market_cc,tokens_admitted,mechanism,52.212,NA,NA,NA,NA
exp6_sensitivity,lambda_l_0.0025_entangled_high_naive_posted_price,welfare,mechanism,48.43692677698169,NA,NA,NA,NA
exp6_sensitivity,lambda_l_0.0025_entangled_high_naive_posted_price,welfare_over_optimum,mechanism,0.4413808734673828,NA,NA,NA,NA
exp6_sensitivity,lambda_l_0.0025_entangled_high_naive_posted_price,tokens_admitted,mechanism,99.877,NA,NA,NA,NA
exp6_sensitivity,lambda_l_0.0025_sp_high_hybrid_noema_greedy_ev,welfare,mechanism,34.6065130574126,NA,NA,NA,NA
exp6_sensitivity,lambda_l_0.0025_sp_high_hybrid_noema_greedy_ev,welfare_over_optimum,mechanism,0.5954294512226838,NA,NA,NA,NA
exp6_sensitivity,lambda_l_0.0025_sp_high_hybrid_noema_greedy_ev,tokens_admitted,mechanism,49.972,NA,NA,NA,NA
exp6_sensitivity,lambda_l_0.0025_sp_high_hybrid_noema_market,welfare,mechanism,36.208984133604226,NA,NA,NA,NA
exp6_sensitivity,lambda_l_0.0025_sp_high_hybrid_noema_market,welfare_over_optimum,mechanism,0.6242489418415607,NA,NA,NA,NA
exp6_sensitivity,lambda_l_0.0025_sp_high_hybrid_noema_market,tokens_admitted,mechanism,49.828,NA,NA,NA,NA
exp6_sensitivity,lambda_l_0.0025_sp_high_hybrid_noema_market_cc,welfare,mechanism,19.013120019855197,NA,NA,NA,NA
exp6_sensitivity,lambda_l_0.0025_sp_high_hybrid_noema_market_cc,welfare_over_optimum,mechanism,0.32496117645744527,NA,NA,NA,NA
exp6_sensitivity,lambda_l_0.0025_sp_high_hybrid_noema_market_cc,tokens_admitted,mechanism,26.371,NA,NA,NA,NA
exp6_sensitivity,lambda_l_0.0025_sp_high_hybrid_noema_posted_price,welfare,mechanism,34.6065130574126,NA,NA,NA,NA
exp6_sensitivity,lambda_l_0.0025_sp_high_hybrid_noema_posted_price,welfare_over_optimum,mechanism,0.5954294512226838,NA,NA,NA,NA
exp6_sensitivity,lambda_l_0.0025_sp_high_hybrid_noema_posted_price,tokens_admitted,mechanism,49.972,NA,NA,NA,NA
exp6_sensitivity,lambda_l_0.0025_sp_high_naive_greedy_ev,welfare,mechanism,34.6066587460611,NA,NA,NA,NA
exp6_sensitivity,lambda_l_0.0025_sp_high_naive_greedy_ev,welfare_over_optimum,mechanism,0.5954308797791734,NA,NA,NA,NA
exp6_sensitivity,lambda_l_0.0025_sp_high_naive_greedy_ev,tokens_admitted,mechanism,49.972,NA,NA,NA,NA
exp6_sensitivity,lambda_l_0.0025_sp_high_naive_market,welfare,mechanism,40.81682357647516,NA,NA,NA,NA
exp6_sensitivity,lambda_l_0.0025_sp_high_naive_market,welfare_over_optimum,mechanism,0.7011342483416074,NA,NA,NA,NA
exp6_sensitivity,lambda_l_0.0025_sp_high_naive_market,tokens_admitted,mechanism,46.379,NA,NA,NA,NA
exp6_sensitivity,lambda_l_0.0025_sp_high_naive_market_cc,welfare,mechanism,22.9756558148879,NA,NA,NA,NA
exp6_sensitivity,lambda_l_0.0025_sp_high_naive_market_cc,welfare_over_optimum,mechanism,0.4042106965983003,NA,NA,NA,NA
exp6_sensitivity,lambda_l_0.0025_sp_high_naive_market_cc,tokens_admitted,mechanism,28.019000000000002,NA,NA,NA,NA
exp6_sensitivity,lambda_l_0.0025_sp_high_naive_posted_price,welfare,mechanism,36.07588827115259,NA,NA,NA,NA
exp6_sensitivity,lambda_l_0.0025_sp_high_naive_posted_price,welfare_over_optimum,mechanism,0.6072767020149978,NA,NA,NA,NA
exp6_sensitivity,lambda_l_0.0025_sp_high_naive_posted_price,tokens_admitted,mechanism,49.39,NA,NA,NA,NA
exp6_sensitivity,lambda_l_0.0025_tree_high_hybrid_noema_greedy_ev,welfare,mechanism,106.85388593975182,NA,NA,NA,NA
exp6_sensitivity,lambda_l_0.0025_tree_high_hybrid_noema_greedy_ev,welfare_over_optimum,mechanism,0.9530323734269497,NA,NA,NA,NA
exp6_sensitivity,lambda_l_0.0025_tree_high_hybrid_noema_greedy_ev,tokens_admitted,mechanism,84.085,NA,NA,NA,NA
exp6_sensitivity,lambda_l_0.0025_tree_high_hybrid_noema_market,welfare,mechanism,106.77803051060418,NA,NA,NA,NA
exp6_sensitivity,lambda_l_0.0025_tree_high_hybrid_noema_market,welfare_over_optimum,mechanism,0.9529084063245178,NA,NA,NA,NA
exp6_sensitivity,lambda_l_0.0025_tree_high_hybrid_noema_market,tokens_admitted,mechanism,83.768,NA,NA,NA,NA
exp6_sensitivity,lambda_l_0.0025_tree_high_hybrid_noema_market_cc,welfare,mechanism,75.96705978382144,NA,NA,NA,NA
exp6_sensitivity,lambda_l_0.0025_tree_high_hybrid_noema_market_cc,welfare_over_optimum,mechanism,0.6782030957909255,NA,NA,NA,NA
exp6_sensitivity,lambda_l_0.0025_tree_high_hybrid_noema_market_cc,tokens_admitted,mechanism,60.751,NA,NA,NA,NA
exp6_sensitivity,lambda_l_0.0025_tree_high_hybrid_noema_posted_price,welfare,mechanism,106.87460882172806,NA,NA,NA,NA
exp6_sensitivity,lambda_l_0.0025_tree_high_hybrid_noema_posted_price,welfare_over_optimum,mechanism,0.9530326334475966,NA,NA,NA,NA
exp6_sensitivity,lambda_l_0.0025_tree_high_hybrid_noema_posted_price,tokens_admitted,mechanism,84.075,NA,NA,NA,NA
exp6_sensitivity,lambda_l_0.0025_tree_high_naive_greedy_ev,welfare,mechanism,57.17960693591329,NA,NA,NA,NA
exp6_sensitivity,lambda_l_0.0025_tree_high_naive_greedy_ev,welfare_over_optimum,mechanism,0.5093492379556768,NA,NA,NA,NA
exp6_sensitivity,lambda_l_0.0025_tree_high_naive_greedy_ev,tokens_admitted,mechanism,99.966,NA,NA,NA,NA
exp6_sensitivity,lambda_l_0.0025_tree_high_naive_market,welfare,mechanism,61.555386219041594,NA,NA,NA,NA
exp6_sensitivity,lambda_l_0.0025_tree_high_naive_market,welfare_over_optimum,mechanism,0.5441041376584718,NA,NA,NA,NA
exp6_sensitivity,lambda_l_0.0025_tree_high_naive_market,tokens_admitted,mechanism,99.493,NA,NA,NA,NA
exp6_sensitivity,lambda_l_0.0025_tree_high_naive_market_cc,welfare,mechanism,34.610736144373845,NA,NA,NA,NA
exp6_sensitivity,lambda_l_0.0025_tree_high_naive_market_cc,welfare_over_optimum,mechanism,0.30787404447590977,NA,NA,NA,NA
exp6_sensitivity,lambda_l_0.0025_tree_high_naive_market_cc,tokens_admitted,mechanism,51.704,NA,NA,NA,NA
exp6_sensitivity,lambda_l_0.0025_tree_high_naive_posted_price,welfare,mechanism,57.17960693591329,NA,NA,NA,NA
exp6_sensitivity,lambda_l_0.0025_tree_high_naive_posted_price,welfare_over_optimum,mechanism,0.5093492379556768,NA,NA,NA,NA
exp6_sensitivity,lambda_l_0.0025_tree_high_naive_posted_price,tokens_admitted,mechanism,99.966,NA,NA,NA,NA
exp6_sensitivity,lambda_l_0.005_entangled_high_hybrid_noema_greedy_ev,welfare,mechanism,82.73352336124579,NA,NA,NA,NA
exp6_sensitivity,lambda_l_0.005_entangled_high_hybrid_noema_greedy_ev,welfare_over_optimum,mechanism,0.9753769281490071,NA,NA,NA,NA
exp6_sensitivity,lambda_l_0.005_entangled_high_hybrid_noema_greedy_ev,tokens_admitted,mechanism,84.085,NA,NA,NA,NA
exp6_sensitivity,lambda_l_0.005_entangled_high_hybrid_noema_market,welfare,mechanism,82.60837013200752,NA,NA,NA,NA
exp6_sensitivity,lambda_l_0.005_entangled_high_hybrid_noema_market,welfare_over_optimum,mechanism,0.9749007389536594,NA,NA,NA,NA
exp6_sensitivity,lambda_l_0.005_entangled_high_hybrid_noema_market,tokens_admitted,mechanism,83.26599999999999,NA,NA,NA,NA
exp6_sensitivity,lambda_l_0.005_entangled_high_hybrid_noema_market_cc,welfare,mechanism,59.01722631927179,NA,NA,NA,NA
exp6_sensitivity,lambda_l_0.005_entangled_high_hybrid_noema_market_cc,welfare_over_optimum,mechanism,0.6961414736916931,NA,NA,NA,NA
exp6_sensitivity,lambda_l_0.005_entangled_high_hybrid_noema_market_cc,tokens_admitted,mechanism,60.392,NA,NA,NA,NA
exp6_sensitivity,lambda_l_0.005_entangled_high_hybrid_noema_posted_price,welfare,mechanism,82.79676740842817,NA,NA,NA,NA
exp6_sensitivity,lambda_l_0.005_entangled_high_hybrid_noema_posted_price,welfare_over_optimum,mechanism,0.9753768927025827,NA,NA,NA,NA
exp6_sensitivity,lambda_l_0.005_entangled_high_hybrid_noema_posted_price,tokens_admitted,mechanism,83.935,NA,NA,NA,NA
exp6_sensitivity,lambda_l_0.005_entangled_high_naive_greedy_ev,welfare,mechanism,18.419771101172675,NA,NA,NA,NA
exp6_sensitivity,lambda_l_0.005_entangled_high_naive_greedy_ev,welfare_over_optimum,mechanism,0.21671650608555534,NA,NA,NA,NA
exp6_sensitivity,lambda_l_0.005_entangled_high_naive_greedy_ev,tokens_admitted,mechanism,99.884,NA,NA,NA,NA
exp6_sensitivity,lambda_l_0.005_entangled_high_naive_market,welfare,mechanism,30.151604022707467,NA,NA,NA,NA
exp6_sensitivity,lambda_l_0.005_entangled_high_naive_market,welfare_over_optimum,mechanism,0.3473647483311413,NA,NA,NA,NA
exp6_sensitivity,lambda_l_0.005_entangled_high_naive_market,tokens_admitted,mechanism,98.265,NA,NA,NA,NA
exp6_sensitivity,lambda_l_0.005_entangled_high_naive_market_cc,welfare,mechanism,15.499282404540718,NA,NA,NA,NA
exp6_sensitivity,lambda_l_0.005_entangled_high_naive_market_cc,welfare_over_optimum,mechanism,0.18449017303702422,NA,NA,NA,NA
exp6_sensitivity,lambda_l_0.005_entangled_high_naive_market_cc,tokens_admitted,mechanism,52.635999999999996,NA,NA,NA,NA
exp6_sensitivity,lambda_l_0.005_entangled_high_naive_posted_price,welfare,mechanism,19.96944735972644,NA,NA,NA,NA
exp6_sensitivity,lambda_l_0.005_entangled_high_naive_posted_price,welfare_over_optimum,mechanism,0.22506126538729815,NA,NA,NA,NA
exp6_sensitivity,lambda_l_0.005_entangled_high_naive_posted_price,tokens_admitted,mechanism,99.635,NA,NA,NA,NA
exp6_sensitivity,lambda_l_0.005_sp_high_hybrid_noema_greedy_ev,welfare,mechanism,14.95267186658085,NA,NA,NA,NA
exp6_sensitivity,lambda_l_0.005_sp_high_hybrid_noema_greedy_ev,welfare_over_optimum,mechanism,0.32745988113100094,NA,NA,NA,NA
exp6_sensitivity,lambda_l_0.005_sp_high_hybrid_noema_greedy_ev,tokens_admitted,mechanism,49.972,NA,NA,NA,NA
exp6_sensitivity,lambda_l_0.005_sp_high_hybrid_noema_market,welfare,mechanism,17.188067804884902,NA,NA,NA,NA
exp6_sensitivity,lambda_l_0.005_sp_high_hybrid_noema_market,welfare_over_optimum,mechanism,0.37760973986518676,NA,NA,NA,NA
exp6_sensitivity,lambda_l_0.005_sp_high_hybrid_noema_market,tokens_admitted,mechanism,49.772,NA,NA,NA,NA
exp6_sensitivity,lambda_l_0.005_sp_high_hybrid_noema_market_cc,welfare,mechanism,9.868681986454792,NA,NA,NA,NA
exp6_sensitivity,lambda_l_0.005_sp_high_hybrid_noema_market_cc,welfare_over_optimum,mechanism,0.21597449868583632,NA,NA,NA,NA
exp6_sensitivity,lambda_l_0.005_sp_high_hybrid_noema_market_cc,tokens_admitted,mechanism,27.269,NA,NA,NA,NA
exp6_sensitivity,lambda_l_0.005_sp_high_hybrid_noema_posted_price,welfare,mechanism,14.95267186658085,NA,NA,NA,NA
exp6_sensitivity,lambda_l_0.005_sp_high_hybrid_noema_posted_price,welfare_over_optimum,mechanism,0.32745988113100094,NA,NA,NA,NA
exp6_sensitivity,lambda_l_0.005_sp_high_hybrid_noema_posted_price,tokens_admitted,mechanism,49.972,NA,NA,NA,NA
exp6_sensitivity,lambda_l_0.005_sp_high_naive_greedy_ev,welfare,mechanism,14.952949380292537,NA,NA,NA,NA
exp6_sensitivity,lambda_l_0.005_sp_high_naive_greedy_ev,welfare_over_optimum,mechanism,0.3274643545846241,NA,NA,NA,NA
exp6_sensitivity,lambda_l_0.005_sp_high_naive_greedy_ev,tokens_admitted,mechanism,49.972,NA,NA,NA,NA
exp6_sensitivity,lambda_l_0.005_sp_high_naive_market,welfare,mechanism,23.424328627826675,NA,NA,NA,NA
exp6_sensitivity,lambda_l_0.005_sp_high_naive_market,welfare_over_optimum,mechanism,0.5122395342696943,NA,NA,NA,NA
exp6_sensitivity,lambda_l_0.005_sp_high_naive_market,tokens_admitted,mechanism,42.698,NA,NA,NA,NA
exp6_sensitivity,lambda_l_0.005_sp_high_naive_market_cc,welfare,mechanism,10.68098268181729,NA,NA,NA,NA
exp6_sensitivity,lambda_l_0.005_sp_high_naive_market_cc,welfare_over_optimum,mechanism,0.23055604689541415,NA,NA,NA,NA
exp6_sensitivity,lambda_l_0.005_sp_high_naive_market_cc,tokens_admitted,mechanism,26.019000000000002,NA,NA,NA,NA
exp6_sensitivity,lambda_l_0.005_sp_high_naive_posted_price,welfare,mechanism,36.116620901475635,NA,NA,NA,NA
exp6_sensitivity,lambda_l_0.005_sp_high_naive_posted_price,welfare_over_optimum,mechanism,0.8043819926294244,NA,NA,NA,NA
exp6_sensitivity,lambda_l_0.005_sp_high_naive_posted_price,tokens_admitted,mechanism,41.395,NA,NA,NA,NA
exp6_sensitivity,lambda_l_0.005_tree_high_hybrid_noema_greedy_ev,welfare,mechanism,83.28928491679885,NA,NA,NA,NA
exp6_sensitivity,lambda_l_0.005_tree_high_hybrid_noema_greedy_ev,welfare_over_optimum,mechanism,0.9559524084810135,NA,NA,NA,NA
exp6_sensitivity,lambda_l_0.005_tree_high_hybrid_noema_greedy_ev,tokens_admitted,mechanism,84.085,NA,NA,NA,NA
exp6_sensitivity,lambda_l_0.005_tree_high_hybrid_noema_market,welfare,mechanism,83.13944848389565,NA,NA,NA,NA
exp6_sensitivity,lambda_l_0.005_tree_high_hybrid_noema_market,welfare_over_optimum,mechanism,0.9552289294799294,NA,NA,NA,NA
exp6_sensitivity,lambda_l_0.005_tree_high_hybrid_noema_market,tokens_admitted,mechanism,83.26599999999999,NA,NA,NA,NA
exp6_sensitivity,lambda_l_0.005_tree_high_hybrid_noema_market_cc,welfare,mechanism,59.30073012657868,NA,NA,NA,NA
exp6_sensitivity,lambda_l_0.005_tree_high_hybrid_noema_market_cc,welfare_over_optimum,mechanism,0.6809490325680086,NA,NA,NA,NA
exp6_sensitivity,lambda_l_0.005_tree_high_hybrid_noema_market_cc,tokens_admitted,mechanism,60.392,NA,NA,NA,NA
exp6_sensitivity,lambda_l_0.005_tree_high_hybrid_noema_posted_price,welfare,mechanism,83.3531335393289,NA,NA,NA,NA
exp6_sensitivity,lambda_l_0.005_tree_high_hybrid_noema_posted_price,welfare_over_optimum,mechanism,0.9559525980645048,NA,NA,NA,NA
exp6_sensitivity,lambda_l_0.005_tree_high_hybrid_noema_posted_price,tokens_admitted,mechanism,83.935,NA,NA,NA,NA
exp6_sensitivity,lambda_l_0.005_tree_high_naive_greedy_ev,welfare,mechanism,23.290652972421494,NA,NA,NA,NA
exp6_sensitivity,lambda_l_0.005_tree_high_naive_greedy_ev,welfare_over_optimum,mechanism,0.26741910614409437,NA,NA,NA,NA
exp6_sensitivity,lambda_l_0.005_tree_high_naive_greedy_ev,tokens_admitted,mechanism,99.966,NA,NA,NA,NA
exp6_sensitivity,lambda_l_0.005_tree_high_naive_market,welfare,mechanism,30.145084737860223,NA,NA,NA,NA
exp6_sensitivity,lambda_l_0.005_tree_high_naive_market,welfare_over_optimum,mechanism,0.3390272176951426,NA,NA,NA,NA
exp6_sensitivity,lambda_l_0.005_tree_high_naive_market,tokens_admitted,mechanism,99.112,NA,NA,NA,NA
exp6_sensitivity,lambda_l_0.005_tree_high_naive_market_cc,welfare,mechanism,16.342550102458485,NA,NA,NA,NA
exp6_sensitivity,lambda_l_0.005_tree_high_naive_market_cc,welfare_over_optimum,mechanism,0.1861384383147949,NA,NA,NA,NA
exp6_sensitivity,lambda_l_0.005_tree_high_naive_market_cc,tokens_admitted,mechanism,52.830999999999996,NA,NA,NA,NA
exp6_sensitivity,lambda_l_0.005_tree_high_naive_posted_price,welfare,mechanism,23.49660469430232,NA,NA,NA,NA
exp6_sensitivity,lambda_l_0.005_tree_high_naive_posted_price,welfare_over_optimum,mechanism,0.2674204245825878,NA,NA,NA,NA
exp6_sensitivity,lambda_l_0.005_tree_high_naive_posted_price,tokens_admitted,mechanism,99.918,NA,NA,NA,NA
exp6_sensitivity,lambda_l_0.015_entangled_high_hybrid_noema_greedy_ev,welfare,mechanism,31.124026113814313,NA,NA,NA,NA
exp6_sensitivity,lambda_l_0.015_entangled_high_hybrid_noema_greedy_ev,welfare_over_optimum,mechanism,0.9054346716403716,NA,NA,NA,NA
exp6_sensitivity,lambda_l_0.015_entangled_high_hybrid_noema_greedy_ev,tokens_admitted,mechanism,84.085,NA,NA,NA,NA
exp6_sensitivity,lambda_l_0.015_entangled_high_hybrid_noema_market,welfare,mechanism,24.860360745896436,NA,NA,NA,NA
exp6_sensitivity,lambda_l_0.015_entangled_high_hybrid_noema_market,welfare_over_optimum,mechanism,0.7207368274948571,NA,NA,NA,NA
exp6_sensitivity,lambda_l_0.015_entangled_high_hybrid_noema_market,tokens_admitted,mechanism,57.724,NA,NA,NA,NA
exp6_sensitivity,lambda_l_0.015_entangled_high_hybrid_noema_market_cc,welfare,mechanism,19.627627777868007,NA,NA,NA,NA
exp6_sensitivity,lambda_l_0.015_entangled_high_hybrid_noema_market_cc,welfare_over_optimum,mechanism,0.5744073134830312,NA,NA,NA,NA
exp6_sensitivity,lambda_l_0.015_entangled_high_hybrid_noema_market_cc,tokens_admitted,mechanism,47.747,NA,NA,NA,NA
exp6_sensitivity,lambda_l_0.015_entangled_high_hybrid_noema_posted_price,welfare,mechanism,17.38400382852634,NA,NA,NA,NA
exp6_sensitivity,lambda_l_0.015_entangled_high_hybrid_noema_posted_price,welfare_over_optimum,mechanism,0.5137719144627921,NA,NA,NA,NA
exp6_sensitivity,lambda_l_0.015_entangled_high_hybrid_noema_posted_price,tokens_admitted,mechanism,34.47,NA,NA,NA,NA
exp6_sensitivity,lambda_l_0.015_entangled_high_naive_greedy_ev,welfare,mechanism,0.6294854577109745,NA,NA,NA,NA
exp6_sensitivity,lambda_l_0.015_entangled_high_naive_greedy_ev,welfare_over_optimum,mechanism,0.018314405091075688,NA,NA,NA,NA
exp6_sensitivity,lambda_l_0.015_entangled_high_naive_greedy_ev,tokens_admitted,mechanism,99.894,NA,NA,NA,NA
exp6_sensitivity,lambda_l_0.015_entangled_high_naive_market,welfare,mechanism,18.551258172945506,NA,NA,NA,NA
exp6_sensitivity,lambda_l_0.015_entangled_high_naive_market,welfare_over_optimum,mechanism,0.5229363850701163,NA,NA,NA,NA
exp6_sensitivity,lambda_l_0.015_entangled_high_naive_market,tokens_admitted,mechanism,85.712,NA,NA,NA,NA
exp6_sensitivity,lambda_l_0.015_entangled_high_naive_market_cc,welfare,mechanism,9.35936966999913,NA,NA,NA,NA
exp6_sensitivity,lambda_l_0.015_entangled_high_naive_market_cc,welfare_over_optimum,mechanism,0.265664875623207,NA,NA,NA,NA
exp6_sensitivity,lambda_l_0.015_entangled_high_naive_market_cc,tokens_admitted,mechanism,54.001000000000005,NA,NA,NA,NA
exp6_sensitivity,lambda_l_0.015_entangled_high_naive_posted_price,welfare,mechanism,20.21871290177977,NA,NA,NA,NA
exp6_sensitivity,lambda_l_0.015_entangled_high_naive_posted_price,welfare_over_optimum,mechanism,0.6162208229131336,NA,NA,NA,NA
exp6_sensitivity,lambda_l_0.015_entangled_high_naive_posted_price,tokens_admitted,mechanism,34.229,NA,NA,NA,NA
exp6_sensitivity,lambda_l_0.015_sp_high_hybrid_noema_greedy_ev,welfare,mechanism,0.6219567576876094,NA,NA,NA,NA
exp6_sensitivity,lambda_l_0.015_sp_high_hybrid_noema_greedy_ev,welfare_over_optimum,mechanism,0.031896215097827606,NA,NA,NA,NA
exp6_sensitivity,lambda_l_0.015_sp_high_hybrid_noema_greedy_ev,tokens_admitted,mechanism,49.972,NA,NA,NA,NA
exp6_sensitivity,lambda_l_0.015_sp_high_hybrid_noema_market,welfare,mechanism,6.067817047952909,NA,NA,NA,NA
exp6_sensitivity,lambda_l_0.015_sp_high_hybrid_noema_market,welfare_over_optimum,mechanism,0.2959117647123688,NA,NA,NA,NA
exp6_sensitivity,lambda_l_0.015_sp_high_hybrid_noema_market,tokens_admitted,mechanism,45.677,NA,NA,NA,NA
exp6_sensitivity,lambda_l_0.015_sp_high_hybrid_noema_market_cc,welfare,mechanism,1.0062601874897985,NA,NA,NA,NA
exp6_sensitivity,lambda_l_0.015_sp_high_hybrid_noema_market_cc,welfare_over_optimum,mechanism,0.05179458443488659,NA,NA,NA,NA
exp6_sensitivity,lambda_l_0.015_sp_high_hybrid_noema_market_cc,tokens_admitted,mechanism,25.351,NA,NA,NA,NA
exp6_sensitivity,lambda_l_0.015_sp_high_hybrid_noema_posted_price,welfare,mechanism,12.106794695623854,NA,NA,NA,NA
exp6_sensitivity,lambda_l_0.015_sp_high_hybrid_noema_posted_price,welfare_over_optimum,mechanism,0.6644614856639548,NA,NA,NA,NA
exp6_sensitivity,lambda_l_0.015_sp_high_hybrid_noema_posted_price,tokens_admitted,mechanism,21.574,NA,NA,NA,NA
exp6_sensitivity,lambda_l_0.015_sp_high_naive_greedy_ev,welfare,mechanism,0.6220189047224927,NA,NA,NA,NA
exp6_sensitivity,lambda_l_0.015_sp_high_naive_greedy_ev,welfare_over_optimum,mechanism,0.031897237755647845,NA,NA,NA,NA
exp6_sensitivity,lambda_l_0.015_sp_high_naive_greedy_ev,tokens_admitted,mechanism,49.972,NA,NA,NA,NA
exp6_sensitivity,lambda_l_0.015_sp_high_naive_market,welfare,mechanism,9.929580167550371,NA,NA,NA,NA
exp6_sensitivity,lambda_l_0.015_sp_high_naive_market,welfare_over_optimum,mechanism,0.5414922689812102,NA,NA,NA,NA
exp6_sensitivity,lambda_l_0.015_sp_high_naive_market,tokens_admitted,mechanism,24.266,NA,NA,NA,NA
exp6_sensitivity,lambda_l_0.015_sp_high_naive_market_cc,welfare,mechanism,7.71331388812371,NA,NA,NA,NA
exp6_sensitivity,lambda_l_0.015_sp_high_naive_market_cc,welfare_over_optimum,mechanism,0.4035319106804006,NA,NA,NA,NA
exp6_sensitivity,lambda_l_0.015_sp_high_naive_market_cc,tokens_admitted,mechanism,22.301,NA,NA,NA,NA
exp6_sensitivity,lambda_l_0.015_sp_high_naive_posted_price,welfare,mechanism,0,NA,NA,NA,NA
exp6_sensitivity,lambda_l_0.015_sp_high_naive_posted_price,welfare_over_optimum,mechanism,0,NA,NA,NA,NA
exp6_sensitivity,lambda_l_0.015_sp_high_naive_posted_price,tokens_admitted,mechanism,0,NA,NA,NA,NA
exp6_sensitivity,lambda_l_0.015_tree_high_hybrid_noema_greedy_ev,welfare,mechanism,31.76026257086665,NA,NA,NA,NA
exp6_sensitivity,lambda_l_0.015_tree_high_hybrid_noema_greedy_ev,welfare_over_optimum,mechanism,0.89266885399892415,NA,NA,NA,NA
exp6_sensitivity,lambda_l_0.015_tree_high_hybrid_noema_greedy_ev,tokens_admitted,mechanism,84.085,NA,NA,NA,NA
exp6_sensitivity,lambda_l_0.015_tree_high_hybrid_noema_market,welfare,mechanism,25.273293033852074,NA,NA,NA,NA
exp6_sensitivity,lambda_l_0.015_tree_high_hybrid_noema_market,welfare_over_optimum,mechanism,0.7078993862885234,NA,NA,NA,NA
exp6_sensitivity,lambda_l_0.015_tree_high_hybrid_noema_market,tokens_admitted,mechanism,57.724,NA,NA,NA,NA
exp6_sensitivity,lambda_l_0.015_tree_high_hybrid_noema_market_cc,welfare,mechanism,19.872841947806368,NA,NA,NA,NA
exp6_sensitivity,lambda_l_0.015_tree_high_hybrid_noema_market_cc,welfare_over_optimum,mechanism,0.5618568337932909,NA,NA,NA,NA
exp6_sensitivity,lambda_l_0.015_tree_high_hybrid_noema_market_cc,tokens_admitted,mechanism,47.747,NA,NA,NA,NA
exp6_sensitivity,lambda_l_0.015_tree_high_hybrid_noema_posted_price,welfare,mechanism,17.758106660821902,NA,NA,NA,NA
exp6_sensitivity,lambda_l_0.015_tree_high_hybrid_noema_posted_price,welfare_over_optimum,mechanism,0.5072551515275501,NA,NA,NA,NA
exp6_sensitivity,lambda_l_0.015_tree_high_hybrid_noema_posted_price,tokens_admitted,mechanism,34.47,NA,NA,NA,NA
exp6_sensitivity,lambda_l_0.015_tree_high_naive_greedy_ev,welfare,mechanism,0.8224754296947342,NA,NA,NA,NA
exp6_sensitivity,lambda_l_0.015_tree_high_naive_greedy_ev,welfare_over_optimum,mechanism,0.023027701682933242,NA,NA,NA,NA
exp6_sensitivity,lambda_l_0.015_tree_high_naive_greedy_ev,tokens_admitted,mechanism,99.966,NA,NA,NA,NA
exp6_sensitivity,lambda_l_0.015_tree_high_naive_market,welfare,mechanism,15.170971981167417,NA,NA,NA,NA
exp6_sensitivity,lambda_l_0.015_tree_high_naive_market,welfare_over_optimum,mechanism,0.408409458109489,NA,NA,NA,NA
exp6_sensitivity,lambda_l_0.015_tree_high_naive_market,tokens_admitted,mechanism,83.792,NA,NA,NA,NA
exp6_sensitivity,lambda_l_0.015_tree_high_naive_market_cc,welfare,mechanism,6.203983169641342,NA,NA,NA,NA
exp6_sensitivity,lambda_l_0.015_tree_high_naive_market_cc,welfare_over_optimum,mechanism,0.16745415941230757,NA,NA,NA,NA
exp6_sensitivity,lambda_l_0.015_tree_high_naive_market_cc,tokens_admitted,mechanism,52.507,NA,NA,NA,NA
exp6_sensitivity,lambda_l_0.015_tree_high_naive_posted_price,welfare,mechanism,16.787762357635085,NA,NA,NA,NA
exp6_sensitivity,lambda_l_0.015_tree_high_naive_posted_price,welfare_over_optimum,mechanism,0.4723553019840934,NA,NA,NA,NA
exp6_sensitivity,lambda_l_0.015_tree_high_naive_posted_price,tokens_admitted,mechanism,38.988,NA,NA,NA,NA
